date,tx,sales,litres,ge60,eq60,b2b,b2b_sales,dur,partial,b0,b1,b2,b3,b4,b5,h00,h01,h02,h03,h04,h05,h06,h07,h08,h09,h10,h11,h12,h13,h14,h15,h16,h17,h18,h19,h20,h21,h22,h23,hs00,hs01,hs02,hs03,hs04,hs05,hs06,hs07,hs08,hs09,hs10,hs11,hs12,hs13,hs14,hs15,hs16,hs17,hs18,hs19,hs20,hs21,hs22,hs23,g91_tx,g91_sales,g91_litres,g95_tx,g95_sales,g95_litres,diesel_tx,diesel_sales,diesel_litres,cash_tx,cash_sales,visa_tx,visa_sales,network_tx,network_sales,syarah_tx,syarah_sales,petro_tx,petro_sales,smartcard_tx,smartcard_sales,other_tx,other_sales
2026-01-01,4567,293071.52,138241.1,1760,71,19,1602.44,95.9,0,398,1253,1156,460,404,896,167,109,71,90,79,85,169,213,170,160,193,169,188,183,235,259,287,281,272,242,276,266,228,175,9832.7,4906.1,3481.2,6203.0,4544.7,4818.8,12867.7,13226.0,17091.0,11519.4,12948.7,10006.5,12619.4,12739.4,14711.8,17818.3,18227.5,17727.5,16054.9,14878.8,16829.8,14897.5,13801.7,11319.1,2188,108274.16,49434.4,1726,108042.98,46166.7,653,76754.38,42640.0,2550,162006.9,1998,129462.18,0,0.0,0,0.0,19,1602.44,0,0.0,0,0.0
2026-01-02,3735,249142.81,117526.1,1587,56,19,1918.12,99.0,0,319,903,926,419,389,779,218,169,148,91,85,56,60,89,92,64,60,61,73,162,194,229,297,275,263,234,227,213,197,178,13446.0,10260.5,9580.1,4904.8,5943.5,3829.0,4524.4,5837.1,7826.9,5600.5,4266.5,4792.9,4755.3,10811.0,13447.0,17552.6,21112.1,19125.6,18121.5,17037.4,11871.6,11679.1,12585.8,10231.7,1744,90328.33,41241.4,1449,93128.81,39793.8,542,65685.67,36490.9,2154,140698.03,1562,106526.66,0,0.0,0,0.0,17,1878.12,2,40.0,0,0.0
2026-01-03,3800,255563.87,122381.3,1546,55,23,1407.5,96.8,0,341,977,936,403,350,793,206,153,116,97,73,53,85,111,141,138,150,100,156,128,182,184,231,247,238,227,243,221,166,154,10880.9,7924.7,7505.7,4772.0,4956.8,2635.2,7090.7,9053.5,15001.3,13765.5,11845.5,7429.2,11599.1,8291.5,15062.5,13187.7,13450.6,15840.7,13815.0,15021.9,14104.9,13373.7,10068.0,8887.5,1759,87395.13,39901.8,1380,85345.02,36468.0,661,82823.72,46011.5,2240,152645.4,1537,101510.97,0,0.0,0,0.0,23,1407.5,0,0.0,0,0.0
2026-01-04,3960,255700.68,121980.2,1498,55,33,3769.96,94.8,0,371,1062,1029,392,348,758,160,101,80,65,50,62,174,248,185,169,152,182,187,179,212,184,227,222,207,182,191,183,220,138,9662.3,5007.5,4456.5,4166.5,3227.3,3533.1,11286.1,15252.5,17654.9,13233.2,9957.6,11982.6,11476.3,12925.2,16098.0,14037.7,13514.3,14060.3,11906.6,10353.5,11005.2,11263.9,12588.8,7050.9,1894,90994.07,41544.7,1427,86279.85,36866.8,639,78426.76,43568.7,2322,151215.1,1605,100715.62,0,0.0,0,0.0,32,3719.96,1,50.0,0,0.0
2026-01-05,3873,249311.7,119480.0,1415,45,33,3054.38,94.7,0,410,1050,998,340,344,731,163,95,56,69,66,64,148,188,165,164,151,153,185,153,193,182,230,258,204,203,186,225,212,160,8840.4,5395.4,3923.3,3936.1,3685.4,4257.4,10437.2,11659.5,16742.5,13194.5,10645.1,11387.7,11276.3,9837.4,14718.3,12501.1,15320.0,14677.3,11831.3,11815.8,9423.2,12284.6,12158.1,9363.9,1731,80592.41,36795.6,1456,86125.67,36800.7,686,82593.62,45883.7,2339,151641.54,1501,94615.78,0,0.0,0,0.0,33,3054.38,0,0.0,0,0.0
2026-01-06,4020,260025.02,124598.2,1509,53,17,1850.51,96.2,0,387,1058,1066,366,352,791,205,112,74,52,50,64,135,201,199,159,186,175,175,157,187,200,232,256,213,202,217,214,200,155,11165.0,6417.2,4916.6,3092.4,2972.8,4318.8,8047.5,14038.1,20504.4,12946.1,11395.9,10821.1,10054.4,9734.8,13776.2,14198.1,13810.9,18415.1,11725.0,12552.0,11509.7,12356.9,12182.9,9073.4,1854,86637.05,39555.2,1444,87959.99,37584.7,722,85427.98,47458.2,2320,152244.28,1683,105930.23,0,0.0,0,0.0,17,1850.51,0,0.0,0,0.0
2026-01-07,4008,272887.56,132000.6,1522,56,32,2733.87,100.4,0,394,1080,1012,363,349,810,161,100,59,65,41,71,149,210,195,185,193,154,192,203,194,194,243,248,252,173,143,213,210,160,9978.7,5122.0,2868.6,3670.0,2187.8,3747.1,10377.9,14487.1,19999.7,16187.5,14232.6,11992.9,14879.5,13528.5,14347.3,15619.2,14261.5,13517.6,16330.6,12110.1,8087.7,12346.7,13206.6,9800.5,1943,94165.93,42992.9,1344,80148.3,34246.7,721,98573.33,54761.0,2407,168861.27,1569,101292.42,0,0.0,0,0.0,32,2733.87,0,0.0,0,0.0
2026-01-08,4584,308381.41,146821.2,1885,62,27,3290.38,100.7,0,391,1160,1148,474,440,971,187,107,89,64,65,64,149,207,157,189,190,164,190,182,224,247,273,288,281,253,296,261,259,198,10071.6,6294.1,4731.9,6020.9,4353.9,3690.4,9788.2,13295.0,17465.2,12979.8,12071.4,11500.7,14971.9,12354.4,16977.1,19952.2,17886.4,19638.2,18216.6,14332.2,17902.3,15120.9,15813.1,12953.1,2111,104785.29,47841.6,1712,110151.19,47067.6,761,93444.93,51912.0,2744,177516.83,1813,127574.2,0,0.0,0,0.0,27,3290.38,0,0.0,0,0.0
2026-01-09,4123,272401.78,129317.0,1619,66,24,3126.57,99.9,0,369,1089,1046,386,362,871,239,171,178,127,98,74,76,103,101,68,77,86,78,194,232,252,269,308,287,233,237,231,218,186,14338.0,10973.4,9980.2,7364.0,6532.8,5119.7,6368.0,8192.6,6500.9,6540.7,6541.9,4989.7,5722.3,12449.2,17515.0,19845.7,18808.9,23247.8,18627.9,13949.0,14818.9,12270.8,12599.8,9104.6,1903,94986.98,43368.0,1584,98342.45,42021.3,636,79072.35,43927.6,2324,148367.42,1775,120907.79,0,0.0,0,0.0,24,3126.57,0,0.0,0,0.0
2026-01-10,4294,296834.02,142510.0,1778,54,31,6195.01,101.2,0,362,1104,1050,440,403,935,225,166,123,111,108,67,107,157,133,127,156,135,157,190,193,232,258,293,240,241,228,237,227,183,13343.9,9191.9,6749.1,7407.2,5561.6,4215.2,9325.0,11313.9,14663.8,11780.0,12432.6,10354.6,12029.3,14992.8,16212.3,18183.1,18614.8,19989.8,15741.1,15729.0,13547.3,13438.7,11798.3,10219.0,1934,95478.9,43592.7,1564,100929.34,43127.2,796,100425.78,55790.2,2640,178479.77,1623,112159.24,0,0.0,0,0.0,31,6195.01,0,0.0,0,0.0
2026-01-11,4708,314804.58,149453.7,1897,52,36,4014.83,98.3,0,408,1164,1239,431,425,1041,214,166,102,97,90,64,170,171,176,184,175,178,178,210,232,240,307,339,275,273,270,255,178,164,12448.7,8786.3,6029.8,6679.3,4463.6,4443.8,12772.8,12810.4,16751.3,14900.0,12495.3,12001.7,11935.8,13762.0,18399.1,18414.1,20457.4,22115.6,17132.0,16295.8,16314.4,14908.8,11824.8,8661.9,2190,113578.39,51856.7,1747,110661.98,47285.5,771,90564.21,50311.6,2596,172321.84,2074,138284.9,1,133.01,0,0.0,35,3964.83,1,50.0,1,50.0
2026-01-12,4379,300917.8,144195.9,1823,56,36,5301.43,101.4,0,350,1086,1120,458,414,951,210,137,106,95,95,77,130,174,157,151,132,180,182,205,238,227,258,284,265,236,230,219,196,195,12379.2,7996.9,6456.1,5336.4,5651.7,4991.7,10832.6,13261.5,16737.5,13443.8,9104.2,14343.6,12803.5,14084.4,16337.1,19869.7,16640.0,19053.4,18071.2,13683.8,13108.4,12595.4,13226.5,10909.3,2014,104841.65,47867.8,1587,98250.38,41982.3,778,97825.77,54345.8,2555,177543.7,1788,118072.67,0,0.0,0,0.0,34,5096.04,2,205.39,0,0.0
2026-01-13,4384,293842.8,139704.5,1765,57,24,3606.01,100.7,0,386,1096,1137,425,403,937,206,121,106,74,78,78,120,140,163,170,182,164,160,193,245,229,267,308,286,237,247,217,230,163,12868.6,6292.2,5674.8,4534.4,4100.0,4317.8,8897.6,9254.7,17928.5,13043.4,13928.5,11868.4,11580.4,13857.3,19748.3,16857.9,17024.7,20525.9,17293.7,13325.5,15366.9,11360.5,14530.5,9662.5,2018,103187.28,47112.4,1635,103898.67,44395.6,731,86756.85,48196.5,2650,173173.64,1710,117063.15,0,0.0,0,0.0,24,3606.01,0,0.0,0,0.0
2026-01-14,4553,311474.16,149324.4,1818,64,38,7647.2,104.1,0,456,1141,1138,427,383,1008,226,145,108,90,70,79,142,191,183,185,170,138,173,185,223,262,258,332,298,229,242,244,208,172,13505.7,8405.9,5231.1,4919.9,3346.0,5387.4,11517.4,14385.0,17763.9,15399.7,14597.3,11655.8,14138.7,11496.8,20010.0,19909.3,16978.7,20978.1,19083.9,16095.3,12855.4,13404.7,11051.1,9356.7,2089,102002.68,46570.9,1657,106174.58,45368.4,807,103296.9,57385.1,2741,183772.25,1774,120054.71,0,0.0,0,0.0,38,7647.2,0,0.0,0,0.0
2026-01-15,4644,318008.53,152569.6,1901,68,31,4245.76,101.1,0,418,1182,1143,450,407,1044,205,143,122,90,79,61,133,140,176,171,181,190,186,172,217,232,284,298,281,276,290,269,259,189,12189.9,7961.2,7134.5,6297.0,5174.1,3600.6,10101.3,9023.9,18011.4,14667.4,13477.6,15641.5,13022.8,12519.1,19155.1,17983.0,18921.0,18943.1,16740.4,16251.4,20119.8,15741.1,15795.8,9535.7,2164,107846.54,49239.3,1638,104667.84,44724.6,842,105494.15,58605.7,2926,202481.55,1686,111151.21,1,130.01,0,0.0,31,4245.76,0,0.0,0,0.0
2026-01-16,4293,280295.11,132296.9,1743,62,23,3105.03,97.1,0,397,1071,1082,454,399,890,241,182,137,151,99,61,111,129,89,65,78,73,84,195,220,304,291,316,270,273,250,244,227,203,13382.4,11340.0,9179.9,10391.3,6382.3,3502.4,6869.1,8021.1,5666.3,4742.3,6625.3,5342.5,6243.7,11956.5,16722.1,22377.6,21219.7,22089.9,17999.5,16331.3,15077.6,14224.5,13162.2,11445.9,2005,103315.29,47170.8,1641,102876.65,43959.1,647,74103.17,41167.0,2634,168848.15,1636,108341.93,0,0.0,0,0.0,23,3105.03,0,0.0,0,0.0
2026-01-17,4384,295989.88,141770.0,1751,55,32,4659.93,99.1,0,397,1073,1163,438,399,914,221,172,133,114,94,62,104,153,144,151,167,143,175,164,202,222,265,288,227,240,260,257,252,174,12544.6,9593.9,7401.1,6354.3,5764.9,3825.5,9100.6,11131.3,14183.3,15199.3,12844.4,10662.8,12115.2,11442.1,17166.1,17022.0,17014.6,18684.9,13320.9,14909.8,17242.7,14566.2,13411.8,10487.7,1995,98928.9,45168.1,1604,100378.99,42891.7,785,96681.99,53710.2,2754,183957.71,1598,107372.24,0,0.0,0,0.0,31,4559.93,1,100.0,0,0.0
2026-01-18,4221,278432.25,133660.5,1612,59,29,3359.23,95.5,0,377,1152,1080,386,370,856,203,121,94,61,72,83,179,270,228,174,175,177,191,177,221,197,247,234,216,201,177,206,162,155,12674.6,6656.0,5196.9,4084.1,3951.6,4577.6,11409.6,17404.0,18254.0,16955.1,16179.4,12314.2,12352.8,11147.4,14102.3,13445.8,15407.8,13997.7,13626.1,12152.6,10713.0,13708.4,10109.4,8011.9,1984,94899.83,43327.7,1485,90655.31,38736.4,752,92877.11,51596.5,2679,177512.1,1512,97503.05,1,57.87,0,0.0,28,3339.23,1,20.0,0,0.0
2026-01-19,4188,265911.51,127814.3,1559,67,34,5159.52,93.4,0,423,1174,1032,381,359,819,123,114,89,70,60,60,147,276,225,163,182,159,196,164,225,218,229,257,197,224,211,224,218,157,7001.4,6716.3,4096.8,3967.0,3337.4,4333.1,8739.5,15029.8,19566.8,13588.1,12593.2,10455.7,12329.7,10627.9,16727.9,16000.7,13277.6,17037.0,11481.2,14013.8,11849.2,12434.8,12422.6,8283.8,1917,88455.33,40385.2,1509,86973.58,37162.9,762,90482.6,50266.1,2674,168403.35,1480,92348.64,0,0.0,0,0.0,34,5159.52,0,0.0,0,0.0
2026-01-20,4141,269117.62,129925.4,1532,53,38,5014.6,93.7,0,398,1175,1036,393,375,764,157,112,79,46,58,61,165,248,206,166,145,152,187,182,238,224,211,263,248,199,225,211,161,197,9540.3,6853.7,3653.7,2136.1,4717.6,3113.7,9994.2,13526.7,15595.5,15784.4,10422.1,13122.2,11650.5,11388.0,15143.7,14211.7,14380.3,17089.2,14619.6,11766.5,15104.2,12841.3,10368.4,12094.0,1949,91040.58,41565.6,1425,82405.92,35211.1,767,95671.12,53148.7,2553,166925.74,1549,97167.28,0,0.0,0,0.0,37,4994.6,1,20.0,1,10.0
2026-01-21,4456,291476.83,140450.0,1687,65,39,5176.07,96.2,0,420,1242,1107,417,351,919,172,99,102,57,60,67,164,243,209,210,192,169,229,191,244,237,250,255,249,233,229,205,198,192,10730.5,5549.4,5534.5,3614.5,4899.1,4386.7,9954.9,12919.9,18412.8,14899.4,13843.3,10366.4,16156.3,11267.1,18356.9,15821.6,19692.1,17448.5,16149.0,13463.9,14819.9,11733.0,10715.6,10741.8,2021,94712.59,43242.0,1596,94363.17,40320.7,839,102401.07,56887.3,2741,180597.47,1676,105703.29,0,0.0,0,0.0,39,5176.07,0,0.0,0,0.0
2026-01-22,4613,295370.14,142252.2,1676,68,40,7429.11,95.4,0,455,1303,1179,408,396,872,184,120,90,72,57,94,156,246,190,174,197,135,223,193,238,240,270,296,253,235,265,254,224,207,11012.9,6863.5,4673.7,4141.2,2866.3,5154.9,8297.2,15108.2,16267.3,13549.1,13586.9,10131.9,15905.3,11416.5,17520.8,18528.2,16505.3,18976.1,14698.7,14901.6,15198.3,14933.3,12607.0,12525.9,2125,98990.62,45195.4,1645,93870.93,40110.0,843,102508.59,56946.9,2925,183983.27,1648,103957.76,0,0.0,0,0.0,39,7304.1,1,125.01,0,0.0
2026-01-23,3983,264708.35,127305.7,1445,50,45,8445.26,95.5,0,394,1063,1081,331,308,806,232,162,138,97,80,69,75,103,86,77,72,78,77,135,192,290,273,324,238,258,235,252,242,198,14687.2,8944.5,7962.7,8054.7,4717.1,4983.5,3466.7,5594.7,8893.9,7394.7,5169.7,5008.2,6376.1,8761.0,14876.2,21717.3,22012.6,20848.5,14661.9,16827.9,13385.7,14879.9,13842.0,11641.6,1793,84821.41,38726.5,1518,88536.78,37830.7,672,91350.16,50748.5,2481,162005.44,1457,94257.65,0,0.0,0,0.0,44,8359.78,1,85.48,0,0.0
2026-01-24,4367,285056.3,137585.5,1632,55,54,8337.22,94.9,0,458,1182,1095,394,376,862,238,191,145,115,84,72,116,160,161,161,169,135,167,187,183,212,266,291,233,209,225,240,217,190,13202.4,10336.5,7095.8,5811.0,4573.8,4317.8,8690.9,11225.7,17712.4,13891.7,11394.2,9191.7,14215.1,13066.1,15943.0,16705.0,17006.4,16575.7,12042.7,10629.7,13708.5,12894.7,14303.8,10521.7,2007,94403.37,43101.1,1540,89124.56,38082.0,820,101528.37,56402.4,2845,183464.71,1468,93254.37,0,0.0,0,0.0,54,8337.22,0,0.0,0,0.0
2026-01-25,4329,276319.79,132766.5,1590,66,37,5725.72,94.6,0,432,1214,1093,397,389,804,203,103,88,49,67,61,161,285,222,189,173,198,197,204,225,222,225,240,242,204,221,206,185,159,10517.6,5095.4,4644.5,2204.4,4263.3,3253.5,10380.5,17543.5,20722.3,14680.4,12386.7,12449.6,12829.8,12679.4,16000.6,14849.9,13966.1,13741.6,14968.7,13673.2,14470.4,10814.2,10742.0,9442.5,1993,91943.16,41977.3,1572,90749.74,38776.3,764,93626.89,52012.9,2666,171665.57,1626,98928.5,0,0.0,0,0.0,36,5675.72,1,50.0,0,0.0
2026-01-26,4280,271148.27,130712.8,1518,68,37,6222.03,95.0,0,425,1222,1115,374,321,823,161,101,71,56,70,57,167,268,239,138,167,185,200,182,263,238,272,273,220,215,211,209,171,146,8880.7,7464.7,3877.7,3331.0,3752.0,3871.8,9849.2,14826.3,20846.4,10913.3,14454.7,12556.1,12514.1,10079.6,17917.0,17550.5,16150.1,15660.6,12206.1,10937.1,11835.6,12917.2,9661.4,9095.1,1988,93009.02,42464.4,1482,83540.09,35695.5,810,94599.16,52553.0,2609,162997.13,1634,101929.11,0,0.0,0,0.0,37,6222.03,0,0.0,0,0.0
2026-01-27,4951,337180.16,160525.9,2077,67,55,10042.24,99.2,0,427,1271,1176,471,490,1116,182,122,96,86,72,80,183,298,261,215,176,203,231,221,259,267,279,308,253,254,271,260,212,162,9700.6,8248.7,5778.7,6532.3,4484.9,6028.1,13926.7,18971.9,22266.8,18207.1,12781.4,15942.2,17121.8,14569.2,18607.0,21693.7,18055.1,19141.2,14842.1,14139.6,17834.9,16061.8,14249.5,7994.8,2309,115659.55,52806.4,1817,119648.16,51125.9,825,101872.45,56593.6,2717,178091.28,2178,148996.64,1,50.0,0,0.0,55,10042.24,0,0.0,0,0.0
2026-01-28,4615,311093.68,149274.2,1807,68,49,6496.15,97.8,0,430,1236,1142,405,389,1013,200,130,68,81,54,70,171,292,220,187,188,192,190,192,247,226,260,305,282,255,219,191,220,175,12328.9,8594.0,5252.6,5022.2,3568.0,3417.3,10234.3,16742.9,23559.0,13885.4,16606.2,13172.9,11920.6,12543.1,17691.2,18962.6,16819.3,18284.2,16630.2,15532.0,13096.8,11738.7,14518.4,10973.0,2170,104437.79,47682.2,1653,103032.51,44025.5,792,103623.38,57566.4,2663,181348.78,1903,123248.75,0,0.0,0,0.0,49,6496.15,0,0.0,0,0.0
2026-01-29,4973,326399.93,155452.5,1921,73,52,8287.57,96.4,0,464,1310,1278,456,428,1037,217,179,84,83,61,58,160,203,168,187,189,154,249,207,236,279,300,326,296,293,278,299,248,219,12679.3,10893.2,5425.0,4911.1,3716.6,4111.2,9793.5,12779.2,14269.8,13664.4,14916.4,9883.5,16969.3,13651.0,20244.2,20669.8,21667.0,20396.6,18650.8,17606.6,15822.2,17730.9,14138.2,11810.1,2345,113905.65,52005.0,1797,113855.93,48650.5,831,98638.35,54797.0,2855,183977.73,2066,134134.63,0,0.0,0,0.0,49,8167.57,3,120.0,0,0.0
2026-01-30,4140,273478.9,130378.3,1670,61,44,7497.02,97.1,0,353,1070,1047,451,382,837,246,161,144,104,81,72,82,102,89,80,70,89,62,174,234,266,257,313,271,279,265,282,223,194,15068.0,8645.9,9351.9,7255.7,4233.4,4775.5,4598.4,7234.0,6290.3,6133.2,5754.6,7077.6,5228.9,11774.3,18396.5,20111.7,19997.9,22178.9,16026.3,16010.8,15098.6,16828.6,13920.6,11487.2,1898,93838.15,42843.7,1542,95619.7,40858.2,700,84021.05,46676.5,2387,150547.2,1709,115434.68,0,0.0,0,0.0,43,7467.02,1,30.0,0,0.0
2026-01-31,4413,306864.53,148202.6,1757,56,61,13421.57,100.6,0,383,1165,1108,414,403,940,223,201,153,113,85,62,95,134,155,137,137,161,160,185,208,209,259,295,235,282,247,276,217,184,12978.9,12692.1,7777.3,7503.6,6068.6,4280.1,8785.0,8869.9,18475.5,12736.0,11369.4,14004.6,11312.2,12407.3,15648.5,16602.5,17165.9,19414.1,16590.5,16699.5,14856.0,16636.2,12862.9,11128.0,2041,101185.02,46197.6,1539,95583.32,40842.7,833,110096.19,61162.4,2507,173165.3,1845,120277.66,0,0.0,0,0.0,60,13371.57,1,50.0,0,0.0
2026-02-01,4799,316299.84,150977.4,1882,72,47,7555.4,97.6,0,389,1251,1277,482,438,962,173,135,93,96,73,68,193,304,239,202,177,177,242,224,238,228,241,293,260,261,252,246,219,165,10121.3,8169.8,6047.4,6525.7,4616.7,4707.4,13595.9,18925.6,22800.6,15274.0,12308.8,12305.2,16598.6,13430.8,16286.6,17038.3,14349.5,16692.2,15713.1,17638.3,16428.6,15285.7,11967.6,9472.3,2230,108976.32,49754.8,1772,108799.73,46489.3,797,98523.79,54733.3,2580,169523.0,2172,139221.44,0,0.0,0,0.0,46,7525.4,1,30.0,0,0.0
2026-02-02,4676,315030.18,151053.5,1859,71,51,10510.58,100.5,0,406,1195,1216,434,417,1008,199,116,92,53,77,84,190,295,246,189,176,188,212,215,251,258,237,294,244,229,217,222,193,199,12557.9,6874.1,5326.3,3105.9,5124.1,4902.7,11736.2,18378.4,21743.1,14137.7,13382.1,14113.1,14478.5,14269.7,17752.6,20022.6,15179.1,18574.5,15304.1,14467.7,15710.6,13491.0,11960.8,12437.2,2226,109522.83,50004.3,1633,102287.54,43707.1,817,103219.81,57342.1,2617,171347.79,2008,133171.81,0,0.0,0,0.0,51,10510.58,0,0.0,0,0.0
2026-02-03,4675,307447.78,147578.9,1834,68,64,13958.01,97.5,0,425,1224,1192,445,447,942,200,147,78,62,61,67,201,275,224,195,188,187,196,218,231,227,271,276,227,247,226,237,244,190,12145.5,9062.3,4315.4,3871.6,3370.8,4476.8,12515.4,14794.9,19876.9,15054.7,12314.2,14628.1,13851.7,16443.1,15605.3,15308.9,16512.6,17788.6,16452.5,15154.5,13865.0,14145.0,14751.6,11142.4,2216,107120.01,48907.3,1616,98387.08,42040.3,843,101940.69,56631.4,2566,160520.02,2045,132969.75,0,0.0,0,0.0,64,13958.01,0,0.0,0,0.0
2026-02-04,4117,241410.41,112783.7,1484,71,25,3818.02,89.6,0,381,1136,1116,413,323,748,164,124,98,63,71,83,178,134,185,171,153,146,229,161,152,228,218,262,216,231,240,233,221,156,9117.7,8041.0,4690.0,3965.7,5321.9,5402.5,10282.9,7999.8,12991.2,9171.7,8999.7,8912.9,13481.6,9547.6,9506.8,13810.1,13568.8,15590.2,11933.7,13580.4,12226.2,13006.3,11745.8,8516.2,1978,95522.33,43612.1,1553,92587.1,39561.6,586,53300.98,29610.1,2436,131130.7,1655,106361.69,0,0.0,0,0.0,24,3768.02,1,50.0,1,100.0
2026-02-05,4757,282645.24,131476.3,1782,66,29,2498.96,90.8,0,402,1260,1313,461,470,851,176,133,101,68,69,75,162,230,166,179,159,188,205,204,251,237,245,324,283,283,272,257,269,221,9215.9,7244.6,5289.5,3872.4,3765.6,4199.4,8238.5,12583.3,9327.9,10497.8,9249.2,12276.6,11989.6,11664.8,16164.0,15112.4,15160.3,22746.8,17257.1,17233.4,16191.6,14762.4,15191.3,13410.8,2307,114214.07,52146.4,1807,111032.94,47443.6,643,57398.23,31886.3,2882,158945.13,1845,121151.15,1,50.0,0,0.0,28,2468.96,1,30.0,0,0.0
2026-02-06,4174,275898.03,130575.0,1655,63,39,7966.97,97.4,0,346,1069,1104,413,367,875,246,169,151,121,96,77,90,97,120,101,87,75,87,174,226,262,249,292,273,292,253,220,191,225,14025.8,9345.6,9647.9,8516.4,6788.0,4745.9,5471.8,7129.3,9360.8,5609.2,6596.1,5732.8,5815.2,10997.8,16374.9,22002.7,21000.7,22133.5,16640.2,18615.0,15069.4,12335.7,9972.0,11971.4,1884,93461.99,42671.7,1661,104851.88,44802.7,629,77584.16,43100.6,2258,145056.8,1877,122874.26,0,0.0,0,0.0,39,7966.97,0,0.0,0,0.0
2026-02-07,4523,303290.93,144610.5,1839,85,46,9711.11,98.8,0,378,1106,1200,485,420,934,205,159,127,109,102,54,93,159,156,155,167,156,187,178,226,221,270,307,248,275,280,245,252,192,10376.9,8635.6,6100.3,6255.0,4712.6,3064.7,6139.2,10518.0,17153.6,13180.6,12415.8,12029.2,12911.7,11893.3,16068.3,18633.7,17065.7,20269.5,16976.4,18999.0,16830.6,17750.2,15157.3,10153.7,2125,105241.18,48049.6,1644,104981.09,44858.1,754,93068.66,51702.8,2568,163635.43,1909,129944.39,0,0.0,0,0.0,46,9711.11,0,0.0,0,0.0
2026-02-08,4620,292152.77,139006.6,1728,58,24,4778.63,95.8,0,435,1263,1194,426,428,874,189,134,83,70,70,94,178,282,210,183,167,190,217,208,253,234,239,235,229,263,252,253,227,160,11491.2,6400.6,4513.4,4862.0,4898.3,6028.2,10807.1,18262.6,16034.7,13743.6,10589.5,12184.6,15198.3,11642.5,16915.6,15893.6,14245.4,15922.1,14613.7,16369.5,14493.3,14574.4,13872.8,8595.8,2185,101699.43,46432.0,1673,103155.55,44077.9,762,87297.79,48496.7,2625,162685.38,1971,124688.76,0,0.0,0,0.0,24,4778.63,0,0.0,0,0.0
2026-02-09,4557,290139.71,138838.0,1702,67,49,10429.37,97.4,0,448,1227,1180,428,379,895,192,113,81,71,75,87,167,283,200,190,208,198,199,216,209,226,229,260,220,229,240,248,247,169,11273.9,6537.9,4713.0,3828.1,4626.3,5258.0,8568.2,17567.6,17851.6,14115.7,15496.3,13215.0,12861.7,14298.3,12228.3,16358.6,14700.5,14742.9,14303.8,12975.1,14528.2,16661.0,13992.2,9437.6,2107,99664.27,45502.8,1657,97316.71,41582.5,793,93158.73,51752.7,2629,159445.89,1879,120264.45,0,0.0,0,0.0,49,10429.37,0,0.0,0,0.0
2026-02-10,4730,303334.43,143887.2,1813,82,44,9348.43,99.5,0,374,1241,1302,478,405,930,189,143,85,76,71,90,175,305,219,190,189,177,206,184,238,229,253,288,278,272,255,250,197,171,10115.4,7356.0,5368.0,5525.4,5344.1,5162.5,11139.0,17626.9,18381.4,15070.4,12130.3,11151.6,12883.8,10194.1,15748.1,15405.3,16123.4,19922.4,17983.8,17473.3,15469.4,14861.8,13036.0,9862.1,2169,104605.53,47759.1,1802,111293.09,47554.7,759,87435.81,48573.5,2496,153807.72,2190,140178.28,0,0.0,0,0.0,44,9348.43,0,0.0,0,0.0
2026-02-11,4766,322105.83,155354.9,1846,79,67,17076.57,102.5,0,421,1220,1279,447,421,978,181,128,85,68,87,90,187,282,218,191,178,174,222,201,212,242,248,314,257,243,236,251,260,211,11854.2,7605.9,4808.3,4640.3,7189.3,6752.5,11379.7,19758.6,20261.8,15325.5,12619.4,12256.8,15542.0,12932.1,15497.2,19997.5,15265.6,19778.6,14066.0,15106.4,14982.6,15751.2,16231.2,12503.2,2205,104606.74,47759.6,1677,103187.03,44091.0,884,114312.06,63504.2,3039,194652.31,1660,110376.95,0,0.0,0,0.0,67,17076.57,0,0.0,0,0.0
2026-02-12,5012,329148.65,156812.0,1945,83,58,16164.02,99.7,0,450,1309,1308,479,436,1030,205,160,98,75,73,77,153,242,190,198,192,185,226,175,202,248,284,320,283,293,321,293,284,235,12417.7,10003.4,5240.9,4506.4,6730.3,5642.4,9841.7,17771.6,17015.6,16191.8,12902.6,12740.4,14052.3,9193.4,12466.2,16861.5,19088.6,21265.1,17503.9,18866.4,20081.9,17950.8,17895.6,12918.1,2329,112880.92,51537.7,1882,115954.1,49546.7,801,100313.63,55727.7,2792,176052.81,2162,136931.82,0,0.0,0,0.0,58,16164.02,0,0.0,0,0.0
2026-02-13,4437,297802.0,142369.9,1736,71,40,9999.49,99.4,0,375,1165,1161,432,404,900,251,190,142,131,99,82,82,123,92,103,101,72,89,159,228,268,291,345,264,307,274,276,256,212,16107.4,9384.2,10054.7,9604.0,8917.5,6105.8,4319.9,9189.5,9423.3,6723.6,8067.4,6248.2,5296.0,10126.8,14695.9,18838.2,24165.6,23167.9,17143.8,20546.8,16120.6,16437.5,15453.4,11664.3,2126,104122.29,47538.7,1632,99538.83,42532.3,679,94140.88,52298.9,2536,167258.3,1861,120544.21,0,0.0,0,0.0,40,9999.49,0,0.0,0,0.0
2026-02-14,4761,310722.55,148082.8,1916,93,51,13345.71,99.5,0,450,1157,1238,497,479,940,254,206,159,130,120,94,112,148,129,148,158,166,173,180,195,240,277,342,270,285,247,276,274,178,17090.7,11564.7,9249.1,8273.7,7700.8,6443.0,7951.4,10877.1,12801.3,12384.2,12417.1,11530.4,12165.1,11649.8,13523.5,16211.0,17029.8,20160.4,16578.8,16948.0,14282.2,16979.2,17169.9,9741.6,2183,105239.26,48048.5,1753,110094.5,47042.8,825,95388.79,52991.5,2845,174063.75,1865,123313.09,0,0.0,0,0.0,51,13345.71,0,0.0,0,0.0
2026-02-15,4612,300783.19,144873.4,1749,85,45,10839.25,100.0,0,398,1216,1249,434,419,896,223,178,123,76,82,74,169,274,234,204,189,156,210,224,227,230,251,282,195,153,145,248,258,207,12463.6,13106.9,8063.6,4494.5,6652.4,4632.7,10205.5,17016.3,17389.5,17902.6,13921.5,10147.5,14144.0,14640.4,15073.7,17528.9,17684.1,17757.8,12031.2,8836.9,8054.3,13487.7,14382.2,11165.4,2225,105278.55,48065.9,1520,92029.28,39323.5,867,103475.36,57483.9,2743,175712.54,1824,114231.4,0,0.0,0,0.0,45,10839.25,0,0.0,0,0.0
2026-02-16,5110,327946.91,157431.2,1941,73,50,11766.57,100.9,0,471,1365,1333,450,480,1011,204,140,77,81,67,96,211,282,219,198,201,209,239,228,263,261,267,321,276,239,261,294,251,225,11432.0,7875.8,4567.0,7137.4,4928.3,6858.7,10937.7,15985.0,17929.8,16971.4,13044.4,13813.2,16620.9,14087.6,17394.7,18478.0,17671.4,20657.2,18144.6,13135.5,15551.1,17844.3,14036.0,12844.8,2364,110777.19,50576.4,1815,107530.57,45946.7,931,109639.15,60908.2,3140,193073.94,1920,123106.4,0,0.0,0,0.0,50,11766.57,0,0.0,0,0.0
2026-02-17,5118,325919.64,156683.4,1861,79,50,14012.71,100.5,0,488,1403,1366,462,425,974,210,156,147,72,79,81,181,302,235,192,188,223,215,213,252,251,249,314,283,262,234,295,262,222,12144.3,8463.2,8838.9,5046.8,4860.8,6347.9,9252.3,17407.1,18466.9,14666.7,13139.7,13163.2,14198.7,13148.9,17993.2,17616.5,16439.3,20083.7,16162.7,15559.5,14592.6,17918.5,17581.0,12827.6,2374,110301.5,50359.2,1813,104945.89,44842.2,931,110672.25,61482.1,3151,191168.64,1916,120728.29,0,0.0,0,0.0,50,14012.71,0,0.0,1,10.0
2026-02-18,3903,262005.26,127559.6,1569,61,55,10679.14,100.0,0,368,1049,917,353,405,811,238,196,125,90,73,52,58,78,150,150,104,155,160,172,225,199,202,255,83,183,203,262,256,234,13542.7,10715.1,7688.2,7065.4,5562.5,4691.9,5076.0,6887.2,11844.7,11337.5,10268.8,11726.8,10606.5,11086.1,15538.4,13119.0,13681.4,17152.4,5224.4,11622.9,10794.6,16660.3,16993.9,13118.8,1770,84705.04,38673.1,1286,74935.82,32019.2,847,102364.4,56867.2,2470,158942.97,1378,92383.15,0,0.0,0,0.0,55,10679.14,0,0.0,0,0.0
2026-02-19,4470,314131.22,153445.7,1832,73,63,17130.54,104.4,0,361,1114,1163,451,450,931,292,227,191,147,100,83,80,89,147,159,148,128,176,181,221,208,214,256,120,202,260,291,316,234,17754.8,12692.7,10991.6,8493.1,8097.6,7132.0,7480.7,8191.3,13884.4,14374.6,10992.0,8959.6,15246.4,14475.8,15482.6,14289.9,16301.1,18054.7,8382.3,12505.3,16916.6,19066.6,19861.7,14504.0,1972,96867.91,44226.6,1514,89502.85,38243.6,984,127760.46,70975.5,2792,194512.3,1615,102488.38,0,0.0,0,0.0,62,17105.53,1,25.01,0,0.0
2026-02-20,4547,328869.17,159615.2,2014,71,60,22317.53,106.3,0,342,1093,1098,499,474,1041,310,250,236,203,94,69,72,101,74,80,77,88,62,182,242,288,288,336,127,234,273,320,329,212,19622.7,14897.7,15447.5,12607.5,9206.6,5765.3,7591.0,10085.6,9071.2,6762.9,6954.1,7022.5,5165.9,13514.4,19261.7,24755.0,22489.8,22419.2,7829.3,13716.0,18619.9,22445.1,20258.2,13360.1,1947,101453.32,46320.9,1627,101714.4,43462.3,973,125701.45,69832.1,2778,190871.24,1709,115680.4,0,0.0,0,0.0,60,22317.53,0,0.0,0,0.0
2026-02-21,4592,331488.93,161371.4,2036,48,63,17538.08,105.5,0,329,1077,1150,484,532,1020,290,257,214,197,140,88,110,110,116,101,134,129,161,193,230,237,233,283,119,208,271,298,257,216,18939.7,18074.3,14856.2,14298.5,10911.7,6671.2,8602.6,8593.8,13622.3,11416.8,10868.0,11718.9,13353.9,14820.9,17548.7,18103.1,17656.8,17537.4,8049.3,13341.9,15865.8,16999.7,15831.4,13806.3,2102,112019.34,51145.2,1462,91214.2,38975.5,1028,128255.39,71250.7,2752,192254.57,1777,121696.28,0,0.0,0,0.0,63,17538.08,0,0.0,0,0.0
2026-02-22,4540,316182.89,152415.0,1978,59,56,13231.8,102.2,0,362,1053,1147,480,505,993,292,253,226,203,103,75,104,118,86,96,136,125,169,203,226,224,210,214,130,204,269,306,297,271,18422.5,14610.0,15649.9,12958.0,10783.8,4859.8,6701.4,10360.9,10371.9,8177.1,11064.9,9404.4,13146.8,17551.6,17558.5,18445.2,13553.6,13898.3,6984.4,12214.7,15705.1,18904.0,18631.3,16225.1,2071,105772.26,48292.7,1544,99569.55,42545.9,925,110841.08,61576.4,2812,191458.43,1672,111492.66,0,0.0,0,0.0,56,13231.8,0,0.0,0,0.0
2026-02-23,4488,301277.91,146053.6,1789,69,70,20105.47,101.0,0,407,1136,1156,452,410,927,279,269,233,184,114,81,93,122,184,191,141,139,159,153,241,221,192,228,92,163,226,273,286,224,19642.2,16013.4,15866.1,12441.0,8215.1,7933.1,7595.2,10173.7,14570.6,14244.3,9740.0,10136.4,10111.4,10652.9,16408.8,16413.9,12703.6,13041.6,6336.3,10147.2,12822.1,16228.5,16844.5,12995.9,1876,88529.49,40419.3,1668,97899.3,41831.5,944,114849.12,63802.9,2799,177983.27,1619,103189.17,0,0.0,0,0.0,70,20105.47,0,0.0,0,0.0
2026-02-24,4653,313032.47,152164.2,1878,77,47,15103.22,99.1,0,426,1188,1161,444,466,968,292,289,258,181,101,74,88,139,177,242,127,162,161,206,196,145,142,235,111,229,258,263,320,257,19358.3,16857.3,14962.7,11734.5,8543.1,7049.9,5686.1,10385.8,13045.5,17141.6,13095.0,12415.6,10643.0,13715.1,15452.4,13007.2,10558.4,15400.4,6509.1,12039.1,14452.2,16064.2,18181.4,16734.5,1919,88940.72,40607.0,1706,100853.24,43093.7,1028,123238.51,68463.5,2890,187821.87,1716,110107.38,0,0.0,0,0.0,47,15103.22,0,0.0,0,0.0
2026-02-25,4596,305441.02,147967.0,1809,76,57,12793.17,99.2,0,410,1194,1183,429,437,943,253,265,234,202,101,70,76,130,174,181,110,164,185,194,206,226,200,260,96,198,271,276,302,222,16059.3,14619.2,13885.8,13496.5,5696.8,9574.1,5487.7,12344.4,13991.5,11784.8,7421.6,14375.8,12440.1,12159.1,16213.2,17155.7,13371.8,16391.3,5295.0,11280.8,15565.7,15899.3,18336.8,12594.8,2014,97007.01,44289.8,1627,94468.84,40365.4,955,113965.17,63311.8,2801,183140.65,1738,109507.2,0,0.0,0,0.0,57,12793.17,0,0.0,0,0.0
2026-02-26,5185,378337.64,181979.9,2409,75,77,17663.98,107.0,0,368,1174,1234,536,601,1272,292,237,252,230,142,111,100,141,198,213,147,155,178,201,231,253,237,317,143,204,287,315,316,285,20478.6,15459.6,17190.5,16022.6,9677.5,8183.1,8366.4,12357.0,18013.1,15046.6,13506.8,11762.2,13323.0,13179.1,19012.1,19829.1,18857.4,22431.5,10122.4,14084.2,19248.8,22425.1,21257.0,18504.0,2268,119300.56,54469.4,1888,127846.14,54629.1,1029,131190.94,72881.4,2937,200025.72,2171,160647.94,0,0.0,0,0.0,77,17663.98,0,0.0,0,0.0
2026-02-27,4689,344130.81,166390.4,2149,52,62,19062.12,108.4,0,302,1065,1173,498,561,1090,291,257,285,210,150,112,130,129,102,107,75,77,83,166,214,271,231,295,160,226,264,303,328,223,19517.3,17524.4,17125.8,12488.7,10910.4,8594.2,11754.1,12811.0,11757.0,10630.4,5345.0,5316.4,6768.0,12821.7,18094.9,22423.8,17268.0,20179.3,9714.7,15349.9,21243.5,21264.1,22075.9,13152.6,2071,109655.98,50066.0,1624,108669.03,46434.5,994,125805.8,69890.0,2691,189158.19,1936,135910.5,0,0.0,0,0.0,62,19062.12,0,0.0,0,0.0
2026-02-28,4602,343102.42,166440.7,2157,51,72,19172.58,108.5,0,316,1012,1117,497,556,1104,272,272,244,203,148,116,149,132,116,90,108,134,138,150,201,199,204,242,121,204,299,289,312,259,20810.5,18346.0,18955.6,14281.4,9547.3,13242.4,12615.7,11995.3,14104.0,10021.1,8604.6,10055.1,9639.4,12001.2,15861.6,16690.7,16295.1,15066.9,8997.9,12345.7,17974.8,18995.0,19117.1,17537.9,2043,111168.61,50757.0,1546,102659.15,43866.6,1013,129274.66,71817.2,2706,191403.04,1824,132526.8,0,0.0,0,0.0,71,19122.58,1,50.0,0,0.0
2026-03-01,4666,317263.16,151778.5,2007,71,66,14555.95,102.5,0,309,1173,1177,484,504,1019,290,275,233,201,119,95,103,105,182,222,140,118,147,188,217,218,217,231,109,188,275,266,278,249,19841.6,19152.9,16144.2,12037.3,8339.0,7143.2,8617.4,8355.4,15090.6,15270.8,10147.6,9213.7,9685.7,11622.9,15846.6,15840.9,15086.7,14722.6,6938.3,11669.8,16506.7,16823.3,16674.0,16492.2,2162,111252.3,50793.9,1645,104975.68,44855.9,859,101035.18,56128.8,2670,171949.88,1930,130757.33,0,0.0,0,0.0,66,14555.95,0,0.0,0,0.0
2026-03-02,4653,312324.02,149383.0,1936,52,63,14662.46,99.0,0,348,1113,1256,476,500,960,305,269,238,206,125,87,116,114,145,173,128,122,173,172,236,193,182,241,119,205,255,310,278,261,19801.9,16793.8,13770.0,12759.8,9371.1,5528.8,9982.7,12611.0,12583.5,11697.8,9729.0,8307.4,12692.8,11992.2,16986.7,14585.2,11649.9,14786.2,7871.3,10825.3,16863.1,18089.8,17389.9,15654.7,2143,109312.37,49908.5,1626,103758.0,44335.6,884,99253.65,55139.0,2637,165948.85,1953,131712.71,0,0.0,0,0.0,63,14662.46,0,0.0,0,0.0
2026-03-03,4562,303797.04,145614.6,1944,52,71,13420.23,99.9,0,327,1159,1132,486,485,973,272,265,222,208,124,83,105,119,163,177,137,111,181,175,219,167,192,223,134,239,252,290,286,218,18596.8,17159.0,13927.2,13275.7,9109.9,6931.6,7386.3,10468.7,12032.9,12302.2,11277.1,9312.3,12202.9,11328.5,15177.3,10729.7,11957.3,15079.9,7943.6,14071.3,16384.2,17502.6,16516.7,13123.6,2084,104215.44,47581.2,1562,100137.59,42788.7,916,99444.01,55244.6,2610,166631.6,1881,123745.21,0,0.0,0,0.0,71,13420.23,0,0.0,0,0.0
2026-03-04,4713,320746.15,154507.6,2038,52,56,11983.27,102.9,0,333,1158,1184,475,591,972,297,284,227,197,119,96,129,140,177,164,126,122,173,165,210,226,197,270,106,193,279,266,299,251,19034.7,16816.1,14165.0,12908.6,8497.4,6699.9,9780.3,10595.1,16079.2,15254.1,9607.2,9074.8,12295.4,11766.7,15502.9,15935.0,14678.5,16850.6,6835.7,10431.9,17495.3,18210.5,16850.0,15381.2,2081,105444.32,48142.6,1622,103268.41,44126.3,1010,112033.42,62238.7,2820,184447.61,1837,124315.27,0,0.0,0,0.0,56,11983.27,0,0.0,0,0.0
2026-03-05,4812,339350.22,163886.9,2151,71,66,13353.56,108.1,0,353,1118,1190,515,590,1046,296,250,232,203,144,95,132,117,155,155,121,108,154,174,243,209,219,283,162,220,288,303,305,244,20550.9,16760.6,14789.1,13768.5,9663.2,5773.9,11275.2,10691.1,12589.8,10814.0,10659.1,8045.6,13032.5,12182.2,19776.1,16684.4,14745.8,18621.8,11870.8,13532.3,18489.4,18299.9,21690.0,15044.3,2139,111425.37,50873.6,1644,106112.27,45341.9,1029,121812.58,67671.4,2762,191060.52,1984,134936.14,0,0.0,0,0.0,66,13353.56,0,0.0,0,0.0
2026-03-06,4615,338409.23,163525.7,2155,68,71,24540.89,107.8,0,301,1028,1131,572,551,1032,288,250,245,235,144,127,132,110,93,81,59,65,71,164,255,286,227,293,153,229,336,294,255,223,19738.2,16151.8,13636.4,13816.5,11134.5,12667.2,13192.5,9986.5,11576.5,8274.9,4117.5,6706.1,4679.7,11647.4,20574.2,25088.8,18875.1,17288.0,10854.8,14409.8,23089.1,18108.8,17562.8,15232.1,2067,109745.45,50106.8,1586,106157.57,45361.6,962,122506.21,68057.3,2775,190665.72,1769,123202.62,0,0.0,0,0.0,71,24540.89,0,0.0,0,0.0
2026-03-07,4846,345872.08,167252.4,2248,66,62,11825.94,108.2,0,352,1107,1139,563,587,1098,300,282,266,199,150,137,133,137,117,106,128,127,126,157,220,234,228,278,137,244,286,292,313,249,19663.4,17142.1,16970.5,13388.2,9085.3,12749.4,11318.7,13652.0,13087.8,9598.2,8669.7,9257.1,10838.7,11778.9,17811.2,17682.6,14863.6,19416.4,9223.6,16178.3,20521.9,20130.2,18299.6,14544.8,2230,116064.87,52991.9,1582,104543.32,44671.6,1034,125263.89,69588.9,2943,204294.6,1841,129751.54,0,0.0,0,0.0,61,11775.94,1,50.0,0,0.0
2026-03-08,4810,338030.64,162769.7,2151,62,66,12716.4,106.9,0,328,1138,1193,521,590,1040,316,271,246,256,155,102,129,118,136,138,124,134,155,165,239,193,239,298,147,214,276,265,274,220,18625.4,16093.7,15103.3,16290.0,9507.2,7569.6,11584.9,8180.1,14476.7,14043.1,10941.8,10247.4,11814.4,12082.2,18962.6,15010.6,16195.2,20499.5,9835.6,12844.9,17700.4,16692.3,19777.0,13952.6,2126,110090.24,50263.8,1687,110137.3,47061.7,997,117803.1,65444.3,2837,191746.22,1907,133568.02,0,0.0,0,0.0,66,12716.4,0,0.0,0,0.0
2026-03-09,5072,370209.09,180113.7,2404,61,62,16937.35,112.2,0,380,1126,1162,540,670,1194,288,308,248,215,152,109,137,142,170,193,175,171,177,195,289,216,177,259,142,226,279,286,270,248,18788.1,17400.7,17311.2,13900.4,9399.3,10652.7,11075.1,13402.2,19580.4,21466.3,15095.2,13915.9,15094.7,14985.4,23369.2,14618.8,11468.4,17124.8,10375.4,14227.0,17022.1,17081.9,16407.8,16446.3,2169,113062.46,51620.9,1678,111999.99,47857.8,1225,145146.64,80634.9,3179,223705.89,1831,129565.85,0,0.0,0,0.0,62,16937.35,0,0.0,0,0.0
2026-03-10,4523,320212.01,154035.2,2052,69,31,10398.11,105.8,0,306,1057,1108,500,535,1017,277,236,226,206,162,120,119,127,138,114,137,115,134,163,204,248,215,263,137,206,236,196,267,277,19022.5,14136.9,12199.9,13635.6,10591.8,8523.8,11418.0,14140.8,11943.8,8396.8,10643.8,10788.0,9981.2,11122.8,15928.8,20333.9,14195.7,16616.9,9416.6,13548.7,15500.0,12800.8,18346.3,16978.9,2118,113726.87,51924.8,1508,98255.43,41984.6,897,108229.71,60125.8,2704,187493.83,1788,122320.07,0,0.0,0,0.0,31,10398.11,0,0.0,0,0.0
2026-03-11,4512,314985.0,151234.2,1980,78,58,17254.18,104.6,0,326,1038,1168,501,499,980,270,267,258,195,166,109,157,103,144,124,117,130,106,159,201,209,191,225,116,187,270,288,269,251,16955.9,16718.4,16602.7,11294.2,10067.5,10729.2,13007.0,8192.6,14957.4,9939.8,9188.0,11904.2,8871.8,12026.0,15029.3,16354.5,14194.3,13524.3,6898.3,12240.5,15012.0,16939.9,18450.4,15886.7,2040,104371.5,47652.8,1588,104667.93,44724.6,884,105945.57,58856.9,2696,176349.73,1758,121381.09,0,0.0,0,0.0,58,17254.18,0,0.0,0,0.0
2026-03-12,4784,346679.39,167207.5,2151,66,52,17041.19,106.8,0,320,1159,1154,488,544,1119,284,269,227,196,159,113,166,141,156,134,120,120,129,165,213,184,219,284,170,191,267,296,319,262,17567.4,16490.9,13202.3,11470.1,10565.0,10297.5,12077.3,10251.0,14374.5,13394.3,10860.0,9683.0,9765.6,14915.4,15274.6,13513.2,17567.4,22108.9,11935.2,12710.1,18832.8,21053.8,20896.8,17872.3,2107,109874.31,50165.3,1696,113167.45,48356.8,981,123637.63,68685.4,2836,195818.85,1896,133819.35,0,0.0,0,0.0,52,17041.19,0,0.0,0,0.0
2026-03-13,4692,331732.48,161285.1,2063,61,53,17393.49,107.4,0,332,1134,1163,517,520,1026,298,271,274,222,173,153,159,144,119,91,94,82,91,140,203,248,227,267,150,208,268,275,299,236,19073.4,16055.7,15448.6,13160.1,12606.3,14818.8,13484.0,12571.2,10225.0,9477.4,8846.0,5332.9,5742.8,9432.6,14839.3,21509.2,18858.4,17915.0,9657.9,11946.6,17003.9,18433.4,19550.7,15743.2,2084,104594.99,47754.8,1558,98669.31,42161.1,1050,128468.18,71369.2,2942,200124.13,1697,114214.86,0,0.0,0,0.0,53,17393.49,0,0.0,0,0.0
2026-03-14,4813,333843.59,160701.4,2122,70,53,11689.65,106.7,0,336,1165,1190,532,531,1059,285,250,207,228,156,147,188,177,118,117,125,135,139,157,201,201,187,260,135,212,287,330,287,284,19404.1,14673.8,13613.8,13708.9,10876.6,13736.7,15860.1,15554.7,10437.9,10089.5,8743.7,9525.6,11485.2,10647.7,15494.9,15416.6,13170.1,16455.5,8665.6,12671.2,17966.1,19950.9,18441.3,17253.2,2093,108256.84,49427.0,1704,109544.01,46808.2,1016,116042.74,64466.2,2889,194456.84,1871,127697.1,0,0.0,0,0.0,53,11689.65,0,0.0,0,0.0
2026-03-15,4454,296366.5,142734.8,1862,58,51,11490.75,104.1,0,349,1149,1094,429,511,922,268,259,221,229,130,130,181,157,134,124,115,110,121,147,184,166,163,244,144,179,237,293,287,231,17334.4,15090.1,12353.7,12338.7,6980.4,12624.2,12277.3,12993.7,11895.4,11716.0,9266.6,8425.9,8961.9,9715.5,14123.1,11717.2,10842.8,15345.1,9439.8,10018.6,14041.3,16074.9,18175.4,14614.7,2057,101175.02,46192.9,1483,92748.61,39631.3,914,102442.87,56910.7,2738,174333.47,1665,110542.28,0,0.0,0,0.0,51,11490.75,0,0.0,0,0.0
2026-03-16,5093,367667.74,178179.8,2301,61,51,17496.87,109.5,0,362,1178,1252,570,591,1140,308,231,220,216,159,157,186,201,225,138,133,148,138,179,240,213,203,245,163,237,254,309,315,275,19214.0,14612.5,13964.3,15247.8,14901.3,15236.1,13422.2,16927.6,21052.6,12459.9,11665.0,12124.8,10797.5,12208.6,18825.2,16192.9,15225.0,16513.2,10757.3,15191.4,16705.5,18424.6,19572.9,16425.6,2262,118663.82,54178.5,1737,111746.91,47749.5,1094,137257.01,76251.7,3182,223244.13,1860,126926.74,0,0.0,0,0.0,51,17496.87,0,0.0,0,0.0
2026-03-17,4762,326115.75,156854.8,2072,57,51,10839.11,103.1,0,342,1131,1217,493,552,1027,315,248,254,215,163,165,171,193,185,132,182,116,134,178,173,185,187,196,116,184,259,273,294,244,19685.5,14031.9,14952.3,12659.0,11502.5,17230.9,12476.7,14095.9,15134.9,9665.9,14926.2,8587.3,9836.3,11629.3,13131.2,13170.6,11380.3,12456.7,6518.2,11280.0,16819.8,19189.2,19837.7,15917.5,2145,109756.64,50111.3,1626,104897.99,44822.8,991,111461.12,61920.7,3029,199762.21,1682,115514.43,0,0.0,0,0.0,51,10839.11,0,0.0,0,0.0
2026-03-18,5219,354764.99,169827.5,2266,61,46,13329.49,106.1,0,386,1250,1317,559,602,1105,320,292,267,265,170,133,188,165,157,157,154,137,158,184,215,228,224,274,164,242,311,286,276,252,19354.2,19055.2,16867.3,15548.0,9775.5,10608.8,13058.0,13043.3,15383.4,11608.5,11160.2,10372.6,12020.8,13455.0,16095.8,17121.8,16261.6,17664.6,10791.8,15269.4,19484.8,16759.9,16599.2,17405.3,2414,125815.57,57443.8,1800,115458.43,49335.3,1005,113490.99,63048.5,3261,205598.37,1912,135837.13,0,0.0,0,0.0,46,13329.49,0,0.0,0,0.0
2026-03-19,5401,400665.82,193718.3,2451,72,66,21434.95,111.3,0,356,1214,1380,639,572,1240,295,302,243,229,172,147,191,227,164,139,158,137,151,176,230,226,208,274,156,221,317,359,352,327,19832.5,19160.4,15508.9,14994.8,13939.5,11069.8,14751.1,18582.1,14786.6,10216.0,12983.7,10457.1,12187.8,13323.5,20407.8,20008.4,16889.8,19638.8,9934.2,13050.9,21681.8,24757.8,27828.2,24674.3,2492,132923.44,60689.5,1849,122530.15,52357.5,1060,145212.23,80671.3,3552,249910.68,1783,129320.19,0,0.0,0,0.0,66,21434.95,0,0.0,0,0.0
2026-03-20,5469,390741.87,185878.7,2440,83,45,12820.8,108.0,0,354,1233,1442,646,600,1194,378,335,263,241,222,164,122,238,187,263,280,230,235,145,196,186,173,187,191,215,239,275,274,230,26714.2,21477.8,15697.9,14863.2,12576.9,10325.1,8740.2,13888.5,10754.9,20474.4,23078.0,18717.3,14186.2,9380.2,14502.8,17887.7,14822.4,15121.4,15910.8,15887.9,16327.1,20765.6,19477.1,19164.2,2626,140903.95,64333.3,1991,134514.26,57478.5,852,115323.66,64066.9,3537,240145.83,1887,137775.24,0,0.0,0,0.0,45,12820.8,0,0.0,0,0.0
2026-03-21,4897,360059.17,173982.1,2276,68,52,15894.64,111.0,0,297,1047,1277,606,568,1102,245,267,239,203,148,122,178,201,206,224,207,169,142,154,190,202,173,211,208,221,241,259,245,242,17875.7,18743.4,16950.1,14936.7,10053.1,7793.9,12354.8,13919.4,20096.9,17850.1,16207.9,14244.8,11042.5,10280.1,16042.6,15778.2,15240.1,15667.4,14144.7,16175.9,16591.2,17526.0,16515.7,14028.2,2248,123170.96,56237.1,1641,108048.57,46169.4,1008,128839.64,71575.7,3207,225603.43,1638,118561.1,0,0.0,0,0.0,52,15894.64,0,0.0,0,0.0
2026-03-22,4689,343120.1,166238.5,2132,60,69,19641.05,110.8,0,279,1078,1200,519,584,1029,244,185,199,170,153,137,228,206,202,185,205,176,160,150,199,183,171,221,176,229,228,279,235,168,15467.1,11380.3,14055.8,13130.7,11825.6,10850.1,15157.6,15744.3,16304.9,15000.1,18676.8,12792.1,13467.6,9914.5,16023.0,14400.2,13717.2,17678.5,12794.8,16466.1,14385.2,19441.3,14048.8,10397.4,2038,109608.8,50044.8,1656,105512.5,45085.1,995,127998.8,71108.6,3047,211670.1,1573,111808.95,0,0.0,0,0.0,69,19641.05,0,0.0,0,0.0
2026-03-23,4616,321094.74,154851.1,1946,67,58,16566.85,103.9,0,334,1134,1202,486,487,973,222,214,191,169,140,114,200,166,200,204,181,161,169,133,201,188,183,204,214,230,227,247,250,208,13778.7,13566.0,13177.0,11623.1,9937.4,8171.1,13084.7,11204.3,17754.0,13583.3,11894.9,11297.5,11593.1,8701.4,16200.2,14426.1,13745.3,15068.1,12886.7,16452.5,16125.2,15073.9,17660.8,14089.6,2105,106416.6,48586.5,1601,101350.45,43306.9,910,113327.69,62957.8,3093,203115.01,1465,101412.88,0,0.0,0,0.0,58,16566.85,0,0.0,0,0.0
2026-03-24,4680,320248.56,154115.7,1880,65,72,17029.96,102.1,0,323,1189,1288,428,453,999,247,211,190,161,139,134,203,214,204,203,188,159,147,190,197,170,194,223,192,233,234,223,220,204,16646.6,11955.7,11413.7,12877.3,9451.6,8285.1,11748.4,14497.3,17020.8,14500.3,13547.6,11502.7,12840.6,12464.1,16885.6,15772.6,12439.3,14319.5,13603.7,14991.0,15026.8,13152.4,13064.8,12241.2,2109,104722.07,47812.7,1670,104721.96,44747.1,901,110804.53,61556.0,3055,198284.16,1553,104934.44,0,0.0,0,0.0,72,17029.96,0,0.0,0,0.0
2026-03-25,4736,312207.03,149398.5,1932,72,56,14582.46,100.1,0,385,1198,1221,473,463,996,240,180,175,139,120,107,199,234,191,194,179,198,200,194,232,224,215,240,200,229,207,220,237,182,12690.2,11863.8,12172.8,9492.7,6770.4,7349.3,10788.8,16431.8,16292.0,13882.7,11205.7,12814.2,13759.9,12809.6,16451.6,18343.3,14678.6,14744.9,13426.3,13773.6,13764.7,13010.7,14957.2,10732.2,2130,104565.9,47741.4,1692,106791.05,45631.3,914,100850.08,56025.8,3113,189218.11,1566,108336.46,1,70.0,0,0.0,56,14582.46,0,0.0,0,0.0
2026-03-26,5138,367990.66,175118.0,2319,69,67,18727.85,105.7,0,327,1159,1333,448,560,1311,192,211,206,153,138,155,220,244,241,216,227,190,212,207,258,251,225,257,209,220,211,263,244,188,12079.6,12934.5,13767.9,11489.3,10300.0,11335.4,15498.3,18120.4,19449.5,17688.2,15964.3,13295.9,16036.0,16384.3,19043.1,19635.5,16613.9,18391.0,15511.9,14016.0,12312.5,17931.6,17228.7,12962.8,2253,121340.37,55401.0,1928,134959.89,57669.0,957,111690.4,62048.0,2983,193766.45,2088,155496.36,0,0.0,0,0.0,67,18727.85,0,0.0,0,0.0
2026-03-27,4353,298949.49,142062.4,1952,68,62,15449.66,101.3,0,296,1012,1093,441,498,1013,270,175,144,127,126,103,142,147,136,127,95,102,123,150,215,241,236,253,223,276,254,267,222,199,18952.7,11443.4,9681.2,8006.9,11846.9,6629.0,9062.7,10412.9,10179.2,7693.3,6470.6,6452.8,8169.8,9774.5,15921.4,20575.2,17543.6,19464.7,14586.2,17169.1,15600.4,16303.0,13876.8,13133.5,2014,106536.16,48641.3,1563,105053.81,44889.8,776,87359.52,48531.2,2506,153788.52,1785,129711.31,0,0.0,0,0.0,62,15449.66,0,0.0,0,0.0
2026-03-28,4389,291355.53,138984.4,1878,65,39,6876.35,99.4,0,335,1045,1131,512,438,928,229,164,130,138,99,106,155,153,176,156,184,186,163,153,187,207,197,247,242,246,211,267,223,170,14624.2,9508.2,7989.8,10589.5,6600.1,5883.6,9394.4,10039.3,14753.7,11824.5,13826.0,13610.1,11585.3,10732.8,13936.9,13981.8,12419.6,14435.9,14775.9,16041.1,14424.4,15319.4,13752.8,11306.3,1990,100700.01,45976.5,1542,100659.85,43012.3,857,89995.67,49995.5,2639,164755.13,1711,119724.05,0,0.0,0,0.0,39,6876.35,0,0.0,0,0.0
2026-03-29,4291,278608.43,133451.4,1741,66,50,9257.98,97.4,0,322,1102,1126,446,438,857,213,126,83,92,85,97,191,270,193,163,189,166,197,182,218,217,203,229,206,216,188,228,184,155,12867.6,7347.5,4832.2,5952.0,6510.2,7327.4,12076.6,19015.8,13811.0,11642.8,12322.4,12075.7,13222.5,12432.1,15931.6,15773.1,13048.9,13707.6,12457.2,12587.9,10908.5,12877.9,10409.6,9470.4,1924,93876.18,42860.8,1525,93843.68,40099.0,842,90888.57,50491.6,2656,168744.58,1585,100605.87,0,0.0,0,0.0,50,9257.98,0,0.0,0,0.0
2026-03-30,4292,279342.69,134068.2,1709,54,50,14782.15,97.5,0,361,1116,1106,426,399,884,166,121,103,77,74,81,175,252,211,180,171,183,188,179,259,223,228,215,220,226,198,205,189,168,9507.6,7216.7,6559.8,4902.8,6020.2,5690.9,10402.8,16604.7,13887.6,12552.9,11103.5,12914.2,15273.3,10818.0,17495.5,15566.6,15771.5,15264.1,13096.5,12256.3,12998.1,12138.1,11323.4,9977.7,1944,92376.16,42175.3,1495,93367.82,39895.7,853,93598.71,51997.2,2654,159186.82,1588,105373.72,0,0.0,0,0.0,50,14782.15,0,0.0,0,0.0
2026-03-31,4193,270054.56,129587.5,1683,52,50,9513.28,98.4,0,368,1106,1036,398,426,859,153,117,68,63,63,93,198,263,186,202,195,205,192,186,229,203,215,246,196,215,212,165,170,158,8362.9,6996.7,4474.2,3966.4,4615.5,6053.6,10380.3,16063.1,12599.9,13218.5,11947.8,14610.0,13626.7,11424.3,15457.0,15808.6,13835.6,15621.1,12806.7,13442.3,14689.1,10991.2,9908.6,9154.4,1876,88515.8,40412.8,1491,91052.31,38906.3,826,90486.45,50268.3,2696,168038.97,1447,92502.31,0,0.0,0,0.0,50,9513.28,0,0.0,0,0.0
2026-04-01,4465,286027.38,136361.7,1784,64,48,9233.16,100.0,0,357,1172,1152,440,430,914,160,129,100,87,69,91,213,289,203,209,192,182,173,188,157,180,228,282,224,255,205,230,247,172,8880.7,7081.4,5772.7,5482.7,3532.8,6076.1,12821.9,16690.4,15143.2,17530.3,12877.6,13086.7,11079.0,12360.7,11680.0,13503.8,14285.0,16585.8,14298.9,16630.4,11167.7,14481.6,14954.1,10023.8,2034,98965.03,45183.9,1601,99357.92,42455.3,830,87704.43,48722.6,2734,170224.65,1682,106519.57,0,0.0,0,0.0,48,9233.16,0,0.0,1,50.0
2026-04-02,4789,309450.16,146990.4,1920,79,34,5760.37,98.8,0,385,1175,1309,442,442,1036,188,80,103,82,84,101,192,218,187,182,173,189,231,233,249,241,245,290,259,280,258,275,264,185,11649.0,4666.9,6273.2,4432.4,5194.6,5798.2,12020.3,14742.7,13463.7,14366.0,11621.0,12614.4,14644.1,14296.2,17693.1,17261.6,16405.0,18280.4,15980.1,17489.9,16185.8,18065.4,15438.9,10867.3,2167,104746.13,47823.3,1786,113481.2,48489.8,836,91222.83,50677.2,2822,177215.19,1932,126424.6,0,0.0,0,0.0,34,5760.37,0,0.0,1,50.0
2026-04-03,3947,264808.57,125074.9,1663,52,51,12493.04,100.4,0,292,958,1034,405,380,878,219,170,112,102,91,68,106,93,91,84,69,71,85,177,212,244,237,289,228,268,236,279,235,181,13845.8,11419.2,7656.4,5718.6,5455.0,3757.0,6515.1,6981.5,7591.5,6052.9,5833.8,5627.4,5693.0,10958.1,14910.1,21133.8,15607.7,20245.0,15481.1,16465.3,15886.3,17486.9,14309.2,10177.8,1848,93010.9,42466.0,1464,100057.07,42754.7,635,71740.6,39854.3,2260,138761.02,1636,113554.51,0,0.0,0,0.0,51,12493.04,0,0.0,0,0.0
2026-04-04,4156,275683.45,131224.2,1774,61,32,4687.84,99.3,0,299,1005,1078,433,437,904,222,157,129,91,81,77,119,130,152,123,133,139,163,190,232,214,239,275,223,227,225,228,215,172,13360.4,9415.8,7107.3,5589.2,5765.5,4499.2,7465.2,8277.6,12550.0,10106.9,10298.4,9375.5,12551.7,12898.3,19480.4,14045.8,14564.8,18263.0,13230.4,15747.1,13832.3,14328.4,12594.1,10336.2,1867,93568.53,42720.4,1511,98781.68,42209.5,778,83333.24,46294.3,2411,153857.92,1713,117137.69,0,0.0,0,0.0,32,4687.84,0,0.0,0,0.0
2026-04-05,4290,268042.07,127267.0,1684,62,26,4988.66,95.8,0,367,1118,1121,414,418,852,196,107,92,75,62,119,188,234,146,154,184,192,221,199,203,210,225,238,253,244,200,206,205,137,11558.0,6274.9,6258.2,4558.6,3770.2,7507.8,10394.1,14346.0,10020.2,9713.6,12306.4,13218.3,15376.6,11828.7,13609.4,14908.9,14223.2,13981.5,14496.1,15821.0,13094.3,11448.6,11520.2,7807.4,2012,96445.56,44033.5,1497,94309.31,40298.1,781,77287.2,42935.3,2641,155473.84,1623,107579.57,0,0.0,0,0.0,26,4988.66,0,0.0,0,0.0
2026-04-06,4280,269444.25,128320.0,1653,69,44,6067.02,96.1,0,336,1168,1123,416,404,833,179,84,74,62,57,110,193,224,166,145,189,209,187,192,258,219,219,252,214,226,199,232,221,169,13301.6,5317.8,4822.6,3440.8,3747.3,7468.9,9122.2,12785.7,12013.4,10564.6,12621.0,12904.2,12205.0,11386.8,17910.8,15849.3,14964.2,13555.4,12898.2,13654.9,12441.1,13466.5,12683.6,10318.5,1978,93626.17,42746.4,1551,94348.16,40314.3,751,81469.92,45259.3,2501,152968.17,1735,110409.06,0,0.0,0,0.0,44,6067.02,0,0.0,0,0.0
2026-04-07,4170,246982.73,116567.8,1505,70,24,2796.14,91.5,0,345,1169,1151,370,396,739,164,116,72,46,67,70,189,232,159,160,175,160,235,212,208,211,215,253,219,219,202,230,193,163,8552.4,5658.5,5531.9,2346.6,3888.1,4570.1,9084.4,13160.4,10434.4,10544.6,11287.3,10118.9,14768.3,11519.3,14816.9,12944.9,13992.5,15963.1,12413.7,12740.9,10938.4,12867.1,10332.5,8507.5,1979,93599.39,42733.8,1499,88698.4,37899.9,692,64684.94,35934.2,2434,137242.14,1712,106944.45,0,0.0,0,0.0,24,2796.14,0,0.0,0,0.0
2026-04-08,4250,262870.55,124409.9,1617,58,37,6152.85,94.2,0,380,1139,1114,387,368,862,164,104,81,51,53,106,200,224,170,152,153,204,197,240,212,223,220,262,215,236,200,219,205,159,8990.9,6091.4,4291.9,3343.8,2990.7,6120.5,11583.3,13037.6,11144.4,11126.5,9755.5,15540.3,12171.4,15103.7,14837.9,16722.3,14717.7,15901.0,12096.3,13683.3,10891.6,12132.7,11667.2,8928.7,1975,95921.82,43794.5,1569,94586.96,40416.4,706,72361.77,40199.0,2452,142672.66,1761,114045.04,0,0.0,29,5404.08,8,748.77,0,0.0,0,0.0
2026-04-09,4455,280309.76,131823.1,1740,59,44,6765.84,95.0,0,346,1180,1189,439,371,930,174,115,89,72,56,97,157,212,171,158,183,169,212,240,264,212,242,307,266,255,219,168,215,202,10634.3,5968.8,6035.4,4955.4,3372.2,5927.9,8894.1,13022.9,12378.6,9788.4,13151.6,10219.4,13228.2,14429.2,18050.0,15185.8,15691.5,20517.1,15958.7,16366.3,12536.8,9758.6,12110.9,12127.8,2120,105096.44,47983.4,1638,105249.75,44973.0,697,69963.57,38866.7,2463,144031.85,1948,129512.07,0,0.0,44,6765.84,0,0.0,0,0.0,0,0.0
2026-04-10,3814,238495.22,111710.7,1504,56,30,3197.06,94.0,0,327,970,1013,377,349,778,242,177,103,87,66,70,94,77,98,83,64,67,77,189,196,221,225,268,261,231,223,270,227,198,12818.0,10584.3,6627.1,5798.5,3782.0,4021.7,6894.3,4259.2,6732.0,5463.1,4781.1,3488.7,4591.0,12894.0,13853.9,15033.5,14499.6,19717.4,15238.8,13490.6,14097.4,15955.4,12810.5,11063.4,1835,91202.91,41640.1,1414,91665.92,39168.6,565,55626.39,30902.0,2162,128632.54,1622,106665.62,0,0.0,30,3197.06,0,0.0,0,0.0,0,0.0
2026-04-11,4016,250691.61,117224.2,1576,53,25,2291.02,93.2,0,323,1038,1079,396,363,817,193,146,131,87,81,92,90,100,110,104,125,146,160,158,162,193,214,240,257,276,234,264,252,201,9807.1,8614.1,7171.3,4569.8,4466.2,5949.7,5145.9,7348.1,7148.4,6712.8,8469.2,10878.9,11088.1,10851.4,13103.3,12970.7,13795.8,14371.1,16167.9,16847.2,14343.6,15197.2,15046.0,10628.1,1854,90885.46,41495.2,1552,101753.92,43479.4,610,58052.23,32249.5,2231,131492.62,1760,116907.97,0,0.0,24,2281.02,0,0.0,1,10.0,0,0.0
2026-04-12,4092,243359.88,114009.2,1476,61,27,2980.0,90.4,0,350,1162,1104,389,370,717,201,116,85,71,66,125,212,237,150,150,140,175,175,209,183,179,198,209,205,228,204,208,215,151,11133.6,6590.9,4235.0,4071.1,4906.0,6910.8,12209.2,13244.9,9837.7,10672.7,8248.3,10266.2,10203.4,12386.7,11281.3,11422.3,11322.7,12799.1,13497.4,13151.7,11077.5,12248.3,12533.2,9110.0,1937,92046.79,42024.9,1561,94156.78,40232.6,594,57156.31,31751.7,2171,121676.77,1791,112416.1,103,6287.01,27,2980.0,0,0.0,0,0.0,0,0.0
2026-04-13,3939,228380.29,106216.3,1388,70,18,1348.03,91.6,0,385,1090,1076,359,343,686,193,117,74,76,52,102,154,229,139,136,134,144,197,212,178,196,236,264,188,220,185,186,185,142,11676.6,6250.0,5619.8,4530.6,3110.1,6538.3,8338.7,12673.1,7325.0,8427.8,7974.0,8181.7,11364.1,11539.5,10508.9,11780.2,14719.2,14328.0,10894.8,12135.6,11382.3,10601.4,10585.8,7895.1,1900,89015.45,40641.0,1536,92372.17,39469.9,503,46992.67,26105.4,1976,108511.66,1799,110312.08,146,8208.52,18,1348.03,0,0.0,0,0.0,0,0.0
2026-04-14,3926,223211.68,104109.4,1332,56,22,1358.21,88.7,0,382,1144,1068,325,315,692,183,99,68,48,54,93,191,236,146,138,161,160,193,185,159,169,213,272,232,184,206,202,194,140,10165.1,5771.7,3348.5,2614.6,3254.7,5920.8,9927.0,12353.4,8074.4,7545.6,9418.5,10200.6,11265.8,10527.2,9564.6,10032.6,11605.6,16112.1,14329.6,10289.1,11159.2,10520.8,10815.7,8394.6,1828,83684.83,38206.6,1535,90517.11,38676.9,563,49009.74,27225.9,1942,102063.56,1824,113003.99,138,6785.92,22,1358.21,0,0.0,0,0.0,0,0.0
2026-04-15,3814,219298.5,101971.7,1298,57,28,2653.04,89.4,0,385,1092,1039,323,284,691,171,92,80,55,47,95,186,235,111,152,139,139,171,183,179,152,218,223,209,208,195,223,185,166,9562.3,4677.3,4782.7,3134.7,2509.9,6012.1,9450.3,13529.2,7082.1,9339.3,8634.6,7576.2,9889.6,11291.7,12006.4,10915.7,12606.1,12598.9,11497.0,11151.6,11798.6,12310.0,8867.2,8075.1,1805,84414.59,38540.3,1522,89677.7,38318.3,487,45206.21,25113.1,1764,92285.79,1813,113614.75,209,10744.92,28,2653.04,0,0.0,0,0.0,0,0.0
2026-04-16,4243,248139.31,114722.0,1512,55,33,2274.15,92.9,0,418,1163,1150,349,344,819,168,106,76,54,51,91,161,197,146,151,145,167,186,170,204,183,235,278,253,251,253,255,260,202,9171.9,5546.5,4908.1,3069.6,3319.8,4776.6,8027.5,10188.1,8644.6,9058.3,8335.9,9360.6,10217.2,11685.2,13693.3,13360.1,13711.2,17929.4,15447.2,13174.5,14527.0,14115.8,14460.4,11410.7,2000,98003.05,44744.6,1698,104708.37,44741.3,545,45427.89,25236.1,1995,104315.13,2014,129921.58,200,11514.44,33,2274.15,0,0.0,0,0.0,1,114.01
2026-04-17,3639,220202.19,101850.5,1359,52,25,2858.06,94.1,0,320,987,973,340,286,733,177,169,109,101,80,80,110,71,75,62,51,55,78,130,211,224,245,261,184,216,283,253,208,206,10756.5,9514.0,4693.8,5753.0,4666.1,4206.5,5893.1,4573.6,5120.6,4180.6,2818.0,3651.4,5377.1,7975.5,15378.1,15075.1,16300.7,15796.4,10906.4,13088.3,16544.1,14410.2,11260.7,12262.7,1665,81272.05,37105.9,1514,96972.5,41436.2,460,41957.64,23308.4,1676,91122.93,1736,114132.16,201,11993.54,25,2858.06,0,0.0,0,0.0,1,95.5
2026-04-18,3890,241787.16,111759.9,1558,49,28,1598.02,93.9,0,326,1013,993,367,375,816,226,168,120,103,74,84,77,111,107,124,112,154,94,145,163,182,235,261,211,239,218,264,224,194,11923.1,9100.1,6891.2,5800.9,4477.0,5464.5,4382.2,7495.3,7539.4,7792.7,7959.2,10065.3,6746.1,10542.9,12004.9,12554.7,13995.0,15826.9,13008.1,13966.4,14540.6,15793.6,13204.6,10712.6,1853,97828.73,44666.0,1552,100436.5,42916.6,485,43521.93,24177.4,1717,95909.52,1951,131881.37,194,12398.25,28,1598.02,0,0.0,0,0.0,0,0.0
2026-04-19,3973,233121.78,106611.5,1453,49,28,1717.01,92.0,0,380,1071,1069,363,326,764,172,109,89,59,65,116,212,234,133,154,138,130,171,187,167,169,203,241,205,176,211,231,229,172,9290.7,5914.6,5722.4,2977.1,3792.8,7384.1,11648.6,12693.8,8080.1,9722.6,8144.4,8706.1,10940.8,10709.0,10334.0,12047.9,11721.8,14206.8,12092.7,9411.3,11856.2,12226.5,13268.4,10229.3,1893,94051.47,42940.8,1682,105951.08,45272.4,398,33119.23,18398.3,1773,90137.2,1946,129161.27,226,12106.3,28,1717.01,0,0.0,0,0.0,0,0.0
2026-04-20,4055,235996.95,108087.5,1454,75,29,2486.83,91.6,0,413,1044,1144,401,348,705,188,87,70,59,59,95,193,258,158,126,137,150,184,196,201,199,225,273,212,208,170,212,240,155,11281.6,4860.7,3576.0,2930.1,3643.3,5821.1,10397.7,12277.3,9813.9,7548.7,9170.7,8138.6,11293.5,13075.3,12487.7,13744.9,14181.0,15321.0,11586.1,10995.9,9729.6,12225.0,13060.8,8836.7,1962,97208.52,44382.5,1683,104462.76,44636.6,410,34325.67,19068.5,1783,90245.33,2040,132130.49,203,11134.3,29,2486.83,0,0.0,0,0.0,0,0.0
2026-04-21,4017,239310.67,109706.5,1484,52,25,2153.11,94.0,0,364,1054,1115,378,351,755,181,88,73,48,57,116,197,245,190,167,154,167,149,189,184,207,209,226,227,178,192,195,206,172,9573.6,5068.4,4472.1,2418.7,3817.2,7122.4,11097.3,12478.1,11329.5,9454.8,8968.2,10661.3,8548.4,11540.3,13855.9,13643.7,13863.8,13627.7,13384.9,10708.2,10876.8,11217.4,11617.8,9964.2,1932,100081.37,45694.4,1671,103978.54,44429.6,414,35250.76,19582.6,1761,89990.15,2034,136490.64,197,10676.77,25,2153.11,0,0.0,0,0.0,0,0.0
2026-04-22,4189,250777.39,114738.4,1595,68,26,1690.02,96.1,0,386,1109,1099,442,379,774,179,130,76,77,70,122,206,292,143,131,153,134,171,205,223,216,244,264,200,187,215,216,189,146,8946.2,7238.6,4526.7,4031.0,4235.4,7759.1,10394.2,15406.5,8305.7,7238.8,8774.7,7897.4,9999.5,13286.1,16334.3,15381.9,15862.3,16805.0,12431.0,11033.6,13039.0,12549.5,11118.5,8182.6,1984,103205.19,47120.5,1769,112005.29,47859.7,436,35566.91,19758.2,1804,93804.47,2154,143991.58,203,11073.3,26,1690.02,0,0.0,0,0.0,2,218.02
2026-04-23,5074,315487.15,143643.0,2088,84,36,2303.06,100.0,0,467,1243,1276,553,473,1062,235,159,96,92,88,129,241,258,198,186,156,169,242,221,246,271,267,289,277,266,254,273,260,201,13203.2,8953.8,5642.4,6519.0,5272.8,7109.9,12748.9,14617.9,11350.7,11777.6,9544.4,10519.5,15623.5,16508.9,18738.1,19468.7,16810.8,17500.9,18670.0,16231.8,15631.2,16576.6,15494.8,10971.9,2506,132641.52,60560.7,2085,144229.11,61630.0,483,38616.52,21452.2,2019,103897.76,2731,190721.83,288,18564.5,36,2303.06,0,0.0,0,0.0,0,0.0
2026-04-24,3916,248330.68,113084.1,1668,55,25,1667.15,99.7,0,328,939,981,445,380,843,223,163,134,126,68,72,119,100,106,83,87,83,96,164,259,239,252,289,239,248,169,175,208,214,12190.6,9322.8,7551.7,7286.2,3932.7,3713.8,7693.3,6889.4,6980.2,5819.5,6274.1,6554.0,5485.4,11506.1,21701.7,18502.5,17335.6,17957.2,14868.7,15333.3,9910.4,8738.5,11290.9,11492.3,1969,108077.14,49345.8,1571,110562.59,47244.3,376,29690.95,16494.0,1545,80721.75,2110,151613.89,236,14327.89,25,1667.15,0,0.0,0,0.0,0,0.0
2026-04-25,4258,281553.53,128761.9,1920,66,32,2336.33,104.5,0,317,960,1061,486,463,971,245,168,129,117,88,90,110,99,102,121,144,153,179,223,273,281,255,254,222,211,197,195,240,162,14446.9,10372.6,7542.9,6814.5,5017.2,6243.5,7146.7,6050.9,7357.2,7764.4,10668.0,11224.2,12819.9,17921.7,21629.6,21647.5,17923.1,17827.7,12360.9,12623.2,12120.4,10628.9,13980.4,9421.0,1957,114847.05,52437.0,1813,127007.59,54271.2,488,39698.89,22053.6,1651,89783.51,2397,178779.1,178,10654.59,32,2336.33,0,0.0,0,0.0,0,0.0
2026-04-26,4099,242879.56,110661.4,1532,54,24,1471.02,95.0,0,369,1055,1143,410,374,748,185,118,72,78,72,130,203,264,170,150,120,153,200,230,242,179,185,221,191,179,177,218,199,163,11017.0,6389.4,4031.6,4170.5,3870.5,6451.5,10137.8,13921.1,9096.7,8426.6,6895.7,9723.8,13247.1,14634.3,17486.0,12638.6,11968.2,13779.4,10745.5,10713.8,11189.9,12107.3,11299.3,8937.9,1879,96874.45,44230.1,1806,114465.81,48910.8,414,31539.3,17520.5,1673,83978.86,2221,147040.83,181,10388.85,24,1471.02,0,0.0,0,0.0,0,0.0
2026-04-27,4608,300907.49,137004.7,2082,65,36,3937.07,103.3,0,366,1057,1103,519,480,1083,160,125,91,79,75,143,262,308,203,203,197,174,210,243,248,210,225,230,212,188,208,214,220,180,8476.7,7459.8,5383.6,5015.2,4657.4,8831.8,16320.9,18443.7,14162.5,12235.5,13156.0,11060.5,14453.5,15964.2,18987.6,16560.2,14600.2,16137.2,13648.8,12975.5,13638.6,14034.9,13505.7,11197.6,2149,120464.84,55001.5,2005,142237.41,60779.3,454,38205.24,21223.9,1520,79454.92,2850,205659.08,202,11856.42,35,3835.06,0,0.0,1,102.01,0,0.0
2026-04-28,4081,258379.05,118233.9,1734,44,30,3427.91,101.7,0,311,1024,1012,420,423,891,189,111,73,68,51,96,197,250,166,171,126,146,206,214,208,193,208,219,204,206,187,241,181,170,11461.6,6610.1,4401.3,3820.1,3436.1,6647.8,11723.7,14008.7,10791.2,9837.4,7373.7,9171.7,13007.4,13949.1,15960.4,13354.2,13753.6,13883.5,12709.4,11910.3,12583.0,16347.6,11072.1,10565.0,1979,105747.71,48281.7,1677,115724.76,49449.7,425,36906.58,20502.4,1458,75314.94,2375,166019.98,218,13616.22,30,3427.91,0,0.0,0,0.0,0,0.0
2026-04-29,4197,262386.79,120466.0,1719,60,32,2724.76,97.5,0,338,1098,1042,463,386,870,163,113,74,64,77,108,183,226,155,162,135,173,203,220,229,191,236,225,251,228,202,213,198,168,9551.9,6622.8,4095.5,4036.7,4884.4,5961.5,10349.5,11540.4,9373.2,10587.5,9171.2,11861.3,13944.3,13780.8,16263.5,14065.6,15992.5,13783.7,15748.8,14266.9,12907.9,12800.3,11407.3,9389.2,2047,109470.92,49981.6,1677,112806.76,48203.0,473,40109.11,22281.4,1475,75961.69,2494,172373.35,196,11326.99,32,2724.76,0,0.0,0,0.0,0,0.0
2026-04-30,4679,305887.63,139609.8,2104,65,38,3222.9,103.4,0,330,1034,1211,556,486,1062,218,143,120,72,78,106,198,196,153,142,155,166,178,202,240,256,264,295,274,239,229,270,273,212,12780.3,8642.7,7541.2,4774.9,5184.4,7090.1,12157.3,11283.1,9377.6,9085.9,10095.1,10650.3,12045.1,13377.3,17348.0,20157.6,17501.2,18727.0,18016.0,15660.7,14726.3,18062.2,18203.2,13400.1,2147,119565.67,54591.1,2030,144188.82,61612.9,502,42133.14,23405.7,1490,81825.09,2898,204536.51,253,16303.13,38,3222.9,0,0.0,0,0.0,0,0.0
2026-05-01,3868,250495.54,114013.2,1670,59,41,2964.83,99.9,0,304,876,1018,426,360,884,243,167,125,96,89,96,99,87,89,75,78,57,84,186,200,210,224,279,239,226,234,247,250,188,15312.5,10263.8,7200.7,5342.3,5337.6,5741.1,5743.4,5198.6,5827.7,4856.8,5719.4,4820.7,4891.6,12573.8,15267.9,15063.5,14942.1,19051.6,16705.6,14446.9,14080.8,16004.5,14971.8,11131.0,1860,104098.63,47529.2,1648,115763.24,49466.4,360,30633.67,17017.7,1214,63726.68,2397,170654.85,216,13149.18,41,2964.83,0,0.0,0,0.0,0,0.0
2026-05-02,3346,212085.71,99490.2,1364,30,35,3568.13,97.4,0,278,842,862,349,313,702,225,168,136,99,71,78,84,114,104,111,132,111,83,144,155,145,161,166,152,145,150,177,247,188,13113.6,10724.7,7176.3,5979.3,4515.4,5051.3,6086.6,7784.2,7083.4,8673.8,10243.3,7523.9,6390.0,10836.7,11656.4,9783.3,10111.2,9737.1,7998.8,7321.8,8555.9,9825.6,14474.4,11439.0,2056,115389.22,52684.2,827,53900.42,23031.9,463,42796.07,23774.2,1213,67808.42,1929,132260.54,169,8448.62,35,3568.13,0,0.0,0,0.0,0,0.0
2026-05-03,3636,213161.75,97424.9,1352,57,34,2584.05,93.0,0,302,991,991,366,321,665,154,88,68,47,52,108,209,215,162,150,126,130,140,170,142,149,222,198,200,211,189,206,158,142,8896.9,4753.5,3615.8,2607.8,3130.6,6865.0,12385.5,12634.6,9188.8,8448.4,7962.2,7645.2,8644.0,9286.1,8295.0,9476.2,11714.8,12136.2,12323.5,12841.1,11315.2,12640.7,8239.2,8115.5,1749,87802.57,40087.6,1524,95944.32,40996.9,363,29414.86,16340.4,1326,67641.63,2082,132514.9,194,10421.17,34,2584.05,0,0.0,0,0.0,0,0.0
2026-05-04,3460,199763.01,91705.3,1232,71,32,2931.04,91.3,0,306,969,953,326,276,630,157,82,55,42,65,103,161,211,107,122,117,99,156,171,142,157,205,215,183,194,187,204,169,156,9205.9,4342.7,3112.8,2078.1,3949.4,7025.6,8983.6,12404.9,6518.9,5891.5,6985.7,6710.5,8522.2,8937.4,8709.8,9614.9,10959.7,12174.3,11084.4,11474.7,11239.6,11669.7,9935.8,8231.0,1628,78115.89,35664.7,1458,89970.19,38443.5,374,31676.93,17597.1,1284,63531.56,1937,122566.9,207,10733.51,32,2931.04,0,0.0,0,0.0,0,0.0
2026-05-05,3485,200939.46,92371.9,1216,52,42,3022.09,89.5,0,324,974,971,310,287,619,176,88,64,50,51,90,193,185,144,155,128,127,159,155,115,156,198,201,176,160,192,203,189,130,8406.7,4423.1,3366.5,2891.7,2632.9,6126.4,10210.4,10156.1,8014.7,9578.2,8420.6,8034.7,9561.3,9093.3,6783.8,10156.4,11696.5,11699.1,10686.2,9519.1,10548.6,11732.4,9727.8,7472.9,1673,82168.37,37515.2,1445,86743.35,37064.6,367,32027.74,17792.1,1339,66004.56,1909,121332.03,195,10580.78,42,3022.09,0,0.0,0,0.0,0,0.0
2026-05-06,3455,199371.89,91913.8,1208,57,45,5310.76,88.6,0,291,1000,956,343,263,602,152,105,58,43,51,87,154,186,156,146,123,119,162,135,121,151,197,198,189,196,212,202,180,132,8225.7,5877.5,3575.8,2242.2,2951.4,5442.4,8415.3,9555.7,8395.4,7624.7,7848.4,7011.2,9277.0,7466.0,6671.3,10174.0,11753.9,12451.2,12305.5,11050.5,12759.2,11640.1,9951.1,6706.6,1644,78584.84,35878.7,1429,86287.77,36870.0,382,34499.28,19165.1,1303,64429.79,1951,120957.72,156,8673.62,45,5310.76,0,0.0,0,0.0,0,0.0
2026-05-07,3768,217496.21,99752.4,1335,54,30,2115.01,91.5,0,377,1061,995,345,298,692,172,105,77,60,45,87,171,168,160,129,107,140,143,161,156,160,201,241,243,228,207,221,195,191,9980.3,6064.0,4078.1,3605.7,2627.0,5038.9,9478.8,8545.4,8746.1,6933.9,6175.8,7925.1,8444.9,9589.0,9609.2,10113.4,12610.3,14066.9,13982.2,13318.3,11566.4,14464.8,10266.9,10264.7,1833,87757.74,40066.9,1542,96602.17,41277.7,393,33136.3,18407.9,1395,70478.75,1936,123358.71,406,21423.73,30,2115.01,0,0.0,0,0.0,1,120.01
2026-05-08,3046,176635.69,80343.4,1091,57,32,2838.9,91.0,0,299,823,833,289,218,584,179,121,96,73,60,68,67,68,49,44,50,45,97,115,110,160,195,267,234,208,187,215,190,148,10375.5,6296.8,5262.3,4119.6,3634.9,4101.4,3784.3,4008.1,2293.7,2332.4,2628.9,3009.8,5404.3,7323.7,7307.9,9906.3,11822.9,16810.4,14448.9,11716.5,10987.4,12294.8,9247.8,7517.1,1421,70238.84,32068.8,1370,84469.24,36093.3,255,21927.61,12181.3,1023,48704.63,1784,114442.32,207,10649.84,32,2838.9,0,0.0,0,0.0,0,0.0
2026-05-09,3001,182294.23,83553.4,1157,56,24,1730.04,93.4,0,240,781,823,296,265,596,171,116,86,77,68,59,77,90,88,75,84,88,88,107,105,116,172,223,195,210,175,212,183,136,9842.2,6920.9,5309.9,4810.7,3708.3,3602.8,5261.6,5072.1,6134.3,4305.6,4111.7,5884.8,4969.0,6172.8,6457.7,7304.6,10234.9,14588.4,11565.5,12523.9,10925.3,13151.8,11320.9,8114.7,1398,69232.68,31609.2,1288,84727.17,36204.0,315,28334.38,15740.2,1109,60130.23,1713,111225.45,155,9208.51,24,1730.04,0,0.0,0,0.0,0,0.0
2026-05-10,3696,224346.01,103570.7,1363,59,44,5293.07,98.2,0,283,1016,1034,329,325,709,169,118,84,58,62,118,191,190,176,130,118,138,175,153,139,181,192,222,199,177,185,202,171,148,9829.8,7058.0,5842.4,3630.3,3472.8,7844.7,11388.8,10555.4,10856.7,8263.5,7102.3,7945.1,10944.7,10000.8,9105.1,12903.8,11413.1,13110.8,12106.7,10264.6,10861.0,11896.4,9659.0,8290.4,1747,87777.73,40076.4,1549,96488.66,41229.2,400,40079.62,22265.1,1375,75300.05,2081,133193.21,196,10559.68,44,5293.07,0,0.0,0,0.0,0,0.0
2026-05-11,3278,199150.35,93668.4,1134,41,40,7328.11,96.5,0,301,944,899,289,242,603,177,95,73,58,42,80,172,172,138,122,124,99,126,96,98,116,160,230,209,168,185,195,187,156,11006.7,5663.7,3577.7,3085.2,2543.8,6889.7,9238.2,8874.2,8341.1,7487.8,7746.5,6395.9,7308.7,5538.5,5810.4,6732.0,9379.2,15225.7,13017.4,9752.2,12029.4,13462.1,10498.3,9546.1,1665,80388.24,36702.2,1173,70255.5,30019.5,440,48506.61,26946.7,1242,66815.44,1801,113076.79,194,11865.0,40,7328.11,0,0.0,0,0.0,1,65.01
2026-05-12,3384,206187.67,96517.1,1201,35,49,7973.65,99.4,0,319,923,941,307,257,637,158,105,66,59,46,105,162,144,128,121,136,108,128,140,119,158,167,236,191,231,204,184,137,151,8554.9,5467.9,3619.8,3258.2,2639.6,7393.2,9890.6,8598.8,7514.6,6514.2,8056.9,6500.8,7526.5,8354.3,6911.3,11893.2,9545.7,14757.8,12333.9,14088.7,12780.5,11484.5,8788.7,9713.4,1578,75604.08,34518.0,1352,82220.74,35132.4,454,48362.85,26866.8,1316,72632.07,1825,114784.54,194,10797.41,49,7973.65,0,0.0,0,0.0,0,0.0
2026-05-13,3541,214063.24,99759.7,1268,63,42,6946.04,97.3,0,329,953,991,317,276,675,192,108,90,45,68,96,138,157,123,119,115,103,122,135,142,149,205,230,213,182,218,214,212,165,11209.5,6033.0,4769.4,2879.6,5298.3,6963.0,7804.8,8451.4,7779.2,6709.4,7569.8,5995.3,7647.2,8454.5,8254.9,9969.2,13039.1,14761.5,14325.9,9552.4,11650.7,12759.8,11298.3,10887.1,1656,80637.87,36816.4,1422,87168.49,37246.6,463,46256.88,25696.7,1340,72021.79,1966,125443.77,193,9651.64,42,6946.04,0,0.0,0,0.0,0,0.0
2026-05-14,3771,230427.97,106695.7,1388,52,45,6359.06,100.7,0,324,1030,1029,330,293,765,181,118,88,68,70,104,151,152,143,149,123,137,124,131,143,154,197,238,211,234,208,216,249,182,9622.8,5860.5,4599.4,4302.9,4918.0,8187.4,9659.2,9734.1,8225.7,10006.9,8289.6,8505.2,7730.7,7683.8,8327.9,8660.6,11394.0,16065.4,12891.5,13998.1,12673.8,14044.4,14711.0,10335.2,1766,86218.3,39364.2,1556,99668.13,42587.6,449,44541.54,24743.9,1423,76655.22,2020,130041.14,283,17372.55,45,6359.06,0,0.0,0,0.0,0,0.0
2026-05-15,3152,185730.32,85084.8,1133,54,43,5348.13,98.8,0,276,905,838,289,258,586,219,160,113,100,78,65,55,73,60,52,43,48,75,120,136,112,182,243,200,215,198,232,204,169,11627.7,9993.6,6187.0,6078.3,4028.5,3946.3,2971.6,3704.3,3702.7,2450.5,2767.9,2617.1,4736.6,7038.3,8282.4,6465.8,11477.0,14571.6,12968.4,13692.5,11592.0,13616.3,11370.4,9843.6,1499,74805.66,34153.7,1341,83368.5,35623.0,312,27556.16,15308.1,1166,58558.11,1749,112349.36,194,9474.72,43,5348.13,0,0.0,0,0.0,0,0.0
2026-05-16,3370,207530.29,96625.9,1234,58,57,9020.71,100.7,0,266,898,972,324,265,645,225,153,106,79,61,83,89,91,93,87,95,101,101,101,112,126,201,219,233,237,210,191,218,158,12300.7,7886.0,6001.6,4529.5,4058.5,5976.2,5492.8,5138.9,6101.9,5951.4,7777.5,6825.9,6373.1,7312.2,7582.4,8014.4,12453.9,13755.6,13591.4,15282.9,13208.1,11325.0,12719.1,7871.5,1546,76969.94,35141.9,1386,86138.56,36806.6,438,44421.79,24677.4,1297,69478.96,1799,115043.83,217,13986.79,57,9020.71,0,0.0,0,0.0,0,0.0
2026-05-17,3437,204132.25,95171.3,1195,58,42,6669.36,99.0,0,317,974,951,317,237,641,230,122,98,65,44,92,98,126,150,115,110,99,111,101,124,136,194,235,218,193,205,216,187,168,12670.8,6887.1,5701.6,2781.6,2634.3,6101.3,6184.2,6587.5,8566.6,6513.5,5644.5,8007.3,6264.4,6558.0,7699.3,8500.1,10776.5,15422.1,13688.4,11789.3,12933.7,12552.7,10421.1,9246.5,1602,76837.16,35080.8,1403,82855.77,35403.4,432,44439.32,24687.1,1405,76217.22,1813,112019.41,177,9226.26,42,6669.36,0,0.0,0,0.0,0,0.0
2026-05-18,3309,200822.71,94285.4,1147,47,59,9521.21,103.0,0,338,935,889,270,236,641,192,142,80,75,55,99,94,117,110,108,98,91,101,115,127,126,195,213,178,170,190,257,226,150,10715.2,9057.1,5635.0,3901.2,3533.6,6569.1,5354.8,7241.2,7444.1,6850.2,6855.3,6551.5,6300.9,7258.5,8294.2,6898.7,11610.5,11343.3,10545.1,11045.2,11539.6,15318.1,12486.0,8474.5,1560,73351.05,33489.0,1315,78118.17,33379.2,434,49353.49,27417.3,1355,75559.56,1713,106667.06,182,9074.88,59,9521.21,0,0.0,0,0.0,0,0.0
2026-05-19,3207,197861.77,93168.6,1142,49,62,12401.47,102.1,0,288,882,895,271,247,624,186,114,112,72,55,66,93,123,125,111,97,87,83,93,130,124,187,165,200,173,207,213,215,176,10591.5,7310.2,6519.2,4651.7,2913.8,5177.8,5148.2,7904.5,6847.0,8274.3,5602.5,5257.9,5596.8,6363.8,7305.0,7096.9,11185.7,11123.5,12420.0,11710.1,12153.6,13000.4,12318.9,11388.7,1473,69865.77,31898.0,1285,76691.08,32769.4,449,51304.92,28501.2,1328,74010.35,1660,103566.16,157,7883.79,62,12401.47,0,0.0,0,0.0,0,0.0
2026-05-20,3209,201121.82,95067.0,1136,47,59,9619.81,100.1,0,271,935,867,253,258,625,175,130,100,74,39,77,105,120,114,99,84,94,94,73,117,132,171,214,182,185,215,213,216,186,9265.8,6479.3,5496.4,3587.3,2350.1,4850.6,6668.4,8212.1,7973.2,7006.0,5307.5,6254.8,8327.8,4409.6,7422.8,7998.0,10528.1,13990.3,11701.5,11551.0,11550.9,12987.5,14409.5,12793.5,1419,67320.62,30736.1,1309,77977.25,33319.0,481,55823.95,31011.9,1381,84027.94,1594,98770.95,175,8703.12,59,9619.81,0,0.0,0,0.0,0,0.0
2026-05-21,3588,224324.31,105779.3,1314,59,83,13405.9,102.2,0,303,944,1027,332,309,673,213,153,111,70,70,89,112,124,139,115,123,105,115,94,145,146,211,242,226,204,197,202,210,172,11880.9,9288.7,5885.9,4684.0,4605.2,6436.8,7542.2,6642.2,7821.1,6408.8,7034.2,6217.5,7098.1,6210.6,9573.4,9175.4,14207.3,15663.2,14778.8,13479.1,11642.2,13905.7,13624.8,10518.3,1568,75458.31,34451.4,1471,88677.32,37891.2,549,60188.68,33436.7,1479,86572.06,1818,112224.72,208,12121.63,83,13405.9,0,0.0,0,0.0,0,0.0
2026-05-22,3224,201732.26,94892.3,1115,47,54,9630.21,98.7,0,321,891,897,282,249,584,246,210,152,87,77,79,85,87,79,70,40,54,73,125,107,110,175,190,190,179,191,228,204,186,14474.8,13413.8,10593.6,5431.9,4121.7,4359.0,4178.3,5797.3,4680.8,4292.9,2734.1,3101.3,4634.9,8033.5,7771.7,6555.9,9349.9,11385.9,10863.1,14633.3,15427.5,13770.4,11674.6,10452.2,1525,73056.09,33354.6,1306,77559.1,33140.3,393,51117.07,28397.4,1327,78551.26,1664,105078.7,179,8472.09,54,9630.21,0,0.0,0,0.0,0,0.0
2026-05-23,3176,212512.19,101702.8,1094,47,51,10439.07,99.4,0,286,908,888,261,222,611,192,153,112,88,81,76,91,122,104,84,101,85,77,83,82,134,182,178,188,195,197,195,199,177,11353.0,8734.4,8202.6,5322.5,6076.1,6446.3,9432.8,7282.3,6385.3,5752.1,6127.8,5652.4,5651.8,6469.3,4344.2,7723.2,11263.0,12740.6,11096.3,14460.0,13448.1,11545.1,13910.9,13092.3,1562,74310.06,33927.2,1170,70184.42,29989.2,444,68017.71,37786.3,1375,91219.88,1595,103076.76,155,7776.48,51,10439.07,0,0.0,0,0.0,0,0.0
2026-05-24,3537,253085.72,119549.4,1484,55,55,10732.84,108.0,0,270,857,926,347,297,840,207,184,139,89,82,105,97,138,131,108,108,98,85,106,133,129,189,185,197,185,212,241,199,190,14941.1,11575.3,9507.8,6044.6,10148.1,8027.6,7537.8,12058.5,9325.8,8992.4,8161.2,6356.7,8120.9,7815.6,9640.3,8979.8,11705.8,12069.3,14546.2,13804.8,14488.4,15632.0,12315.4,11290.5,1584,82274.9,37564.1,1471,100648.62,43007.6,482,70162.2,38977.7,1254,87580.39,2048,143878.57,180,10893.92,55,10732.84,0,0.0,0,0.0,0,0.0
2026-05-25,3137,217052.51,102500.4,1250,42,86,20679.07,107.3,0,221,827,839,293,261,696,222,152,126,92,83,74,95,96,105,98,75,80,88,82,109,118,164,216,183,172,172,177,205,153,13658.6,8957.4,7651.2,5554.8,7787.6,4980.3,6947.8,5865.5,7301.1,7000.8,4366.1,7047.1,5982.9,7067.1,10398.0,11641.5,10712.0,13999.0,13792.7,12681.4,10938.5,11038.0,12309.6,9373.9,1490,77110.23,35206.1,1247,81480.67,34816.8,400,58461.61,32477.5,1070,69190.22,1785,116206.08,196,10977.14,86,20679.07,0,0.0,0,0.0,0,0.0
2026-05-26,2543,150028.14,68845.4,922,36,36,2184.01,93.2,0,195,696,730,248,209,465,177,127,95,76,51,59,64,55,60,54,40,36,49,52,71,79,130,163,136,98,174,225,269,203,10382.3,7346.2,4861.3,4087.2,2905.1,3711.9,3342.1,2914.9,4315.9,3464.6,3051.0,2036.7,2554.0,3692.6,3960.1,4093.8,7690.9,10084.8,8731.2,5589.0,10551.2,13028.1,16581.7,11051.8,1231,60961.16,27832.8,1035,66026.17,28212.8,277,23040.81,12799.8,907,46958.57,1438,92656.88,162,8228.68,36,2184.01,0,0.0,0,0.0,0,0.0
2026-05-27,3148,198603.35,91699.9,1153,39,77,18012.06,98.6,0,236,884,875,259,274,620,197,149,114,116,89,116,164,112,112,89,78,73,88,78,82,103,139,149,181,191,176,190,200,162,11298.1,9551.8,8115.6,6792.6,5243.6,6779.5,10850.1,7084.5,6242.3,5090.8,5416.0,4962.0,4997.7,6425.8,4854.4,6393.2,9489.0,8959.7,12044.7,13137.4,10879.1,12201.1,12437.5,9357.0,1516,75581.75,34507.9,1342,86955.93,37156.3,290,36065.67,20035.7,1096,55060.88,1806,116965.83,169,8564.58,76,17977.06,1,35.0,0,0.0,0,0.0
2026-05-28,3110,199336.19,93021.2,1155,52,50,10714.6,99.6,0,259,832,864,295,239,621,181,157,119,94,71,109,89,111,84,96,63,62,52,70,96,111,151,192,183,195,225,219,214,166,10553.9,9444.0,6580.8,6692.3,4784.3,6178.5,5536.6,6381.5,5107.3,5567.1,3369.1,5904.5,2885.0,4345.4,6104.7,8738.6,8923.9,12858.6,12748.2,15024.1,13542.1,12686.7,15889.1,9490.1,1450,70780.24,32315.8,1337,83530.74,35692.3,323,45025.21,25013.1,1143,65325.62,1741,113633.51,176,9662.46,50,10714.6,0,0.0,0,0.0,0,0.0
2026-05-29,3560,235268.07,108422.0,1468,47,38,7887.87,103.8,0,256,905,931,331,319,818,195,155,139,131,72,76,95,91,77,90,74,51,73,114,112,120,180,213,210,241,282,289,244,236,12120.6,10155.0,8750.8,8271.3,5072.9,6297.2,5738.4,5156.5,4908.9,6196.0,4635.5,3879.3,4402.3,7079.5,7001.6,8568.6,11951.5,14066.1,15096.1,16580.2,16744.6,20003.3,17735.2,14856.8,1685,92269.49,42127.9,1491,102522.54,43808.4,384,40476.04,22485.7,1286,73358.56,1995,140141.56,240,13850.08,38,7887.87,0,0.0,0,0.0,1,30.0
2026-05-30,5482,413722.42,190325.1,2937,58,40,6440.27,118.2,0,326,994,1225,645,750,1542,267,218,154,127,92,130,126,145,165,186,144,148,196,246,250,263,351,368,364,361,352,302,279,248,19394.3,15635.1,10422.7,8104.8,6089.8,8995.4,8045.1,13077.9,12862.5,13193.0,10570.7,10204.8,15758.6,19361.3,20511.9,20024.9,30449.5,28612.6,30925.7,28648.1,25840.3,19619.8,19202.2,18171.4,2568,165166.25,75413.5,2272,180714.79,77223.3,642,67841.38,37688.3,1771,112430.7,3304,265619.57,367,29231.88,40,6440.27,0,0.0,0,0.0,0,0.0
2026-05-31,4326,293672.02,140720.3,1873,60,57,10447.56,107.5,0,294,1018,1141,430,451,992,239,180,191,103,90,103,133,147,158,189,162,146,188,167,149,178,195,230,257,217,239,255,247,163,13811.3,10103.0,11897.0,5973.1,6697.9,6287.3,8760.3,10273.9,11288.7,14286.8,12427.7,12259.3,15723.4,11035.2,13174.9,13605.0,13124.0,14825.4,16769.0,14153.2,16513.8,15338.5,15552.6,9790.9,1882,96827.34,44208.7,1531,100147.99,42793.3,913,96696.69,53718.4,2088,137126.71,1953,133189.07,228,12908.68,57,10447.56,0,0.0,0,0.0,0,0.0
2026-06-01,4311,273185.17,128713.3,1727,65,46,7813.57,101.0,0,315,1098,1171,434,441,852,236,216,154,131,94,108,133,159,145,127,145,136,115,121,154,172,218,259,252,249,237,265,259,226,14067.5,13589.8,8742.1,7716.5,5320.9,7947.4,8060.2,10948.9,8811.2,8551.3,9103.7,9217.3,7406.1,8644.0,10060.0,11407.3,13938.5,16217.6,15207.5,16120.4,14435.5,16710.7,16085.1,14876.0,1972,98507.88,44975.6,1636,103723.42,44320.7,703,70953.87,39417.0,2024,119033.19,1945,129561.9,296,16776.51,46,7813.57,0,0.0,0,0.0,0,0.0
2026-06-02,4260,262176.72,122865.4,1632,76,35,3538.03,96.5,0,331,1089,1208,427,362,843,252,173,113,93,76,141,188,202,167,153,139,138,171,180,150,150,203,232,205,243,242,232,232,185,14740.3,9759.1,6519.0,5289.0,4986.6,9696.9,11134.8,12291.3,10170.8,10133.5,9636.5,8709.6,9938.4,10123.5,10064.3,9151.2,12335.7,14774.4,13030.1,16267.5,15775.3,13039.6,13523.9,11085.5,2014,98855.97,45134.0,1597,101364.5,43312.9,649,61956.25,34418.4,1975,112988.6,2030,132406.91,219,13223.18,34,3523.03,1,15.0,0,0.0,1,20.0
2026-06-03,4197,257606.42,121805.3,1566,76,34,5278.0,97.6,0,315,1137,1179,404,346,816,232,145,98,97,77,117,222,188,157,157,139,149,177,178,162,163,169,238,217,223,244,247,222,179,13919.9,8718.4,5804.7,5618.0,5468.9,8719.2,13704.6,10692.3,9246.5,10240.7,9856.6,11135.5,10459.1,10355.3,9614.6,10685.3,10119.9,14677.1,12207.7,13564.0,14158.8,15993.6,12343.0,10302.9,1942,92099.37,42048.8,1556,95040.26,40610.2,699,70466.79,39146.3,2034,120315.76,1833,115117.87,296,16894.79,34,5278.0,0,0.0,0,0.0,0,0.0
2026-06-04,4262,260058.63,121886.7,1614,75,34,2212.04,97.2,0,336,1153,1159,426,384,804,191,135,98,75,60,135,184,166,146,159,139,136,151,158,169,175,242,255,248,244,276,254,233,233,10226.0,7297.9,4932.9,3764.2,3852.7,11112.1,10744.2,9846.6,9204.0,9898.2,7949.5,9687.6,8843.2,8935.3,10834.9,11392.0,15506.1,16949.0,16861.6,15198.6,15525.8,15012.7,13018.4,13465.2,1990,95927.33,43797.0,1635,102079.12,43618.0,637,62052.18,34471.7,1919,112063.47,1988,127089.98,321,18693.14,34,2212.04,0,0.0,0,0.0,0,0.0
2026-06-05,4005,238221.57,109903.1,1481,55,37,2361.0,95.6,0,342,1052,1130,373,340,768,239,174,134,112,93,96,91,97,92,84,74,57,71,131,136,174,254,311,272,272,264,278,274,225,13887.1,9201.9,7996.8,6767.6,4914.1,5633.8,5218.8,5486.4,4968.0,4344.7,4426.3,3129.5,4167.4,7597.1,7933.5,10429.6,17019.9,21479.6,18086.9,15786.5,16400.7,15746.2,14940.3,12659.1,1981,100266.49,45778.5,1540,97582.09,41696.5,484,40372.99,22428.1,1815,96670.7,1856,120673.12,297,18516.75,37,2361.0,0,0.0,0,0.0,0,0.0
2026-06-06,4078,256132.94,120736.3,1618,66,41,4703.37,102.6,0,363,1024,1073,394,374,850,254,163,124,99,80,95,117,143,134,117,116,129,98,122,160,178,187,265,251,247,255,261,249,234,13945.9,9138.0,7910.7,4985.0,4441.1,9051.1,8122.4,10702.4,8381.1,7892.7,8031.4,10254.2,5755.4,8521.1,9024.5,11099.2,12549.3,16491.9,15969.9,14250.8,15388.7,15528.1,14951.0,13747.1,1920,93064.67,42489.9,1511,96252.28,41128.1,647,66815.99,37118.4,1991,116247.97,1796,120580.04,250,14601.56,41,4703.37,0,0.0,0,0.0,0,0.0
2026-06-07,4293,252764.52,118301.2,1451,58,33,4188.78,98.9,0,369,1240,1233,362,322,767,247,159,102,81,76,134,215,231,187,169,167,163,137,186,158,146,215,202,224,215,203,221,241,214,14217.1,8801.1,5385.6,4132.4,5191.7,10056.5,12027.5,13515.5,10663.5,10007.2,10376.1,8718.8,7263.0,11202.4,9862.9,8879.6,12400.6,12096.4,12970.8,14168.0,11454.3,12920.4,14525.8,11927.3,2096,97556.74,44540.3,1595,97174.51,41521.9,602,58033.27,32239.0,2111,112945.38,1887,119087.1,262,16543.26,33,4188.78,0,0.0,0,0.0,0,0.0
2026-06-08,4178,246289.59,114856.0,1490,59,38,4137.02,97.2,0,379,1172,1137,369,334,787,183,126,110,62,85,139,194,216,175,160,161,142,196,172,159,157,196,247,225,211,206,220,230,206,10822.0,6162.4,6150.3,3998.8,4618.5,8403.3,10657.1,12259.0,10960.6,9787.5,9580.5,8437.7,12040.4,9398.7,9186.2,8970.5,12908.4,14285.8,13977.6,12162.8,13465.7,12988.0,13971.1,11096.8,2007,97170.62,44364.5,1599,96290.03,41143.7,572,52828.94,29347.8,1933,104335.28,1971,124082.23,236,13735.06,38,4137.02,0,0.0,0,0.0,0,0.0
2026-06-09,4052,231240.22,107665.4,1333,66,29,3633.54,93.9,0,387,1176,1156,333,315,685,196,133,81,65,76,147,204,202,155,173,126,129,147,153,142,143,197,248,236,203,255,247,203,191,9750.9,7344.9,3976.9,3249.4,3672.0,10477.1,10728.8,11410.0,9539.4,9975.4,7257.2,7553.0,7489.7,8631.4,9326.9,8156.6,13035.9,15027.5,14097.9,11358.1,13142.5,12990.9,11794.7,11252.8,2024,94165.61,42992.2,1524,89484.05,38235.5,504,47590.56,26437.7,1921,100498.27,1848,111896.87,254,15211.54,29,3633.54,0,0.0,0,0.0,0,0.0
2026-06-10,4357,250971.23,116621.9,1481,73,28,3427.49,97.3,0,417,1237,1222,398,342,741,230,131,117,81,89,136,226,217,174,179,158,126,166,141,168,166,239,245,255,241,239,226,233,174,13105.9,7036.5,5990.4,3560.6,5257.5,10719.8,12806.7,13068.3,10743.4,9956.1,8784.0,7404.0,10574.5,8708.5,10054.0,9961.4,14388.0,13811.4,15359.2,12773.7,13022.9,12148.1,11778.1,9958.6,2150,100688.82,45970.6,1670,100084.07,42765.0,537,50198.34,27886.3,1900,100317.61,2137,132035.56,292,15190.57,28,3427.49,0,0.0,0,0.0,0,0.0
2026-06-11,4320,256617.3,119106.1,1578,71,35,3250.62,98.2,0,374,1211,1157,432,336,810,194,130,84,73,72,119,155,181,139,156,161,134,166,169,204,171,215,266,247,271,271,271,271,200,11096.4,6152.2,4825.4,3414.6,4354.5,7861.5,9624.6,10409.7,8474.1,9447.0,11302.8,7835.0,9888.7,10306.4,13878.3,11798.9,12755.6,16343.7,14723.8,14410.6,15594.2,14820.3,16009.2,11289.9,2106,99571.65,45460.4,1673,106038.28,45309.8,541,51007.37,28335.9,1913,103371.84,2166,138713.41,206,11281.43,35,3250.62,0,0.0,0,0.0,0,0.0
2026-06-12,3731,216223.37,99817.6,1303,54,35,4435.08,96.3,0,342,1049,1037,344,292,667,241,176,138,123,67,108,75,83,89,56,52,39,89,139,145,144,210,262,284,268,247,268,250,178,13726.4,9718.5,8363.1,6827.4,4521.0,5967.1,4219.4,4020.8,5949.1,2749.3,3671.4,2005.1,5213.8,8936.6,9203.5,9895.2,13152.8,15644.2,15953.2,14649.2,13559.6,15236.7,13859.7,9180.5,1812,85551.62,39059.6,1493,92280.7,39430.9,426,38391.05,21327.1,1706,88549.83,1742,109371.62,248,13866.84,35,4435.08,0,0.0,0,0.0,0,0.0
2026-06-13,3949,235601.54,109880.4,1447,59,38,3738.34,99.0,0,352,1084,1066,383,344,720,245,179,138,112,74,106,110,99,117,106,114,124,136,100,124,168,213,258,248,247,237,260,242,192,12728.3,9504.3,7844.4,7067.4,3677.6,6377.2,5965.7,6479.4,7197.3,6695.2,7072.3,8329.5,8738.2,5369.1,8294.2,10384.8,13340.3,16805.5,15320.3,14475.1,13571.9,15592.0,14370.0,10401.5,1919,93364.08,42626.7,1479,91730.35,39196.0,551,50507.11,28057.8,1913,101457.47,1774,116688.01,224,13717.72,38,3738.34,0,0.0,0,0.0,0,0.0
2026-06-14,3982,229056.42,105849.5,1410,68,28,2365.34,94.6,0,382,1113,1077,358,317,735,202,127,69,85,62,130,188,215,156,177,126,151,133,144,157,169,214,238,217,207,224,211,228,152,10474.3,6527.8,3879.7,4276.5,3604.7,8014.2,11002.8,11706.9,9768.2,10422.4,7650.7,8514.8,8064.5,8842.9,10164.3,10028.4,13192.3,13653.6,12377.9,11293.5,11844.1,12249.9,13094.7,8407.4,1936,90352.54,41251.2,1566,97129.97,41503.1,480,41573.91,23095.2,1854,96174.78,1891,118819.24,209,11697.06,28,2365.34,0,0.0,0,0.0,0,0.0
2026-06-15,3912,228181.92,106626.1,1313,59,36,5117.03,98.3,0,371,1118,1110,337,290,686,187,109,89,64,31,103,167,194,156,164,140,105,137,165,138,147,205,271,249,224,232,243,234,158,10480.5,6079.0,5204.5,3507.2,1853.4,6167.0,8817.9,10656.7,9527.5,12356.2,9202.8,6556.5,8398.2,9728.1,9685.3,8097.0,12932.7,16660.9,14712.6,12556.6,13074.4,12230.0,12480.3,7216.7,1857,86739.26,39601.8,1524,90073.42,38487.6,531,51369.24,28536.7,1869,102004.48,1787,109602.44,220,11457.97,36,5117.03,0,0.0,0,0.0,0,0.0
2026-06-16,4141,242510.2,113574.7,1420,54,39,5082.51,97.2,0,399,1203,1119,340,342,738,214,92,86,108,85,117,174,171,168,164,154,172,175,168,168,146,221,222,248,229,239,257,200,163,10599.6,4175.9,4629.0,6965.5,4772.7,7326.5,9658.3,10191.7,9035.4,10093.6,9516.1,10528.1,11682.3,10771.3,10137.8,9007.2,13403.5,13538.4,13915.3,13984.4,13892.5,13052.0,12272.2,9360.8,2032,95514.99,43608.3,1561,91185.84,38962.7,548,55809.37,31003.7,2009,109793.03,1843,113390.29,250,14244.37,39,5082.51,0,0.0,0,0.0,0,0.0
2026-06-17,4020,230062.79,107079.0,1383,64,34,1755.02,96.0,0,341,1139,1157,359,345,679,218,114,91,89,76,119,168,198,137,137,145,120,136,138,143,166,212,248,266,203,210,243,260,183,11729.6,5563.9,4521.6,5504.6,4013.0,7927.4,9743.3,10462.0,8055.9,7566.5,8094.6,8091.7,8465.2,8576.9,8215.8,10399.4,12876.6,14172.0,14674.1,11360.8,11546.6,14599.9,14027.3,9874.3,1921,91129.0,41605.9,1543,91299.08,39011.0,556,47634.71,26462.1,1919,101732.87,1850,113701.74,217,12873.16,34,1755.02,0,0.0,0,0.0,0,0.0
2026-06-18,4408,256306.93,119620.8,1526,59,33,4436.12,95.7,0,443,1250,1189,393,345,788,191,128,75,87,68,111,170,188,158,169,171,165,163,161,176,187,209,267,292,247,269,275,277,204,9774.0,6540.0,3701.1,5028.6,3431.1,6168.2,9831.8,10265.0,9635.8,10113.3,9408.6,10494.8,10037.6,10319.3,11507.0,11717.6,12533.8,16307.8,17132.5,15159.9,14941.5,15451.8,15763.5,11042.4,2098,95926.77,43796.1,1699,103486.8,44219.1,611,56893.36,31605.6,2159,113754.49,1947,123406.38,269,14709.94,33,4436.12,0,0.0,0,0.0,0,0.0
2026-06-19,3642,209891.25,98006.0,1248,58,40,3770.82,94.9,0,382,1036,976,338,278,632,239,169,161,106,79,94,90,65,79,67,71,45,69,115,144,163,202,257,244,201,244,276,252,210,12572.3,8767.6,8151.6,6602.8,3873.8,5339.3,5183.1,3721.2,4143.3,3817.5,4264.2,3553.4,4053.9,6742.3,8878.9,12247.4,12540.7,14529.4,14310.9,11813.2,14012.2,15774.9,14380.3,10617.1,1784,81067.05,37011.9,1387,82435.34,35223.8,471,46388.86,25770.3,1801,97690.95,1573,96878.35,228,11551.13,40,3770.82,0,0.0,0,0.0,0,0.0
2026-06-20,3904,237638.45,111958.9,1426,54,47,3983.86,99.1,0,381,1049,1048,358,331,737,214,143,119,91,81,104,136,125,130,122,135,100,113,120,126,138,194,248,272,206,264,256,253,214,11545.9,7880.2,7076.0,5168.0,5064.1,11200.4,8582.5,6994.7,9008.4,7569.8,8142.6,6576.4,6835.3,7193.3,8961.6,8818.6,12034.8,14300.1,16956.3,11796.3,15950.9,14542.4,14314.4,11125.5,1830,87521.98,39959.2,1477,88854.42,37966.9,597,61262.05,34032.8,1909,110590.83,1699,109649.03,249,13414.73,47,3983.86,0,0.0,0,0.0,0,0.0
2026-06-21,4014,227176.35,106220.1,1311,64,29,2301.89,93.6,0,423,1152,1128,342,311,658,181,116,78,85,66,134,223,194,156,176,213,177,140,144,174,154,203,211,224,187,156,233,216,173,8788.1,5492.0,4443.1,4310.3,4301.5,8114.3,10922.8,11449.1,9682.5,10490.7,11351.4,11016.4,8361.3,8938.0,10491.4,9824.8,12932.5,13075.0,11988.4,9460.8,9071.6,13334.9,11064.4,8271.3,1942,87442.74,39922.7,1538,88335.2,37744.3,534,51398.41,28553.0,2016,104224.56,1767,108954.96,201,11578.94,29,2301.89,0,0.0,0,0.0,1,116.0
2026-06-22,4095,232168.41,108448.8,1367,56,40,4263.47,96.7,0,411,1214,1103,381,310,676,198,111,87,75,63,136,214,192,152,169,195,136,141,134,165,175,207,249,222,218,228,215,236,177,10570.3,7111.3,4202.9,4169.6,3752.6,8623.4,11185.9,10868.4,8225.4,10044.9,10364.0,8149.9,9404.6,7851.9,11538.3,10142.0,12021.8,14757.1,11623.2,11827.6,12818.8,10570.1,13859.0,8485.5,2027,92071.69,42036.0,1502,89011.98,38034.0,566,51084.74,28378.8,1993,102909.58,1840,113090.21,222,11905.15,40,4263.47,0,0.0,0,0.0,0,0.0
2026-06-23,4149,243418.62,114381.5,1395,73,54,7434.43,99.4,0,402,1199,1153,357,280,758,181,103,85,63,63,117,197,180,173,245,186,155,132,148,181,165,211,262,245,223,246,229,233,126,9607.8,5686.0,5571.9,3453.0,3546.5,6727.7,8923.7,10881.5,11217.7,12919.0,11823.6,9166.7,8646.3,9215.5,11554.3,11148.1,11427.5,18217.5,13836.5,13363.6,14175.7,12473.6,13681.8,6153.2,2009,91376.76,41718.6,1539,92018.73,39318.6,601,60023.13,33344.3,2080,114075.62,1803,111338.32,212,10570.25,54,7434.43,0,0.0,0,0.0,0,0.0
2026-06-24,4206,245243.31,115419.8,1438,65,43,3668.78,98.1,0,414,1226,1128,362,337,739,171,122,105,78,74,110,220,184,184,191,156,131,165,174,193,179,196,265,227,206,225,234,221,195,8762.6,7001.7,5462.3,3589.9,4134.4,7166.1,12189.1,11449.7,11245.9,11079.8,10752.3,8020.5,10865.1,10559.3,12715.7,10999.0,10890.5,15301.7,12517.4,10488.1,13089.4,13896.0,12473.5,10593.6,2046,94224.79,43018.9,1547,89630.85,38298.3,613,61387.67,34102.5,2042,112724.66,1880,115714.04,241,13135.83,43,3668.78,0,0.0,0,0.0,0,0.0
2026-06-25,4236,246658.37,114337.6,1411,77,49,4465.85,96.8,0,443,1233,1149,351,327,733,211,112,91,90,78,106,205,121,139,146,152,106,100,155,168,176,257,279,286,194,264,286,296,218,11224.6,5709.7,4704.0,4979.7,4573.5,5213.9,9889.5,6410.8,7828.5,6969.9,8114.6,5990.8,5197.2,8700.9,13701.8,12310.2,16716.7,19607.9,16454.4,10123.5,16077.3,15610.8,15232.0,15316.3,2108,97602.55,44561.3,1688,101598.17,43412.1,440,47457.65,26364.1,1920,105161.64,1951,119663.98,316,17366.9,49,4465.85,0,0.0,0,0.0,0,0.0
2026-06-26,3819,220587.68,102828.7,1326,47,50,2970.13,97.9,0,386,1089,1018,326,321,679,244,186,165,131,91,97,93,79,86,52,52,42,89,143,191,204,227,266,238,213,239,257,238,196,12321.8,9684.4,9359.5,6926.5,4556.3,5354.8,5989.0,4581.5,4721.7,3653.4,3294.6,2262.7,4486.9,8630.6,12795.6,16396.5,14661.9,14588.7,13662.5,12521.1,14247.7,14037.9,12140.2,9711.9,1811,82174.22,37517.3,1474,90309.57,38588.7,534,48103.89,26722.8,1795,96362.43,1715,107120.68,259,14134.44,50,2970.13,0,0.0,0,0.0,0,0.0
2026-06-27,4001,239301.74,112981.0,1421,56,53,4178.74,100.7,0,401,1095,1084,346,352,723,254,173,142,80,54,129,111,107,141,145,126,113,132,135,164,162,208,280,246,195,240,233,236,195,15697.1,8723.0,7663.7,4251.6,3183.3,7624.2,7577.9,8941.7,9067.0,8175.0,7807.2,8340.1,7329.3,7562.4,10685.7,10444.7,13797.5,15880.6,14433.2,11113.3,13738.7,13410.4,13382.5,10471.8,1869,85771.96,39160.0,1484,89436.66,38215.6,648,64093.12,35605.4,2011,116084.11,1678,105601.25,259,13437.64,53,4178.74,0,0.0,0,0.0,0,0.0
2026-06-28,4744,305338.25,142116.0,1931,64,53,5949.32,105.2,0,380,1162,1271,437,438,1056,203,144,129,86,91,147,237,204,188,180,217,170,162,171,181,197,224,292,271,240,250,271,292,197,11323.3,8490.7,8994.5,4953.7,6373.0,9989.3,15618.2,14349.5,12155.7,11510.3,14151.1,11032.0,11596.3,12272.2,13911.6,12988.0,14370.4,19640.4,16829.9,14156.2,16244.8,16290.5,16811.2,11285.6,2237,115037.46,52522.4,1848,125743.79,53730.6,659,64557.0,35863.0,1975,112010.01,2381,165784.99,335,21593.93,53,5949.32,0,0.0,0,0.0,0,0.0
2026-06-29,4058,245728.44,116593.1,1464,62,52,4705.87,102.0,0,408,1083,1103,371,357,736,221,145,127,82,71,128,183,193,168,157,145,145,121,115,133,159,158,187,265,227,255,228,241,204,12111.1,7892.8,8157.0,5036.4,4263.6,8592.8,11896.5,14137.8,9711.8,9900.7,8560.6,9796.7,6694.6,7245.4,8472.2,10478.5,10430.0,11964.3,15907.5,13377.5,13667.7,12615.6,12392.7,12424.9,2176,103579.66,47290.7,1224,75371.08,32205.6,658,66777.7,37096.8,1837,107529.57,1943,119910.93,226,13582.07,52,4705.87,0,0.0,0,0.0,0,0.0
2026-06-30,4319,264956.36,124543.1,1596,74,49,4591.18,104.5,0,403,1136,1184,381,373,842,212,156,104,86,94,114,146,186,173,147,191,146,139,181,218,182,192,256,249,234,260,229,240,184,11005.0,8568.6,6819.6,4745.5,5955.2,6628.7,8812.5,11707.7,12864.1,8640.0,10561.6,9270.2,10250.8,11559.9,15473.5,13676.4,12330.2,15180.5,13777.6,14041.5,15351.0,14428.8,13624.2,9683.3,2023,96176.25,43910.6,1614,102388.67,43750.3,682,66391.44,36882.3,1921,110472.26,2044,130172.84,305,19720.08,49,4591.18,0,0.0,0,0.0,0,0.0
2026-07-01,4484,278123.06,131225.7,1694,60,49,4530.05,103.3,0,385,1155,1250,413,424,857,235,169,141,109,105,136,163,194,173,181,182,186,165,205,201,186,255,284,266,240,198,193,175,142,12831.8,9765.0,7303.0,6000.8,6419.2,7013.5,9909.6,14583.7,12252.4,11420.8,11776.9,12837.6,10470.3,13585.7,14180.1,11921.3,18089.7,18401.6,16652.3,13748.6,10363.2,11268.7,8687.4,8640.0,2338,112678.91,51445.1,1432,94582.51,40415.1,714,70861.64,39365.4,1927,113509.73,2226,144147.37,282,15935.91,49,4530.05,0,0.0,0,0.0,0,0.0
2026-07-02,4929,311311.3,146311.6,1923,74,56,5123.05,108.0,0,376,1305,1325,497,434,992,212,157,143,111,85,130,173,144,176,165,155,178,166,189,189,230,260,306,321,281,316,308,305,229,12139.8,8827.9,6889.0,5969.7,5031.0,8131.0,10860.1,10209.5,13231.1,10613.3,9784.3,12312.3,11020.2,13566.2,14915.1,16724.6,17461.4,20758.5,19086.0,17998.7,18600.6,18378.3,15725.8,13077.1,2297,114922.91,52470.1,1863,118986.29,50842.5,769,77402.1,42999.0,2202,132602.84,2390,157660.55,281,15924.86,56,5123.05,0,0.0,0,0.0,0,0.0
2026-07-03,3864,240335.94,111827.9,1470,54,39,3974.08,103.6,0,336,1020,1038,401,339,730,262,212,162,136,91,127,92,80,82,89,65,59,70,144,183,191,194,250,232,221,264,259,239,160,15133.0,11589.4,10171.3,7727.7,5117.8,8364.7,5926.9,6550.2,5138.1,5331.8,4627.0,3829.2,4064.9,9085.9,15455.9,14758.7,12341.4,14818.0,12634.4,12949.4,15897.0,15329.7,14148.2,9345.5,1930,95647.44,43669.5,1497,95300.66,40721.8,437,49387.84,27436.5,1681,97863.78,1903,124609.64,241,13888.44,39,3974.08,0,0.0,0,0.0,0,0.0
2026-07-04,4305,281989.36,133857.6,1762,51,56,6258.2,104.6,0,352,1077,1114,423,432,907,261,179,163,113,110,141,135,110,164,142,115,125,129,142,176,203,187,272,289,246,299,265,185,154,15070.1,10726.3,8579.2,8084.7,6738.8,8199.0,9076.0,11272.1,14909.7,9371.5,7631.0,8636.8,9440.3,9753.3,13307.1,14731.2,12450.8,18555.7,18906.5,14615.5,18761.7,14826.5,9257.3,9088.4,2155,108350.26,49469.4,1430,94157.02,40233.3,720,79482.08,44154.8,1991,126161.7,2037,135615.75,221,13953.71,56,6258.2,0,0.0,0,0.0,0,0.0
2026-07-05,4182,267994.18,127209.8,1635,57,56,6780.85,104.9,0,358,1059,1130,386,375,874,216,142,123,95,70,119,141,157,146,152,163,172,157,140,192,204,224,270,261,196,158,217,270,197,12117.0,8228.3,6253.8,5171.9,3951.1,7431.9,10828.6,11990.9,10189.0,11100.3,10686.7,11279.2,11094.3,9420.1,15529.3,13909.7,14885.1,18310.8,17029.5,10665.2,8017.4,12413.0,15108.7,12382.5,2022,99357.35,45362.9,1439,92299.38,39439.2,721,76337.45,42407.7,1898,113260.59,2036,135994.47,192,11958.27,56,6780.85,0,0.0,0,0.0,0,0.0
2026-07-06,4460,280507.26,133098.8,1667,66,53,5838.11,107.1,0,409,1170,1214,418,370,879,227,159,119,119,118,108,117,148,166,158,181,143,156,134,186,215,222,297,270,260,257,283,232,185,11922.2,9297.6,6528.9,6681.5,7159.9,6682.2,6631.5,12381.2,15255.7,9623.7,11515.8,9221.5,11561.2,8348.4,14396.6,15330.5,14190.2,17906.7,16897.4,15380.2,15438.3,14703.8,12924.8,10527.4,2074,98826.74,45120.7,1638,100989.12,43151.8,748,80691.4,44826.3,2088,129301.95,2098,133528.77,221,11838.43,53,5838.11,0,0.0,0,0.0,0,0.0
2026-07-07,4429,279516.41,132452.4,1667,52,54,4812.08,104.7,0,408,1160,1194,397,363,907,248,179,133,85,83,108,159,146,165,179,166,127,153,196,188,203,200,260,278,229,222,238,282,202,15177.8,10550.1,8513.8,4499.0,5160.1,6535.8,9076.6,10371.8,12327.9,12645.3,10024.1,8004.2,10771.4,11894.2,15632.3,14019.9,12812.3,18522.6,16739.0,12789.5,12506.9,13652.5,15405.6,11883.6,2088,100434.32,45854.8,1607,100502.06,42944.0,734,78580.03,43653.6,2036,123446.53,2124,139813.89,215,11443.91,54,4812.08,0,0.0,0,0.0,0,0.0
2026-07-08,4438,282110.59,134059.6,1661,67,54,6763.18,105.2,0,391,1242,1144,427,366,868,248,145,116,82,91,133,137,155,159,148,160,149,160,163,184,192,229,281,269,258,264,256,264,195,13276.6,9111.0,5615.5,5170.2,5082.2,8109.7,8715.5,9445.3,13595.4,11738.8,9568.3,9402.1,10405.3,13078.4,14165.7,15179.5,14757.5,16020.6,16371.9,14163.0,14682.8,15592.9,15752.7,13109.8,2086,98011.52,44748.2,1626,101073.19,43188.1,726,83025.88,46123.4,2094,130967.32,2081,132865.5,209,11514.59,54,6763.18,0,0.0,0,0.0,0,0.0
2026-07-09,4826,307266.54,144983.7,1819,58,56,7845.87,107.7,0,411,1269,1327,432,433,954,225,194,154,138,85,143,123,162,177,157,156,145,176,181,219,216,253,282,262,280,329,291,289,189,12962.7,10790.5,8826.3,7441.7,4260.7,9634.0,7312.7,10538.7,13673.1,9703.1,9061.7,11278.7,13087.8,14012.0,16972.4,15165.9,15958.5,19385.8,18923.6,15938.1,19112.1,17084.2,16117.4,10024.9,2264,110726.32,50553.7,1798,115055.37,49162.8,764,81484.85,45267.2,2143,129351.35,2391,157345.7,236,12723.62,56,7845.87,0,0.0,0,0.0,0,0.0
2026-07-10,4176,268311.5,126329.3,1695,67,54,5927.05,106.7,0,328,1043,1110,461,381,853,242,202,183,177,108,110,95,83,67,69,94,76,76,141,191,232,230,257,291,252,275,250,269,206,13230.6,11414.7,12075.1,9916.9,6343.9,5734.5,7392.7,4507.8,3931.9,4101.0,7420.0,6081.1,4367.1,9338.5,14059.2,19519.2,16571.5,18953.9,18996.7,15853.2,15782.9,15784.5,14620.2,12314.4,1944,98161.16,44817.4,1594,101470.77,43358.2,638,68679.57,38153.8,1885,117334.17,1991,132393.79,246,12656.49,54,5927.05,0,0.0,0,0.0,0,0.0
2026-07-11,4172,275649.04,131967.2,1636,58,46,5332.3,108.2,0,356,1056,1124,397,365,874,242,218,171,138,110,132,141,113,140,118,144,126,124,156,166,212,232,278,273,252,183,166,169,168,14279.9,12534.8,11010.7,7387.1,6081.6,9559.7,10102.8,10041.0,13630.7,8010.3,9617.9,10042.2,9150.8,12358.1,11645.3,15240.8,17148.2,18587.5,16049.0,14883.1,11012.4,9967.9,8599.4,8707.8,2106,103169.25,47103.8,1305,85425.57,36502.2,761,87054.22,48361.3,1993,128784.16,1913,129275.59,220,12256.99,46,5332.3,0,0.0,0,0.0,0,0.0
2026-07-12,4242,268945.45,127959.5,1642,60,59,6296.91,105.1,0,369,1101,1130,423,383,836,207,162,113,116,77,129,157,202,151,135,170,131,151,177,200,184,203,277,259,240,161,214,242,184,11024.9,9509.6,6356.7,6432.9,3714.9,8012.7,9068.0,12943.0,12094.2,9815.6,11951.4,8841.0,13256.4,11307.4,14115.3,13511.0,13708.8,17403.3,16057.2,14890.9,9036.3,11388.2,14077.0,10429.1,2122,103064.53,47055.7,1403,87715.41,37480.4,717,78165.51,43423.4,1959,122603.54,2010,128975.9,214,11069.1,59,6296.91,0,0.0,0,0.0,0,0.0
2026-07-13,4289,271086.4,128624.6,1663,60,54,4601.08,105.7,0,378,1114,1134,436,389,838,234,141,118,82,78,125,130,154,148,141,151,139,150,162,209,195,225,283,254,220,247,281,236,186,12087.5,7545.6,6528.4,4407.4,4152.2,8859.4,7266.5,10152.0,13212.4,10456.6,8915.4,10758.4,10240.9,10415.6,17026.8,14078.4,14829.2,18377.3,15683.1,12949.8,14634.0,15709.3,12739.7,10060.7,1995,95007.88,43377.0,1553,98017.75,41882.6,741,78060.77,43365.0,2065,126973.05,1971,128387.24,199,11125.03,54,4601.08,0,0.0,0,0.0,0,0.0
2026-07-14,4369,276694.5,131283.0,1674,66,54,6449.8,106.0,0,380,1130,1185,428,360,886,207,136,145,101,68,146,156,165,162,164,145,135,166,150,212,213,236,263,256,236,258,265,199,185,11901.5,7358.7,9254.6,5480.7,3184.6,8857.0,9418.7,10941.9,13547.2,11328.4,9116.4,8856.0,13185.6,9221.6,16229.9,16955.3,15890.8,16927.6,16007.1,13986.5,14313.8,14890.1,9606.6,10234.1,2050,97866.95,44682.5,1576,99376.38,42463.2,743,79451.17,44137.3,2105,129943.69,1966,127308.68,244,12992.33,54,6449.8,0,0.0,0,0.0,0,0.0
2026-07-15,4283,270797.13,129184.0,1567,64,53,6344.08,108.2,0,398,1093,1225,404,311,852,249,131,126,102,87,138,141,163,188,133,139,140,137,153,211,175,235,270,244,235,273,247,214,152,13661.4,7080.1,7221.9,5575.6,5695.8,9354.0,8115.5,11894.4,19212.5,8676.8,7816.7,8168.2,9525.7,9850.8,17058.0,13078.1,16229.0,17697.8,14112.2,12987.7,15012.4,14056.9,11351.6,7364.1,2050,96029.65,43843.4,1474,91611.25,39145.0,759,83156.23,46195.6,2111,131148.68,1901,120679.74,218,12624.63,53,6344.08,0,0.0,0,0.0,0,0.0
2026-07-16,4618,292782.4,138904.0,1761,68,57,7424.33,105.3,0,432,1211,1214,460,418,883,234,190,126,99,69,124,124,159,177,162,152,142,152,156,205,209,219,258,291,267,298,289,300,216,13241.4,10943.2,7180.1,5267.4,4560.5,7038.9,8474.0,10083.8,13364.8,9588.7,11038.4,9847.9,10492.4,10303.2,15873.7,15415.8,15310.5,16633.2,17429.6,17499.4,17204.7,17502.1,16049.4,12439.8,2174,104278.38,47609.7,1686,104693.79,44735.1,758,83810.23,46559.1,2251,136694.33,2065,132567.12,245,16096.62,56,7394.33,1,30.0,0,0.0,0,0.0
2026-07-17,4047,247577.46,116505.7,1539,70,50,5334.51,102.6,0,348,1074,1086,434,340,765,248,203,163,157,97,120,108,96,86,64,52,58,77,144,195,198,253,289,245,207,259,282,247,199,14195.5,10842.5,9677.2,8701.2,5710.5,6965.6,5777.5,6656.7,5372.1,4364.5,3510.1,4199.6,4807.5,9244.4,14071.8,14962.4,17100.3,19169.0,14750.4,12313.8,15970.8,14997.0,12576.4,11640.6,1895,91948.85,41980.7,1525,93039.92,39755.3,627,62588.69,34769.8,1967,112662.53,1835,119577.04,195,10003.38,50,5334.51,0,0.0,0,0.0,0,0.0
2026-07-18,4473,287450.65,136587.6,1772,84,50,6973.04,105.0,0,396,1161,1144,482,375,915,253,211,148,132,113,114,137,131,128,126,141,112,137,168,184,190,241,266,281,241,256,259,282,222,13422.7,11301.6,7796.4,6955.8,6374.8,7146.6,8589.3,11162.7,9581.3,8538.5,10566.1,8484.3,10784.4,12583.2,14000.1,15086.8,15689.8,16765.1,17490.0,15595.1,15607.1,14574.8,16748.9,12605.2,2048,100762.87,46004.7,1631,102372.98,43743.5,794,84314.8,46839.3,2187,132888.33,2007,133685.47,229,13903.81,50,6973.04,0,0.0,0,0.0,0,0.0
2026-07-19,4278,267694.91,127728.8,1608,77,51,4054.06,101.3,0,393,1136,1141,433,361,814,275,179,113,110,73,117,149,132,185,136,159,138,139,162,190,185,228,272,268,234,263,249,190,132,14954.5,8804.4,5757.2,5626.6,4248.0,6713.8,10350.5,8238.4,15182.0,8962.6,13005.0,9067.2,9188.7,10017.2,14820.9,14193.3,14580.8,18488.8,16709.6,13537.9,13943.6,13216.4,10952.1,7135.3,1980,94147.89,42984.5,1523,90972.31,38871.7,775,82574.71,45872.6,2178,135220.22,1798,115306.76,251,13113.87,51,4054.06,0,0.0,0,0.0,0,0.0
2026-07-20,4600,285626.85,135892.9,1700,76,58,4669.61,105.1,0,442,1233,1225,429,379,892,143,175,152,105,84,120,151,153,172,145,158,182,145,145,191,197,219,295,303,276,312,277,301,199,8905.2,9603.1,7488.0,5735.4,4899.0,7963.7,11375.0,10355.9,16669.1,9218.2,10477.4,11914.4,9344.7,9041.5,13139.4,13274.0,14465.8,18249.3,17866.2,15865.8,17026.5,15410.6,15670.0,11668.5,2182,102133.27,46629.9,1631,98824.99,42227.1,787,84668.59,47035.9,2360,143416.46,1940,124993.04,242,12547.74,58,4669.61,0,0.0,0,0.0,0,0.0
2026-07-21,4374,268880.9,127820.4,1574,77,56,5282.84,105.7,0,427,1158,1215,413,363,798,200,160,121,99,72,130,144,175,194,151,162,146,136,127,181,184,240,289,241,253,236,271,264,198,10718.9,8329.5,5643.1,5091.1,4747.5,8490.5,9768.6,11144.0,16187.8,11338.8,10076.3,8813.8,8933.6,8201.7,14365.3,15066.4,14945.1,19621.6,13779.3,12217.0,12951.7,14074.3,13737.0,10638.0,2036,94376.25,43088.6,1596,95218.63,40686.2,742,79286.02,44045.7,2177,130418.56,1884,118968.76,257,14210.74,56,5282.84,0,0.0,0,0.0,0,0.0
2026-07-22,4372,274431.76,130902.8,1622,57,62,6138.16,103.5,0,412,1180,1158,381,365,876,225,160,104,86,66,154,151,156,147,137,170,172,153,156,201,209,222,276,255,239,268,224,247,194,12161.8,8397.2,5907.9,5028.1,3844.2,10337.9,9262.5,11655.3,12709.6,9989.3,10238.7,10807.9,10384.0,10818.9,15970.5,14373.1,14209.0,16909.4,14519.6,13008.7,16401.1,13533.0,14079.2,9885.2,2023,94459.01,43126.2,1575,95162.2,40661.9,774,84810.55,47114.8,2228,135922.86,1848,118536.31,234,13834.43,62,6138.16,0,0.0,0,0.0,0,0.0
2026-07-23,4667,293315.69,139319.1,1739,68,64,7680.89,103.0,0,437,1269,1222,435,384,920,209,166,136,75,90,119,144,139,185,151,165,160,160,168,213,205,232,278,281,282,292,282,295,240,11084.4,8214.6,6939.6,3801.0,6281.8,7018.7,9369.0,12569.5,12418.6,9756.3,10603.0,10311.1,11635.7,12312.7,16784.3,15476.5,15230.0,18425.6,16920.6,16611.2,17538.1,15360.0,16440.0,12213.7,2150,103141.65,47090.7,1744,104642.07,44712.9,773,85531.97,47515.5,2352,147557.64,2011,125040.52,240,13036.64,64,7680.89,0,0.0,0,0.0,0,0.0
2026-07-24,4072,249764.85,118040.8,1513,78,50,6156.91,104.3,0,358,1105,1096,404,347,762,287,204,169,79,119,131,126,97,66,70,59,60,74,144,184,218,224,275,259,220,270,267,258,212,15048.7,10970.6,9504.1,4646.3,7530.5,8663.9,7486.8,5991.0,4155.3,4326.7,4663.1,3639.1,4610.7,7590.1,13277.4,16959.2,16553.1,18292.6,16142.4,12053.2,15516.6,15565.6,15116.1,11462.1,1922,93701.03,42780.5,1506,89190.69,38110.3,644,66873.13,37149.9,2045,118753.75,1734,112135.51,243,12718.68,50,6156.91,0,0.0,0,0.0,0,0.0
2026-07-25,4160,270802.19,129525.8,1577,50,53,6397.88,106.9,0,383,1085,1115,360,381,836,238,163,115,117,88,125,115,129,138,124,115,123,127,138,218,166,226,258,259,228,251,226,261,212,13487.3,9348.3,6007.8,5516.7,5042.5,9411.1,7294.0,9362.0,15054.5,8708.7,8125.1,8850.3,9792.1,9397.8,18215.1,11896.9,13649.6,16839.3,16496.1,13676.3,14570.2,13159.5,14450.9,12450.1,1880,92889.51,42410.0,1504,91395.37,39052.7,776,86517.31,48063.1,2052,129134.98,1815,121200.84,240,14068.49,53,6397.88,0,0.0,0,0.0,0,0.0
2026-07-26,4363,265658.37,126379.0,1576,79,62,5414.48,102.2,0,418,1221,1148,395,358,823,243,161,141,89,75,138,170,162,161,156,156,150,162,153,210,194,200,266,261,203,249,278,221,164,13420.1,8759.2,7823.7,5246.3,3811.1,9436.8,9519.5,10140.3,12687.1,9416.7,10561.1,9536.6,9291.0,9975.8,15333.1,13307.9,12727.4,15046.7,16172.5,11196.7,15124.3,15419.7,13243.1,8461.7,2050,95576.47,43636.3,1559,91569.3,39126.6,754,78512.6,43616.1,2194,131500.14,1845,115196.06,262,13547.69,62,5414.48,0,0.0,0,0.0,0,0.0
2026-07-27,4796,312786.03,147631.9,1945,70,61,5526.01,107.9,0,407,1217,1227,455,499,991,212,172,158,117,99,147,173,180,201,183,189,168,181,156,206,224,195,300,258,264,254,308,263,188,11690.1,9830.3,9432.8,6623.2,6482.6,10161.5,11052.1,12475.3,18497.7,10436.3,12380.3,13048.5,13219.6,10892.2,14225.0,15512.1,11825.2,19815.3,15375.1,16180.2,17316.4,17150.9,17210.1,11953.5,2240,111388.77,50856.4,1778,117812.29,50341.5,778,83584.97,46434.0,2029,125108.82,2377,162968.54,329,19182.66,61,5526.01,0,0.0,0,0.0,0,0.0
2026-07-28,4529,288247.58,136451.1,1795,74,61,4507.54,107.1,0,370,1178,1186,448,402,945,257,162,128,105,116,131,156,150,186,139,160,141,149,150,211,214,244,279,254,239,262,274,231,191,15807.4,9547.9,6794.2,5131.4,6101.9,9863.8,10483.7,11044.9,13241.8,9459.2,11352.2,7555.4,8832.6,10146.4,16122.1,15007.8,16311.9,17375.8,15830.6,15523.2,16019.6,15303.1,11958.6,13432.1,2104,104366.66,47650.3,1648,104110.84,44486.2,777,79770.08,44314.6,2067,125808.49,2116,141189.09,284,16692.46,60,4477.54,1,30.0,0,0.0,1,50.0
2026-07-29,4604,297417.8,141426.7,1784,64,59,6166.09,106.5,0,403,1136,1281,444,396,944,224,177,132,99,96,132,154,173,166,159,154,151,179,174,214,229,237,257,285,238,264,283,257,170,12180.8,9392.0,7348.1,5350.0,6685.6,9161.9,9943.5,11706.5,15414.2,9468.4,11161.5,10093.7,12167.7,12067.7,17383.5,17356.2,14962.3,15814.4,19179.4,14377.1,15137.1,16767.0,14807.5,9491.9,2148,105275.49,48065.3,1650,104335.94,44582.4,806,87806.37,48779.1,2126,133142.79,2145,141863.67,274,16245.25,59,6166.09,0,0.0,0,0.0,0,0.0
2026-07-30,4920,324487.53,153366.3,2059,78,66,5505.07,111.5,0,359,1184,1318,513,469,1077,240,174,165,113,89,146,174,183,191,151,176,155,179,170,208,226,235,292,310,276,277,285,285,220,12748.6,9700.8,8973.1,5877.1,6286.9,10709.9,12193.4,12474.6,14797.6,10776.7,11435.1,10255.2,12933.7,12993.3,16114.4,16757.8,15859.7,19914.0,21007.6,16376.2,17104.2,18147.8,17035.4,14014.5,2308,119368.47,54500.0,1771,117627.26,50262.2,841,87491.8,48604.1,2091,133680.8,2472,166640.93,291,18660.73,66,5505.07,0,0.0,0,0.0,0,0.0
2026-07-31,4261,285545.83,134895.6,1765,62,56,5676.07,110.7,0,306,1037,1153,446,410,909,262,197,171,148,82,118,100,110,99,100,69,66,58,151,210,220,247,292,275,245,278,291,273,199,15851.4,12155.5,12783.8,9499.7,4034.6,8509.6,7399.3,5954.4,6028.0,6736.8,4443.0,4769.4,3908.6,9743.4,16389.4,20408.5,18459.7,20260.3,18400.3,15592.6,17329.4,17383.7,17275.2,12229.5,2034,102914.35,46987.6,1558,105667.94,45152.2,669,76963.54,42755.8,1825,117827.73,2090,142104.52,290,19937.51,56,5676.07,0,0.0,0,0.0,0,0.0
2026-08-01,4318,281710.59,132802.0,1776,70,55,5198.04,108.6,0,332,1080,1130,480,389,907,220,189,140,114,94,132,131,134,127,146,134,148,157,160,204,176,183,240,244,244,268,267,263,203,12908.2,11287.1,8527.2,6473.2,8860.9,9813.6,8447.1,12652.7,9101.6,10496.8,9342.0,10338.7,10318.6,11328.6,16137.2,11747.2,11884.1,14530.7,15074.0,14382.3,16647.2,15143.6,14839.8,11428.3,2073,105971.32,48383.5,1581,103018.35,44019.9,664,72720.92,40398.6,1941,122986.67,2062,137688.5,260,15837.38,55,5198.04,0,0.0,0,0.0,0,0.0
2026-08-02,4388,283009.52,133833.8,1737,67,66,8383.23,107.5,0,396,1076,1179,417,446,874,225,151,138,104,98,114,158,190,187,144,175,131,159,160,171,192,217,246,272,233,224,256,244,199,14772.7,8739.0,7023.3,7831.8,5613.5,7756.8,10529.3,11771.8,12843.5,9174.0,12308.5,9827.1,10165.8,10860.5,11446.3,15241.2,14881.4,17695.9,15059.6,13502.8,14776.7,15379.0,15065.0,10744.0,2073,101881.15,46515.4,1588,103748.88,44331.8,727,77379.49,42986.6,2014,123238.83,2020,134056.86,287,17315.6,66,8383.23,0,0.0,0,0.0,1,15.0
2026-08-03,4424,284893.59,135043.3,1786,68,68,9395.43,109.3,0,340,1128,1170,443,394,949,214,151,120,100,77,125,161,170,172,134,181,146,154,177,197,237,225,267,260,219,255,251,252,179,11947.2,9066.2,7096.3,6486.6,4354.1,8180.2,10282.4,9909.1,14300.7,10792.6,11799.1,9839.4,9969.5,12873.9,14732.0,15656.0,14261.6,16942.2,15504.4,14885.7,15343.0,14027.7,16150.2,10493.5,2054,102317.38,46714.6,1577,102141.54,43645.0,793,80434.67,44683.7,2079,127661.08,1963,129287.82,314,18549.26,68,9395.43,0,0.0,0,0.0,0,0.0
2026-08-04,4453,288160.73,136706.5,1802,84,61,8014.93,110.0,0,379,1117,1155,427,434,941,222,163,145,94,69,131,148,158,175,136,169,156,135,172,217,204,221,269,274,260,241,262,240,192,12927.5,9427.0,7785.8,5325.9,5949.9,7506.3,10942.4,9751.4,14490.6,8551.2,9743.9,10306.6,10232.1,12363.9,14923.5,14575.0,15819.2,19074.8,15630.4,16688.3,15459.2,16146.7,13475.1,11064.2,2045,101328.68,46263.3,1608,104089.92,44477.6,800,82742.13,45965.7,2057,126852.55,1985,131712.4,350,21580.85,61,8014.93,0,0.0,0,0.0,0,0.0
2026-08-05,4012,249968.45,115858.0,1517,68,56,5412.03,101.8,0,348,1104,1043,427,337,753,234,156,130,103,89,119,147,153,165,141,154,85,120,122,195,205,186,247,157,183,218,251,259,193,13640.4,8285.4,7496.9,5737.5,6512.8,10007.0,10374.2,12095.0,12659.2,11425.0,10792.3,4413.2,7364.0,7025.9,13077.2,13467.3,11877.3,15709.6,8433.1,10463.6,11403.3,13592.9,14226.5,9889.0,2159,107313.24,48995.6,1484,96600.23,41277.2,369,46054.98,25585.1,1721,100415.78,1892,123317.2,343,20823.44,55,5392.03,1,20.0,0,0.0,0,0.0
2026-08-06,4921,329226.02,156986.5,2028,84,84,13907.55,109.1,0,420,1197,1276,516,439,1073,224,199,125,95,109,123,162,157,165,165,148,175,173,189,258,221,248,291,316,284,284,278,314,218,14096.5,10548.2,6913.8,7230.7,6557.9,8573.6,9756.3,11330.1,11989.4,13338.4,11425.4,12754.6,12889.5,13098.8,18557.5,16292.8,17848.3,22377.6,19938.2,17154.6,17808.7,17238.6,18351.2,13155.5,2272,112564.27,51393.0,1736,115174.24,49213.9,913,101487.51,56379.6,2278,144015.58,2126,145306.07,433,25996.82,83,13847.54,1,60.01,0,0.0,0,0.0
2026-08-07,4370,284547.03,133944.0,1801,72,55,5662.49,104.2,0,370,1028,1171,450,436,915,222,217,162,152,99,103,116,115,96,86,80,77,109,154,195,270,253,300,270,278,276,276,263,201,12921.2,13269.8,9230.3,8529.8,6393.1,7171.7,7564.0,7256.0,6229.4,5277.2,5700.8,4718.7,7079.8,9756.2,15152.0,22550.7,20005.8,21610.0,17314.4,16381.9,17622.2,16628.2,15321.9,10862.3,2102,109011.17,49771.3,1591,104053.27,44461.9,677,71482.59,39710.8,2020,121939.55,1980,136050.04,315,20894.95,55,5662.49,0,0.0,0,0.0,0,0.0
2026-08-08,4515,296393.21,141160.0,1833,57,88,13344.32,109.7,0,380,1109,1193,472,450,911,231,193,175,139,134,121,136,146,142,142,156,147,146,162,201,216,239,209,239,227,280,269,257,208,11741.2,11297.2,9611.1,7594.9,8882.1,7675.9,8609.0,9902.8,11300.0,11458.3,10603.3,10589.7,11053.1,10963.1,16518.1,17469.5,15703.5,11961.6,16652.2,14302.3,16679.6,17660.4,15169.0,12995.3,2191,111092.04,50721.4,1515,97494.79,41659.5,809,87806.38,48779.1,2154,134425.75,1951,129029.05,322,19594.09,88,13344.32,0,0.0,0,0.0,0,0.0
2026-08-09,4222,273180.03,128664.2,1669,68,51,8797.94,109.1,0,336,1091,1126,405,356,908,202,155,99,91,89,133,140,162,140,123,117,135,141,163,196,212,228,257,242,237,252,267,252,189,12456.1,9046.3,5802.7,5565.5,5310.8,9437.8,7802.5,12684.4,12474.1,7790.3,5731.8,8264.5,9455.9,11852.6,14769.5,15375.9,14904.9,17667.8,15537.6,13584.2,15818.8,16267.0,14357.3,11222.0,1947,96461.3,44040.9,1609,105663.18,45150.0,666,71055.55,39473.2,1934,117717.98,1919,127861.35,318,18802.76,51,8797.94,0,0.0,0,0.0,0,0.0
2026-08-10,4570,292905.34,139261.6,1793,62,71,9847.95,109.0,0,363,1137,1277,430,422,941,219,153,145,115,79,119,180,166,168,175,166,159,155,149,219,204,231,276,259,245,232,267,285,204,11582.1,8780.2,7672.1,7011.1,5647.0,7647.1,10860.7,10705.5,14198.6,9921.6,12493.9,13789.7,11270.4,9392.5,15605.8,13698.9,14544.8,17308.8,16165.8,14396.3,13852.4,17147.6,16926.6,12286.1,2134,105029.74,47953.1,1634,101858.56,43523.4,802,86017.04,47785.1,2061,128612.23,2095,134526.64,343,19918.52,71,9847.95,0,0.0,0,0.0,0,0.0
2026-08-11,4545,298657.33,141984.7,1822,88,66,10900.92,107.9,0,350,1138,1235,470,403,949,215,178,128,126,91,128,161,154,164,157,170,166,155,161,207,221,209,276,277,279,234,252,253,183,12427.5,10185.1,7300.0,6524.6,6335.5,8160.1,11396.3,10944.0,13255.0,8933.6,11687.5,12740.6,12314.2,11191.9,15252.0,14932.8,14296.0,19666.8,18255.8,18171.7,14602.6,13831.4,15638.4,10614.1,2045,101185.25,46197.8,1681,108513.24,46367.5,819,88958.84,49419.4,2079,132083.35,2036,133030.88,364,22642.18,66,10900.92,0,0.0,0,0.0,0,0.0
2026-08-12,4551,292796.5,139187.1,1797,80,67,9898.51,106.4,0,381,1163,1210,429,402,966,228,159,106,110,81,129,155,146,167,141,172,162,170,170,226,224,216,285,272,276,251,246,260,199,12831.8,8417.3,5037.0,6892.6,6096.4,7967.5,9085.8,10459.8,13380.5,10872.4,11931.3,10927.6,11465.1,11573.2,16791.7,15796.4,14031.2,19762.0,16906.6,16754.1,14477.2,13957.8,16850.0,10531.3,2129,103043.87,47046.1,1592,103500.26,44225.4,830,86252.37,47915.6,2178,132236.72,1987,131484.53,319,19176.74,67,9898.51,0,0.0,0,0.0,0,0.0
2026-08-13,4787,315693.17,149846.1,1952,86,69,11416.47,108.8,0,354,1232,1249,493,458,1001,225,166,142,112,85,129,145,166,159,167,169,177,174,193,205,194,250,266,311,293,291,281,269,218,12620.8,9094.8,8024.7,6694.2,6566.2,7975.2,9560.1,10433.5,11810.5,10384.9,11586.9,11327.1,13764.5,13850.3,16589.8,15473.5,17162.2,19174.2,20952.8,18040.7,18294.4,16376.5,16360.9,13574.3,2216,109785.43,50124.5,1749,114377.21,48873.5,822,91530.53,50848.1,2255,141601.42,2071,137802.05,391,24808.23,69,11416.47,0,0.0,0,0.0,1,65.0
2026-08-14,4308,282063.82,133950.1,1754,79,62,10455.95,107.4,0,359,1063,1132,457,414,883,242,192,164,137,113,126,130,124,98,71,87,61,89,153,227,236,265,293,269,256,245,292,224,214,13262.3,10015.0,9670.4,8723.8,8605.4,8339.5,7589.3,7480.1,6397.3,5836.0,5015.6,4449.1,5142.4,13217.9,16826.4,18586.2,17440.3,19476.8,21642.1,17783.5,14006.4,17350.1,13245.9,11962.2,1976,98308.31,44884.5,1600,101506.83,43373.7,732,82248.68,45691.9,2076,125703.28,1880,128888.53,290,17016.06,62,10455.95,0,0.0,0,0.0,0,0.0
2026-08-15,4553,302321.21,144664.6,1877,80,79,14941.05,108.8,0,392,1071,1213,469,487,921,256,191,151,138,123,129,137,125,143,137,131,156,144,163,216,210,232,295,319,268,264,272,219,134,15091.7,9999.1,8287.3,9094.7,6366.7,9988.1,7903.1,10479.5,12208.9,9172.2,8754.7,10827.8,11517.2,13885.2,16972.2,15969.5,15320.8,18864.0,20998.2,16364.2,17330.8,15286.0,12634.6,9004.7,2133,105468.12,48153.5,1563,100183.65,42808.3,857,96669.44,53702.8,2270,144571.98,1945,126791.11,259,16017.07,79,14941.05,0,0.0,0,0.0,0,0.0
2026-08-16,4232,270249.29,130101.0,1659,51,79,13681.56,104.3,0,421,1070,1082,402,377,880,234,167,123,122,115,126,179,147,205,160,179,168,142,169,201,218,216,281,254,192,166,164,176,128,13150.0,10191.8,6458.4,6626.4,6711.4,7948.2,12779.0,9211.2,15380.7,9644.6,10839.3,10721.8,12159.0,12134.7,13912.2,17075.9,12931.8,17369.0,16760.1,11212.2,10955.0,9559.2,9078.6,7439.1,2143,102613.34,46849.7,1232,77012.51,32907.2,857,90623.44,50344.1,2171,129452.81,1800,116238.12,182,10876.8,79,13681.56,0,0.0,0,0.0,0,0.0
2026-08-17,4297,269556.64,128627.2,1593,60,69,11531.72,103.9,0,399,1155,1150,375,370,848,215,172,132,96,71,117,160,151,152,144,161,145,164,169,193,194,205,284,266,247,227,229,235,168,11847.2,9628.5,6975.6,5103.3,4211.8,6594.7,10879.3,9692.7,10906.0,9605.8,11973.3,9692.9,11484.5,12744.6,13992.1,12840.5,13063.4,18041.6,16580.2,13198.4,13409.4,14727.4,12599.5,9764.2,1997,94823.68,43293.0,1501,91511.38,39102.2,799,83221.58,46232.0,2160,127632.2,1875,120411.3,193,9981.42,69,11531.72,0,0.0,0,0.0,0,0.0
2026-08-18,4371,279186.59,133260.2,1654,54,65,12143.37,102.1,0,403,1175,1139,402,379,873,223,149,104,97,94,129,167,186,180,162,162,166,152,174,211,195,224,244,239,232,252,252,221,156,11561.0,7917.6,6075.9,5391.8,6265.6,7289.4,11043.1,11564.8,13634.2,12092.5,9079.4,10988.0,10483.0,12095.8,16669.8,13272.3,16030.0,14851.7,15033.8,15298.4,15175.9,17063.1,12335.4,7974.4,1966,93776.78,42815.1,1617,97910.17,41836.3,788,87499.64,48608.8,2134,130455.71,1958,125714.59,214,10872.92,65,12143.37,0,0.0,0,0.0,0,0.0
2026-08-19,4429,291880.66,140098.8,1724,67,66,12376.03,107.1,0,391,1147,1167,432,394,898,197,136,124,94,78,121,156,154,193,187,175,141,162,168,207,189,254,273,259,233,256,238,249,185,11542.0,7391.5,6409.9,6002.1,4969.1,7114.2,9467.8,11460.8,19494.2,13950.2,12049.5,11248.7,11649.4,11611.7,13901.3,13446.8,16016.6,18180.8,16202.6,15722.4,14665.3,14124.8,14167.7,11091.7,2031,97468.71,44500.8,1562,96727.44,41331.1,836,97684.51,54266.9,2236,143572.74,1942,125321.41,185,10610.48,66,12376.03,0,0.0,0,0.0,0,0.0
2026-08-20,4751,314876.97,150830.0,1914,63,74,13976.94,109.5,0,394,1196,1247,462,431,1021,231,153,139,83,101,125,161,168,173,154,206,159,170,164,222,209,215,283,277,285,276,270,291,236,13970.7,9488.3,8621.9,4400.4,6574.3,6943.8,10038.9,13793.8,12886.5,10595.5,11888.9,11561.6,10769.0,12678.4,17530.9,16881.1,13239.4,20471.6,18134.0,17538.9,17213.8,16067.3,19912.7,13675.3,2150,104852.45,47872.0,1701,106969.91,45707.8,900,103054.61,57250.2,2367,150623.91,2068,136264.39,242,14011.73,74,13976.94,0,0.0,0,0.0,0,0.0
2026-08-21,4230,266705.21,126075.0,1597,70,56,8803.93,103.5,0,361,1089,1183,426,367,804,256,220,163,115,103,87,130,115,81,66,74,59,73,159,193,263,241,303,258,269,266,254,272,210,13859.1,13919.7,9868.5,6102.1,6495.1,4758.1,7886.0,7002.0,4848.2,5480.3,5215.8,4482.0,4587.3,10443.5,15549.3,19397.7,17467.7,18269.1,17784.3,16001.2,14979.2,14612.3,16002.6,11694.2,1963,93636.0,42750.9,1572,99978.48,42720.2,695,73090.73,40604.0,2181,129909.71,1821,119303.28,172,8688.29,56,8803.93,0,0.0,0,0.0,0,0.0
2026-08-22,4366,287759.2,137597.4,1781,61,64,9358.27,107.3,0,348,1066,1171,478,388,915,242,183,134,115,105,139,131,149,141,127,146,156,147,153,207,217,213,259,272,255,224,255,245,151,13880.8,10495.0,6937.0,6956.1,5646.9,9387.0,10139.0,12860.5,12741.0,8088.2,10051.4,10792.6,11246.7,11061.8,15725.1,15239.0,13142.3,17183.1,18131.8,16091.8,13808.4,15936.6,14150.9,8066.5,1982,98181.62,44826.7,1539,97832.89,41803.7,845,91744.69,50967.0,2283,144697.33,1817,122317.35,202,11386.25,64,9358.27,0,0.0,0,0.0,0,0.0
2026-08-23,4469,276114.19,131731.9,1638,70,71,12658.15,102.2,0,423,1209,1199,406,395,837,202,166,99,108,61,134,197,192,170,184,159,178,186,164,210,208,219,256,261,222,214,250,258,171,9971.2,9084.2,6928.0,6421.8,3091.8,8195.8,12252.1,11634.4,13076.1,14311.6,9545.7,13255.4,11138.7,11650.0,14797.2,14507.5,13176.0,15421.9,15113.0,12176.8,13205.1,13852.6,13741.4,9566.0,2061,96085.07,43868.7,1608,94732.29,40478.2,800,85296.83,47385.1,2355,136148.68,1874,117443.71,169,9863.65,71,12658.15,0,0.0,0,0.0,0,0.0
2026-08-24,4429,281989.23,135025.8,1687,62,66,9845.45,105.0,0,376,1223,1143,396,410,881,212,131,105,86,84,105,171,178,200,201,197,173,187,194,213,218,231,252,200,226,232,215,236,182,11671.5,7141.8,5733.2,5641.6,5444.9,5877.0,9473.4,12766.8,16018.1,13446.3,13080.9,11603.0,12240.1,14686.2,16793.0,15443.8,14848.8,14019.9,11556.8,12377.0,16451.2,13049.2,12700.3,9924.5,1951,93475.26,42677.2,1646,96513.05,41239.2,832,92000.92,51109.4,2253,139459.61,1888,119594.59,222,13089.58,66,9845.45,0,0.0,0,0.0,0,0.0
2026-08-25,4359,264676.82,125828.0,1542,62,74,10252.28,104.0,0,393,1220,1204,373,353,816,197,131,105,67,64,121,190,192,176,196,177,172,170,163,198,186,228,257,259,230,241,227,233,179,11325.0,6179.9,6121.9,4933.2,4839.4,7157.1,10588.9,11266.3,11180.3,11957.9,13126.6,11208.6,11342.3,10245.2,14132.3,12711.8,14855.8,13865.5,16330.8,12619.2,13603.4,13359.3,12009.0,9717.1,1981,92010.89,42008.4,1602,94364.75,40321.1,776,78301.18,43498.5,2167,124528.32,1940,119795.74,178,10100.48,74,10252.28,0,0.0,0,0.0,0,0.0
2026-08-26,4503,273991.83,130800.6,1580,79,73,12269.23,104.2,0,421,1295,1207,422,352,806,199,151,104,88,77,119,198,199,200,193,176,155,170,160,213,199,205,307,249,250,243,247,226,175,10229.4,7799.8,6277.1,5772.0,4874.7,6818.0,11392.2,12171.1,13607.2,11111.0,11835.8,9127.4,11758.3,10033.2,15914.2,13113.2,13672.1,18167.7,13905.2,13736.8,13780.8,14854.4,13410.4,10630.0,1988,89264.92,40754.5,1690,98056.82,41898.6,825,86670.09,48147.5,2266,134651.04,1958,117448.5,206,9623.06,73,12269.23,0,0.0,0,0.0,0,0.0
2026-08-27,5304,350734.09,164927.0,2218,72,79,12416.38,113.8,0,415,1273,1398,493,547,1178,218,151,145,118,101,151,224,213,208,202,237,199,199,225,226,221,273,280,303,297,291,301,306,215,12945.1,10162.9,8887.8,6965.7,7770.4,9441.5,15222.0,13785.3,16050.6,15210.5,15597.2,12895.3,14053.4,16550.8,16453.1,15525.4,18431.0,19200.7,21439.8,16968.3,19369.6,17221.4,17342.7,13243.7,2431,123223.95,56260.5,2030,138206.04,59055.6,843,89304.1,49611.0,2250,136067.93,2686,184476.32,287,17675.12,79,12416.38,0,0.0,0,0.0,2,98.34
2026-08-28,4360,284119.49,134139.4,1799,83,62,7812.23,108.2,0,346,1049,1166,462,402,935,254,232,162,144,114,86,134,118,75,70,72,67,92,145,228,249,243,306,245,265,287,298,278,196,15497.1,14498.1,9887.0,10039.4,8087.0,5169.1,8253.4,7991.5,5129.2,4775.9,5228.7,4265.0,6200.8,9872.3,15938.6,18798.8,16056.6,19043.9,16618.6,17925.1,18081.3,18218.7,16855.4,11688.3,1987,99675.71,45508.7,1640,107880.29,46097.4,733,76563.49,42533.3,1897,115884.08,2172,146115.92,228,14237.26,62,7812.23,0,0.0,0,0.0,1,70.0
2026-08-29,4780,304787.36,144668.4,1907,77,81,12296.91,109.7,0,369,1207,1297,438,493,976,268,215,163,122,105,124,151,138,131,154,179,142,149,194,217,208,242,289,274,271,283,296,267,198,17308.2,12081.6,9324.9,6274.9,5414.9,8024.8,9149.2,10577.1,8790.7,10344.2,13017.6,10280.8,12062.9,13253.0,14800.6,14726.7,14868.9,18909.9,17526.0,15716.2,17591.3,17595.4,15485.2,11662.3,2186,106701.38,48716.2,1741,109879.43,46951.1,853,88206.55,49001.1,2182,128967.53,2254,149265.07,262,14207.85,81,12296.91,0,0.0,0,0.0,1,50.0
2026-08-30,4747,298988.34,141963.5,1760,63,68,12103.42,105.3,0,431,1255,1301,458,377,925,236,160,88,91,90,148,239,293,213,190,212,159,207,191,169,184,216,236,239,256,243,266,244,177,14438.4,9057.7,4674.5,5680.4,6256.4,11001.5,14952.3,17129.9,16349.4,12679.8,11989.4,10847.2,13124.4,11177.3,13012.1,12853.7,14049.4,14721.6,14551.0,14540.1,14619.0,16061.6,14451.1,10770.4,2243,102957.64,47006.0,1712,108733.68,46461.5,792,87297.02,48495.9,2209,131323.23,2189,139321.39,280,16140.3,68,12103.42,0,0.0,0,0.0,1,100.0
2026-08-31,4587,284522.38,134955.2,1712,68,68,10529.02,102.6,0,413,1213,1249,416,400,896,198,118,82,84,77,123,216,267,185,204,194,173,187,167,203,193,236,296,239,220,259,269,231,166,10989.6,6454.2,5528.8,6823.6,4186.6,7596.5,11841.0,16059.7,13017.2,12032.7,11678.8,10903.5,12137.0,10277.4,14699.5,11557.0,14956.0,19301.3,15447.0,13358.0,15926.0,16131.3,13424.9,10194.7,2146,101248.62,46226.5,1642,102035.71,43599.2,799,81238.05,45129.6,2141,124050.68,2104,134318.42,274,15624.26,68,10529.02,0,0.0,0,0.0,0,0.0
2026-09-01,4994,316655.12,150186.2,1928,85,76,12292.81,105.5,0,379,1294,1393,457,473,998,203,154,108,80,101,149,222,307,232,211,197,200,235,224,224,226,225,286,274,268,241,225,218,184,12454.2,10165.9,6557.3,6898.9,6645.7,9646.2,13786.2,17222.3,16440.0,13933.2,13533.6,12256.2,15560.3,13180.1,15464.8,14508.4,14112.8,19359.2,16961.2,16777.7,15488.2,13506.1,11535.4,10661.2,2254,110625.1,50507.7,1855,115232.95,49238.5,885,90797.07,50440.0,2154,129353.94,2452,157146.72,312,17861.65,76,12292.81,0,0.0,0,0.0,0,0.0
2026-09-02,4831,310879.33,147622.3,1880,75,78,11407.61,104.1,0,396,1274,1281,449,424,1007,209,131,87,87,75,124,213,273,207,201,203,210,225,198,217,218,232,269,243,261,251,243,256,198,11978.3,7108.7,5137.5,4546.7,5764.6,7974.2,12128.7,19095.4,14525.4,14182.8,13494.0,13372.4,14234.8,13653.2,14284.9,15606.0,16670.5,17629.8,15133.8,15036.8,15813.3,14534.3,16791.7,12181.4,2209,106102.32,48442.4,1777,113697.2,48582.5,845,91079.81,50597.4,2183,133361.95,2259,147469.6,311,18640.17,78,11407.61,0,0.0,0,0.0,0,0.0
2026-09-03,5572,351414.13,163452.9,2536,518,71,9791.0,105.7,0,412,1315,1309,1009,502,1025,208,124,99,79,80,129,227,270,220,215,214,187,246,197,221,200,239,339,310,415,346,378,351,278,10918.6,6417.5,4924.6,4939.0,5008.5,7137.1,12066.8,16748.4,14941.3,14681.3,14135.9,12503.2,16577.9,11946.5,12254.7,11690.3,14189.4,22061.4,20949.1,28765.3,25586.7,22773.8,22678.9,17518.2,2642,133430.12,60918.6,2211,144759.61,61856.4,719,73224.4,40677.9,2339,134279.9,2741,181321.62,421,26021.61,71,9791.0,0,0.0,0,0.0,0,0.0
2026-09-04,4919,317481.37,149492.9,2375,563,68,8244.79,108.5,0,390,1063,1091,1048,475,852,308,264,201,131,114,101,118,137,106,99,83,101,109,174,222,243,283,330,318,318,290,314,312,243,18475.5,15069.8,11890.8,10427.1,6919.7,5748.0,6769.9,8507.0,6543.9,7905.6,4992.4,5849.8,6983.6,10707.9,14922.3,20250.9,20054.5,24675.6,21147.3,21058.0,17136.5,17880.1,18972.1,14593.1,2336,117896.23,53827.0,1859,118616.01,50685.1,724,80969.13,44980.8,2269,143204.36,2224,146105.41,358,19926.81,67,8214.79,1,30.0,0,0.0,0,0.0
2026-09-05,5029,330043.04,155756.3,2237,237,64,9209.1,111.2,0,361,1164,1267,698,510,1029,274,203,175,151,114,89,129,146,174,152,176,173,173,188,222,201,275,326,308,346,289,300,247,198,17121.5,12028.9,9544.2,8794.0,7592.0,5607.2,7571.9,10228.0,13733.6,10041.6,11278.1,12692.6,12613.0,12842.5,15364.7,13998.4,19648.0,21151.9,21241.8,22519.3,18494.9,19859.3,14830.2,11245.8,2241,115078.69,52541.5,1954,126371.45,53998.8,834,88592.9,49216.1,2279,143167.97,2288,151943.71,398,25722.26,64,9209.1,0,0.0,0,0.0,0,0.0
2026-09-06,5045,312341.55,147289.8,2001,147,72,7588.92,107.3,0,414,1261,1369,552,437,1012,245,144,103,86,72,129,252,281,218,193,232,202,179,240,233,209,242,291,265,246,255,274,268,186,14152.0,7928.3,6698.2,4572.7,5181.6,8265.2,14792.1,17368.4,15559.1,11335.4,15050.1,12583.9,10470.3,14209.8,14444.4,14452.8,16770.3,19134.6,18299.8,14181.1,15105.4,15670.7,15623.3,10492.1,2268,110646.65,50517.1,1943,119112.32,50895.9,834,82582.58,45876.8,2340,136434.53,2251,145905.6,382,22412.5,71,7568.92,1,20.0,0,0.0,0,0.0
2026-09-07,4624,281372.69,132895.6,1800,105,49,7546.09,104.7,0,379,1213,1232,493,421,886,185,144,86,69,68,124,219,290,224,202,185,178,215,253,229,200,255,224,231,229,206,225,210,173,10887.0,9353.9,5384.0,4313.0,3552.8,8466.4,10948.7,16006.7,14886.1,12438.7,11942.3,10519.3,14891.8,17589.9,15408.3,13471.0,15201.7,13407.6,13096.0,12661.6,12335.3,13470.9,11348.2,9791.8,2168,102861.07,46962.4,1676,103209.01,44100.6,780,75302.61,41832.6,2149,122646.46,1903,119440.55,523,31739.59,48,7445.33,1,100.76,0,0.0,0,0.0
2026-09-08,4158,237452.09,110563.0,1551,91,39,2457.5,98.3,0,369,1131,1107,430,381,740,168,120,80,65,70,116,194,242,184,165,155,185,182,200,187,199,189,225,247,245,219,200,182,139,9358.5,6650.3,4147.4,3479.9,3487.0,7735.6,11171.4,13311.9,10706.8,9738.6,8931.7,11401.3,11165.0,12183.6,11479.8,12436.5,11525.7,12437.7,13716.0,13339.8,12164.4,10475.0,9371.3,7037.0,1959,92873.12,42402.2,1566,94798.26,40506.7,633,49780.71,27654.1,2054,106429.95,1627,103631.55,438,24933.09,39,2457.5,0,0.0,0,0.0,0,0.0
2026-09-09,4328,255556.94,120913.5,1583,85,55,5371.81,103.0,0,388,1189,1168,407,406,770,144,98,91,59,81,45,203,217,120,144,170,170,206,213,222,213,235,275,251,258,263,263,223,164,7256.9,4901.2,4784.1,2843.7,4526.1,2743.9,10218.5,11926.2,7750.9,7923.8,10152.7,9223.4,12937.2,13327.4,15265.6,14385.0,13652.3,17631.9,14003.2,17509.8,14766.3,14550.0,13083.1,10193.8,2030,93448.33,42664.7,1541,92072.53,39342.0,757,70036.08,38906.8,2163,121181.61,1837,114277.8,273,14725.72,54,5336.81,1,35.0,0,0.0,0,0.0
2026-09-10,5424,345633.65,163457.7,2147,79,64,7554.46,108.4,0,438,1366,1473,521,471,1155,219,138,140,102,86,138,250,272,201,195,228,211,248,227,248,235,266,331,308,314,295,310,269,193,13350.3,7563.4,7516.3,6802.2,5130.6,8209.0,14694.6,15999.3,14932.6,13459.0,15465.5,14416.2,15648.6,14540.3,18536.1,15673.7,18918.1,20771.5,21479.9,18517.6,17836.9,18221.5,17073.0,10877.4,2470,119134.67,54392.5,2048,130708.21,55850.7,906,95790.77,53214.4,2456,152456.07,2539,164932.32,365,20690.8,64,7554.46,0,0.0,0,0.0,0,0.0
2026-09-11,4515,281025.22,132508.0,1814,78,53,3914.69,107.3,0,399,1132,1170,479,436,899,244,194,160,152,110,103,112,104,91,98,76,90,127,197,233,239,246,311,279,290,268,299,282,210,12825.5,11378.8,9839.7,7778.7,5740.7,5946.6,7201.1,6591.1,5852.2,6061.2,5096.8,5655.0,7381.4,12416.8,16651.1,18354.2,16509.1,23591.1,16165.5,16562.8,17600.7,16895.1,16227.2,12703.0,2121,102507.11,46801.2,1643,105006.38,44869.0,751,73511.73,40837.8,2130,126178.95,2132,140643.5,200,10288.08,53,3914.69,0,0.0,0,0.0,0,0.0
2026-09-12,4773,313777.86,148971.4,1965,78,50,7718.0,110.7,0,386,1151,1271,489,481,995,251,214,129,103,94,105,133,132,173,155,155,164,168,199,231,197,226,302,267,315,274,295,278,213,13535.7,11956.7,7523.5,6809.6,6896.1,7089.3,9187.8,9048.9,13470.2,12199.3,10010.9,11487.9,14589.5,14858.4,19555.2,13062.3,14133.4,21120.0,16141.6,19528.8,15941.8,17007.7,15916.5,12706.9,2179,107331.24,49003.9,1754,114793.33,49051.2,840,91653.29,50916.3,2278,144074.55,2269,150515.58,176,11469.73,50,7718.0,0,0.0,0,0.0,0,0.0
2026-09-13,4555,272342.03,128725.1,1638,69,63,7913.98,101.7,0,429,1249,1239,404,407,827,212,111,89,71,73,117,255,305,202,156,157,170,82,218,232,227,229,259,240,258,251,266,215,160,11969.9,5570.3,4941.2,4585.7,4045.8,7350.8,15396.5,18305.1,13724.7,10462.9,10680.4,10002.4,5869.1,12881.6,14454.6,14264.5,15099.5,14406.1,13251.6,13821.0,15744.1,15470.2,11725.9,8318.2,2148,98485.86,44964.8,1657,99986.58,42723.7,750,73869.59,41036.6,2214,123044.87,2085,129141.85,188,11870.25,63,7913.98,0,0.0,0,0.0,5,371.08
2026-09-14,4762,291569.78,138534.3,1762,90,51,7922.26,103.4,0,438,1229,1333,457,418,887,172,141,86,66,65,128,211,295,202,193,190,167,230,199,222,225,234,279,276,273,237,265,229,177,10034.3,7924.3,4593.2,3504.8,3296.6,7754.5,12201.9,17285.1,16978.2,11687.3,11172.3,10506.9,15864.8,12396.5,14925.4,14324.8,13936.1,18546.6,17682.8,15078.3,14902.0,14856.6,12841.2,9275.3,2261,106568.06,48654.8,1695,100549.21,42963.7,806,84452.51,46915.8,2371,138645.54,2151,134021.83,189,10980.15,51,7922.26,0,0.0,0,0.0,0,0.0
2026-09-15,4788,287418.32,136115.4,1732,74,57,7969.28,104.3,0,453,1327,1276,415,415,902,186,113,80,74,79,129,251,271,202,191,196,188,233,226,211,215,252,269,264,254,265,266,220,153,9991.2,6384.7,5056.7,4764.8,4438.7,8823.6,12111.9,16642.4,12464.2,11198.8,11868.9,12133.5,13003.9,14692.3,13862.7,14681.8,16211.5,15845.2,16983.5,15137.2,14804.3,14757.1,13065.1,8494.4,2283,107592.47,49122.6,1716,100636.05,43000.9,789,79189.8,43991.9,2389,136582.15,2174,134023.29,168,8843.6,57,7969.28,0,0.0,0,0.0,0,0.0
2026-09-16,4887,303289.73,144257.1,1770,81,56,9204.64,104.5,0,422,1348,1347,438,415,917,207,124,84,65,81,141,218,279,221,182,175,178,218,219,250,225,258,303,240,293,239,259,242,186,10939.6,6648.6,4470.5,4352.3,5793.2,7708.4,10482.0,16897.5,15482.2,12383.7,11757.9,11360.2,16089.8,14717.3,17262.0,15969.7,16472.2,19322.0,14713.1,16718.2,14217.7,14974.2,13595.7,10961.9,2268,107068.5,48883.0,1777,106306.83,45424.0,842,89914.4,49950.0,2381,142791.38,2255,141225.47,194,10048.24,56,9204.64,0,0.0,0,0.0,1,20.0
2026-09-17,5203,323993.55,154276.3,1939,85,72,10086.08,109.2,0,478,1384,1402,484,459,996,186,156,85,77,92,127,227,234,202,170,163,178,235,239,244,230,274,330,305,328,317,292,280,232,10475.8,8629.8,5506.1,4383.0,5307.8,7241.4,13461.1,16433.1,13498.9,10442.7,10707.0,10662.0,15147.5,14470.7,19531.1,17014.6,18876.9,20921.4,16678.8,18771.9,18373.3,16766.9,16936.5,13755.3,2347,109313.77,49908.6,1936,116135.7,49623.6,920,98544.08,54744.1,2558,153863.72,2374,148613.95,199,11429.8,72,10086.08,0,0.0,0,0.0,0,0.0
2026-09-18,4485,277348.03,131047.5,1695,65,43,6636.73,106.1,0,397,1179,1214,422,409,864,237,176,136,116,93,97,111,142,108,81,76,70,99,151,233,257,286,347,284,326,277,312,267,203,13284.1,10133.4,9078.3,6111.7,6156.0,6034.2,7992.4,9014.9,6889.8,4704.6,4881.6,5593.0,6590.3,9055.5,15646.1,18956.3,19286.8,22822.7,17722.3,18246.4,16136.8,18171.5,13751.7,11087.8,2057,95560.96,43629.4,1708,105819.03,45215.7,720,75968.04,42202.4,2262,131481.84,2005,129716.95,175,9512.51,43,6636.73,0,0.0,0,0.0,0,0.0
2026-09-19,4713,293526.87,140044.1,1814,80,55,7696.95,106.4,0,420,1201,1278,461,491,862,262,187,160,123,112,119,161,142,146,147,156,139,156,183,187,202,228,276,277,322,267,294,275,192,14797.0,10130.0,7828.6,7143.4,6715.6,6710.7,10248.2,10595.3,13856.2,10431.5,9573.3,9599.0,10097.2,12468.9,12791.2,13100.7,14009.8,16199.0,17810.5,18425.0,16057.6,17926.3,16190.6,10821.3,2126,100438.34,45856.3,1691,101985.64,43577.5,896,91102.89,50610.3,2411,143242.81,2093,133702.35,154,8884.76,55,7696.95,0,0.0,0,0.0,0,0.0
2026-09-20,4857,291515.63,138825.5,1708,92,66,8366.53,103.9,0,493,1348,1308,416,406,886,193,120,106,70,89,134,274,280,219,182,208,181,234,206,225,195,232,244,240,268,267,276,216,198,11770.9,6721.5,5569.0,4513.5,5057.6,8132.0,16472.6,15399.6,16374.5,11687.9,11951.7,11434.7,14963.7,12808.6,14292.8,11538.6,13764.8,15269.8,15747.8,14572.2,15691.1,15421.8,11911.9,10447.2,2253,104002.72,47483.1,1749,100015.72,42735.3,855,87497.19,48607.0,2545,149058.62,2083,124139.24,163,9951.24,66,8366.53,0,0.0,0,0.0,0,0.0
2026-09-21,1366,80540.0,38451.0,464,19,22,1675.04,99.5,1,145,423,334,109,121,234,180,121,73,77,64,101,224,282,190,54,0,0,0,0,0,0,0,0,0,0,0,0,0,0,9628.5,7264.7,4455.2,4915.3,3999.2,5820.2,12758.0,16094.6,12721.5,2882.8,0.0,0.0,0.0,0.0,0.0,0.0,0.0,0.0,0.0,0.0,0.0,0.0,0.0,0.0,613,27156.91,12398.4,528,28097.26,12005.5,225,25285.83,14047.1,695,41186.93,595,35129.81,53,2518.22,22,1675.04,0,0.0,0,0.0,1,30.0
