date,order_no,qty,loading,carrier,product,code
2026-01-01,7257314710,32988.7,S132,شركة نايف الدعجاني لنقل البضائع والمهمات شركة شخص واحد,95,MK028
2026-01-01,7257314723,32990.9,S132,شركة النسيم الجديد المحدودة,95,MK007
2026-01-01,7257314801,32990.2,S132,شركة النسيم الجديد المحدودة,95,MK002
2026-01-01,7257314811,33003.7,S132,شركة أفق الطائف,95,MK017
2026-01-01,7257315007,33002.0,S132,شركة النسيم الجديد المحدودة,91,MK002
2026-01-01,7257315047,32993.1,S132,شركة أفق الطائف,91,MK003
2026-01-01,7257315106,33042.2,S132,شركة أفق الطائف,91,MK017
2026-01-01,7257315160,32991.1,S132,شركة أفق الطائف,91,MK018
2026-01-01,7257315204,32993.6,S132,شركة النسيم الجديد المحدودة,91,MK003
2026-01-01,7257315758,32992.7,S132,شركة نايف الدعجاني لنقل البضائع والمهمات شركة شخص واحد,91,MK063
2026-01-01,7257315938,32983.6,S132,مؤسسة الدائرة للنقليات,91,MK064
2026-01-01,7257315972,33001.5,S132,شركة النسيم الجديد المحدودة,91,MK084
2026-01-01,7257316177,32980.1,S132,شركة النسيم الجديد المحدودة,91,MK007
2026-01-01,7257316192,33001.6,S132,مؤسسة الدائرة للنقليات,91,MK004
2026-01-01,7257316317,32991.8,S132,شركة تزويد السعودية المحدودة,91,MK005
2026-01-01,7257316379,33002.7,S132,مؤسسة الدائرة للنقليات,ديزل,MK064
2026-01-01,7257317457,33001.8,S132,شركة النسيم الجديد المحدودة,91,MK007
2026-01-01,7257317080,32001.5,S132,شركة نايف الدعجاني لنقل البضائع والمهمات شركة شخص واحد,ديزل,MK035
2026-01-01,7257317116,33002.1,S132,شركة أفق الطائف,ديزل,MK022
2026-01-01,7257317445,32992.7,S132,شركة النسيم الجديد المحدودة,91,MK072
2026-01-01,7257314236,32501.7,S132,شركة النسيم الجديد المحدودة,ديزل,MK007
2026-01-01,7257305537,32493.7,S132,شركة النسيم الجديد المحدودة,ديزل,MK007
2026-01-01,7257305587,32001.3,S132,شركة تزويد السعودية المحدودة,ديزل,MK046
2026-01-01,7257303128,36001.6,S132,شركة أسطول النادر للنقليات شركة شخص واحد,ديزل,MK014
2026-01-01,7257309113,33005.1,S132,شركة النسيم الجديد المحدودة,95,MK084
2026-01-01,7257309143,32999.9,S132,شركة النسيم الجديد المحدودة,95,MK016
2026-01-01,7257313872,33004.5,S132,شركة تزويد السعودية المحدودة,95,MK005
2026-01-01,7257314115,33002.7,S132,مؤسسة الدائرة للنقليات,95,MK004
2026-01-01,7257314217,32494.4,S132,شركة النسيم الجديد المحدودة,ديزل,MK029
2026-01-01,7257315989,31997.0,S091,مؤسسه عفراء امحمد ناصر المنجحي للنقليات,95,JA060
2026-01-01,7257316517,32000.0,S091,Al-Nassar Transport Company,91,JA069
2026-01-01,7257315799,32994.7,S132,شركة نايف الدعجاني لنقل البضائع والمهمات شركة شخص واحد,91,MK046
2026-01-01,7257314752,31991.6,S132,شركة حسين زين العطاس وسعد عوض العصيمي وشركائهم,95,MK100
2026-01-01,7257317061,31992.8,S132,شركة القوة المتجددة للوقود,ديزل,MK100
2026-01-01,7257325202,33113.7,S132,شركة أفق الطائف,95,MK047
2026-01-01,7257318748,32995.1,S132,شركة النسيم الجديد المحدودة,91,MK023
2026-01-01,7257318750,32986.5,S132,شركة أفق الطائف,91,MK033
2026-01-01,7257318753,32501.2,S132,شركة النسيم الجديد المحدودة,ديزل,MK072
2026-01-01,7257325098,33005.7,S132,شركة أفق الطائف,95,MK033
2026-01-01,7257318755,32492.5,S132,شركة النسيم الجديد المحدودة,ديزل,MK031
2026-01-01,7257318759,32993.1,S132,مؤسسة سامي بن سلمان بن عامر الصاعدي للنقليات,95,MK015
2026-01-01,7257324414,33004.7,S132,شركة أسطول النادر للنقليات شركة شخص واحد,95,MK063
2026-01-01,7257325069,33004.1,S132,مؤسسة الدائرة للنقليات,95,MK064
2026-01-01,7257325031,32993.0,S132,شركة النسيم الجديد المحدودة,95,MK008
2026-01-01,7257324973,33021.5,S132,شركة النسيم الجديد المحدودة,95,MK007
2026-01-01,7257324432,33001.4,S132,شركة تزويد السعودية المحدودة,95,MK035
2026-01-01,7257324453,32989.6,S132,مؤسسة الدائرة للنقليات,95,MK004
2026-01-01,7257324887,33003.9,S132,شركة النسيم الجديد المحدودة,95,MK018
2026-01-01,7257324552,33001.5,S132,شركة النسيم الجديد المحدودة,91,MK002
2026-01-01,7257324574,32001.5,S132,شركة القوة المتجددة للوقود,91,MK004
2026-01-01,7257324861,33004.4,S132,شركة النسيم الجديد المحدودة,95,MK003
2026-01-01,7257295402,33001.4,S132,شركة أسطول النادر للنقليات شركة شخص واحد,ديزل,MK018
2026-01-01,7257316498,32991.2,S132,شركة النسيم الجديد المحدودة,91,MK007
2026-01-01,7257316656,32993.1,S132,مؤسسة الدائرة للنقليات,ديزل,MK047
2026-01-01,7257317151,33001.5,S132,شركة أفق الطائف,ديزل,MK033
2026-01-01,7257317188,33001.5,S132,شركة النسيم الجديد المحدودة,91,MK016
2026-01-01,7257316072,32001.0,S091,شركة ناقلين المحدودة,ديزل,JA061
2026-01-01,7257316439,33001.6,S132,شركة النسيم الجديد المحدودة,91,MK008
2026-01-01,7257315186,32021.0,S012,محطة منير سفير المطيري,91,RY024
2026-01-01,7257315157,32003.5,S133,شركة أسدال للخدمات البترولية,91,RY075
2026-01-02,7257327031,32993.9,S132,شركة نايف الدعجاني لنقل البضائع والمهمات شركة شخص واحد,91,MK005
2026-01-02,7257327067,32501.8,S132,شركة النسيم الجديد المحدودة,ديزل,MK029
2026-01-02,7257327102,32491.8,S132,شركة النسيم الجديد المحدودة,ديزل,MK007
2026-01-02,7257327133,33001.6,S132,شركة النسيم الجديد المحدودة,91,MK072
2026-01-02,7257327152,33001.4,S132,شركة أفق الطائف,91,MK033
2026-01-02,7257327181,32992.7,S132,مؤسسة الدائرة للنقليات,ديزل,MK064
2026-01-02,7257327261,32994.3,S132,مؤسسة سامي بن سلمان بن عامر الصاعدي للنقليات,91,MK015
2026-01-02,7257326111,33001.4,S132,مؤسسة الدائرة للنقليات,91,MK004
2026-01-02,7257326099,32001.5,S132,شركة القوة المتجددة للوقود,ديزل,MK093
2026-01-02,7257326031,32002.6,S132,شركة تزويد السعودية المحدودة,ديزل,MK063
2026-01-02,7257326007,33008.5,S132,شركة تزويد السعودية المحدودة,91,MK006
2026-01-02,7257325926,32990.6,S132,مؤسسة الدائرة للنقليات,91,MK047
2026-01-02,7257325892,33002.9,S132,شركة أفق الطائف,91,MK001
2026-01-02,7257325818,33008.7,S132,شركة نايف الدعجاني لنقل البضائع والمهمات شركة شخص واحد,91,MK028
2026-01-02,7257325786,32992.4,S132,شركة النسيم الجديد المحدودة,91,MK003
2026-01-02,7257325775,33001.4,S132,شركة النسيم الجديد المحدودة,91,MK018
2026-01-02,7257325741,32992.6,S132,شركة النسيم الجديد المحدودة,91,MK016
2026-01-02,7257325713,33001.6,S132,شركة النسيم الجديد المحدودة,91,MK029
2026-01-02,7257325699,33007.2,S132,شركة النسيم الجديد المحدودة,91,MK031
2026-01-02,7257325658,32979.4,S132,شركة النسيم الجديد المحدودة,91,MK020
2026-01-02,7257326054,32001.6,S132,شركة نايف الدعجاني لنقل البضائع والمهمات شركة شخص واحد,ديزل,MK046
2026-01-02,7257315203,31672.0,S133,محطة منير سفير المطيري,95,RY042
2026-01-02,7257317798,31998.3,S142,مؤسسة مسار الطريق للنقليات,ديزل,QS055
2026-01-02,7257326287,32003.8,S142,مؤسسة مسار الطريق للنقليات,95,QS055
2026-01-02,7257326378,32025.0,S012,محطة منير سفير المطيري,ديزل,RY024
2026-01-02,7257327373,32036.7,S133,شركة أسدال للخدمات البترولية,95,RY075
2026-01-02,7257331117,33004.9,S132,شركة نايف الدعجاني لنقل البضائع والمهمات شركة شخص واحد,95,MK028
2026-01-02,7257331145,33005.6,S132,شركة تزويد السعودية المحدودة,95,MK005
2026-01-02,7257331226,32991.0,S132,مؤسسة الدائرة للنقليات,95,MK004
2026-01-02,7257331294,33001.0,S132,شركة النسيم الجديد المحدودة,95,MK007
2026-01-02,7257331301,33004.2,S132,شركة النسيم الجديد المحدودة,95,MK002
2026-01-02,7257332230,33002.3,S132,شركة حسين زين العطاس وسعد عوض العصيمي وشركائهم,95,MK015
2026-01-02,7257331337,33004.0,S132,شركة النسيم الجديد المحدودة,95,MK003
2026-01-02,7257331354,32994.7,S132,شركة النسيم الجديد المحدودة,95,MK020
2026-01-02,7257331857,32501.2,S132,شركة النسيم الجديد المحدودة,ديزل,MK007
2026-01-02,7257331368,2935.4,S132,شركة النسيم الجديد المحدودة,95,MK072
2026-01-02,7257331380,32988.9,S132,شركة النسيم الجديد المحدودة,95,MK029
2026-01-02,7257331459,33001.8,S132,شركة النسيم الجديد المحدودة,91,MK003
2026-01-02,7257331512,33001.6,S132,شركة النسيم الجديد المحدودة,91,MK002
2026-01-02,7257331548,33004.4,S132,شركة أفق الطائف,95,MK001
2026-01-02,7257325866,33001.3,S132,شركة النسيم الجديد المحدودة,91,MK007
2026-01-02,7257328652,33003.6,S132,شركة حسين زين العطاس وسعد عوض العصيمي وشركائهم,95,MK068
2026-01-02,7257331969,33001.8,S132,مؤسسة سامي بن سلمان بن عامر الصاعدي للنقليات,91,MK015
2026-01-02,7257331914,32993.3,S132,شركة حسين زين العطاس وسعد عوض العصيمي وشركائهم,91,MK068
2026-01-02,7257331192,32988.0,S132,شركة أسطول النادر للنقليات شركة شخص واحد,95,MK006
2026-01-02,7257331428,32990.6,S132,شركة النسيم الجديد المحدودة,91,MK003
2026-01-02,7257331091,31995.0,S091,مؤسسه عفراء امحمد ناصر المنجحي للنقليات,ديزل,JA060
2026-01-02,7257331060,31997.0,S091,Al-Nassar Transport Company,95,JA053
2026-01-03,7257333479,32492.9,S132,شركة النسيم الجديد المحدودة,ديزل,MK007
2026-01-03,7257333296,31897.6,S132,شركة القوة المتجددة للوقود,ديزل,MK014
2026-01-03,7257333289,32994.1,S132,مؤسسة الدائرة للنقليات,ديزل,MK047
2026-01-03,7257333284,33001.4,S132,شركة النسيم الجديد المحدودة,91,MK003
2026-01-03,7257333282,32993.6,S132,شركة النسيم الجديد المحدودة,91,MK023
2026-01-03,7257333280,32002.3,S132,شركة حسين زين العطاس وسعد عوض العصيمي وشركائهم,91,MK014
2026-01-03,7257333273,32007.7,S132,شركة القوة المتجددة للوقود,91,MK093
2026-01-03,7257332004,32992.6,S132,شركة النسيم الجديد المحدودة,91,MK002
2026-01-03,7257332012,32964.1,S132,شركة النسيم الجديد المحدودة,91,MK019
2026-01-03,7257332016,32991.0,S132,شركة النسيم الجديد المحدودة,91,MK072
2026-01-03,7257332025,33010.7,S132,شركة نايف الدعجاني لنقل البضائع والمهمات شركة شخص واحد,91,MK028
2026-01-03,7257332036,33001.5,S132,شركة نايف الدعجاني لنقل البضائع والمهمات شركة شخص واحد,91,MK006
2026-01-03,7257332052,33007.9,S132,شركة تزويد السعودية المحدودة,91,MK063
2026-01-03,7257332168,32979.1,S132,مؤسسة الدائرة للنقليات,91,MK007
2026-01-03,7257331997,32991.5,S132,شركة النسيم الجديد المحدودة,91,MK008
2026-01-03,7257337950,32004.9,S132,شركة القوة المتجددة للوقود,95,MK014
2026-01-03,7257338165,32998.2,S132,شركة أسطول النادر للنقليات شركة شخص واحد,95,MK046
2026-01-03,7257338177,33005.1,S132,مؤسسة الدائرة للنقليات,95,MK047
2026-01-03,7257338223,33001.8,S132,مؤسسة سامي بن سلمان بن عامر الصاعدي للنقليات,91,MK015
2026-01-03,7257338261,33004.4,S132,شركة النسيم الجديد المحدودة,95,MK072
2026-01-03,7257338286,32988.8,S132,شركة النسيم الجديد المحدودة,95,MK007
2026-01-03,7257338310,33003.9,S132,شركة النسيم الجديد المحدودة,95,MK003
2026-01-03,7257338324,33004.1,S132,شركة النسيم الجديد المحدودة,95,MK023
2026-01-03,7257338358,32997.8,S132,شركة النسيم الجديد المحدودة,95,MK016
2026-01-03,7257338370,32996.6,S132,شركة النسيم الجديد المحدودة,91,MK007
2026-01-03,7257338407,32502.3,S132,شركة النسيم الجديد المحدودة,ديزل,MK007
2026-01-03,7257338420,32501.4,S132,شركة النسيم الجديد المحدودة,ديزل,MK072
2026-01-03,7257338449,32991.1,S132,شركة أفق الطائف,ديزل,MK022
2026-01-03,7257338465,33008.6,S132,شركة أفق الطائف,91,MK001
2026-01-03,7257338475,33001.8,S132,شركة أفق الطائف,91,MK017
2026-01-03,7257338073,33004.2,S132,شركة نايف الدعجاني لنقل البضائع والمهمات شركة شخص واحد,95,MK006
2026-01-03,7257338344,33014.7,S132,شركة النسيم الجديد المحدودة,95,MK003
2026-01-03,7257338047,33008.7,S132,شركة تزويد السعودية المحدودة,91,MK035
2026-01-03,7257338893,31999.0,S091,شركة ناقلين المحدودة,95,JA061
2026-01-03,7257327407,32036.6,S133,محطة منير سفير المطيري,95,RY025
2026-01-03,7257332750,32006.3,S133,شركة أسدال للخدمات البترولية,91,RY075
2026-01-03,7257332197,32014.0,S142,مؤسسة مسار الطريق للنقليات,91,QS055
2026-01-04,7257340226,33007.1,S132,شركة النسيم الجديد المحدودة,91,MK029
2026-01-04,7257339243,32007.4,S132,شركة القوة المتجددة للوقود,91,MK100
2026-01-04,7257339227,33061.9,S132,شركة نايف الدعجاني لنقل البضائع والمهمات شركة شخص واحد,91,MK028
2026-01-04,7257339210,32990.4,S132,شركة نايف الدعجاني لنقل البضائع والمهمات شركة شخص واحد,91,MK046
2026-01-04,7257339194,32993.2,S132,مؤسسة الدائرة للنقليات,91,MK064
2026-01-04,7257339174,32986.5,S132,مؤسسة الدائرة للنقليات,91,MK047
2026-01-04,7257339145,33009.8,S132,شركة النسيم الجديد المحدودة,91,MK016
2026-01-04,7257339091,33001.6,S132,شركة النسيم الجديد المحدودة,91,MK003
2026-01-04,7257339033,32979.7,S132,شركة النسيم الجديد المحدودة,91,MK020
2026-01-04,7257338954,32992.7,S132,شركة النسيم الجديد المحدودة,91,MK072
2026-01-04,7257338398,32989.7,S132,شركة أفق الطائف,95,MK017
2026-01-04,7257338255,33081.6,S132,شركة النسيم الجديد المحدودة,95,MK007
2026-01-04,7257338239,33003.3,S132,شركة أفق الطائف,95,MK022
2026-01-04,7257339237,32992.7,S132,شركة تزويد السعودية المحدودة,91,MK005
2026-01-04,7257340109,31998.0,S091,Al-Nassar Transport Company,91,JA069
2026-01-04,7257340078,31997.0,S091,Al-Nassar Transport Company,95,JA069
2026-01-04,7257337827,32000.9,S142,مؤسسة مسار الطريق للنقليات,91,HA043
2026-01-04,7257346471,33003.0,S132,مؤسسة سامي بن سلمان بن عامر الصاعدي للنقليات,95,MK015
2026-01-04,7257348192,33003.4,S132,مؤسسة الدائرة للنقليات,95,MK064
2026-01-04,7257346411,33004.5,S132,شركة أفق الطائف,95,MK033
2026-01-04,7257346351,32999.5,S132,شركة النسيم الجديد المحدودة,95,MK003
2026-01-04,7257346294,32989.6,S132,شركة النسيم الجديد المحدودة,95,MK019
2026-01-04,7257346250,32998.0,S132,شركة النسيم الجديد المحدودة,95,MK002
2026-01-04,7257346143,32501.7,S132,شركة النسيم الجديد المحدودة,ديزل,MK029
2026-01-04,7257346097,32502.2,S132,شركة النسيم الجديد المحدودة,ديزل,MK047
2026-01-04,7257345982,32501.6,S132,شركة النسيم الجديد المحدودة,ديزل,MK007
2026-01-04,7257345815,32998.2,S132,شركة نايف الدعجاني لنقل البضائع والمهمات شركة شخص واحد,95,MK063
2026-01-04,7257345717,33004.0,S132,شركة تزويد السعودية المحدودة,95,MK005
2026-01-04,7257346825,32996.0,S132,شركة أسطول النادر للنقليات شركة شخص واحد,95,MK046
2026-01-04,7257346767,33001.8,S132,مؤسسة الدائرة للنقليات,91,MK004
2026-01-04,7257346528,33001.7,S132,شركة النسيم الجديد المحدودة,91,MK008
2026-01-04,7257346204,32998.8,S132,شركة النسيم الجديد المحدودة,95,MK008
2026-01-04,7257347146,32000.0,S091,Al-Nassar Transport Company,91,JA053
2026-01-04,7257347933,31997.0,S091,مؤسسه عفراء امحمد ناصر المنجحي للنقليات,91,JA060
2026-01-04,7257348041,31998.0,S091,شركة ناقلين المحدودة,91,JA061
2026-01-04,7257348155,31998.0,S091,شركة ناقلين المحدودة,ديزل,JA061
2026-01-04,7257337821,32005.3,S133,شركة أسدال للخدمات البترولية,91,RY042
2026-01-04,7257332190,32006.7,S133,شركة القوة المتجددة للوقود,95,RY075
2026-01-04,7257334627,32021.0,S012,محطة منير سفير المطيري,91,RY025
2026-01-04,7257337850,32002.3,S142,مؤسسة مسار الطريق للنقليات,95,HA043
2026-01-04,7257334192,32004.8,S037,شركة هال للنقليات,91,EP051
2026-01-05,7257350634,33001.7,S132,شركة النسيم الجديد المحدودة,91,MK002
2026-01-05,7257350617,32992.7,S132,شركة أفق الطائف,91,MK033
2026-01-05,7257350606,32989.3,S132,شركة تزويد السعودية المحدودة,91,MK005
2026-01-05,7257350560,32914.5,S132,مؤسسة الدائرة للنقليات,91,MK004
2026-01-05,7257350548,33011.1,S132,شركة نايف الدعجاني لنقل البضائع والمهمات شركة شخص واحد,91,MK006
2026-01-05,7257350537,33001.9,S132,شركة نايف الدعجاني لنقل البضائع والمهمات شركة شخص واحد,91,MK006
2026-01-05,7257346513,32988.9,S132,شركة النسيم الجديد المحدودة,95,MK007
2026-01-05,7257348888,32991.5,S132,شركة النسيم الجديد المحدودة,91,MK072
2026-01-05,7257348906,32993.2,S132,شركة النسيم الجديد المحدودة,91,MK018
2026-01-05,7257348923,32983.9,S132,شركة النسيم الجديد المحدودة,91,MK003
2026-01-05,7257348939,33001.8,S132,شركة النسيم الجديد المحدودة,91,MK007
2026-01-05,7257350587,31987.8,S132,شركة القوة المتجددة للوقود,91,MK068
2026-01-05,7257350596,31991.2,S132,شركة القوة المتجددة للوقود,ديزل,MK068
2026-01-05,7257345685,31952.2,S133,شركة أسدال للخدمات البترولية,91,RY075
2026-01-05,7257350255,32018.0,S012,محطة منير سفير المطيري,91,RY025
2026-01-05,7257356747,32998.6,S132,شركة تزويد السعودية المحدودة,95,MK005
2026-01-05,7257356644,33003.0,S132,شركة نايف الدعجاني لنقل البضائع والمهمات شركة شخص واحد,95,MK028
2026-01-05,7257356580,33004.2,S132,شركة النسيم الجديد المحدودة,95,MK016
2026-01-05,7257356536,33003.3,S132,شركة النسيم الجديد المحدودة,95,MK072
2026-01-05,7257356482,32998.4,S132,شركة النسيم الجديد المحدودة,95,MK084
2026-01-05,7257356433,32989.0,S132,شركة النسيم الجديد المحدودة,95,MK020
2026-01-05,7257356378,33004.4,S132,شركة النسيم الجديد المحدودة,95,MK031
2026-01-05,7257356880,32988.6,S132,مؤسسة الدائرة للنقليات,95,MK047
2026-01-05,7257356934,33003.9,S132,مؤسسة الدائرة للنقليات,95,MK004
2026-01-05,7257356988,33004.3,S132,شركة أفق الطائف,95,MK001
2026-01-05,7257358916,33005.6,S132,شركة النسيم الجديد المحدودة,95,MK003
2026-01-05,7257358977,32992.4,S132,شركة النسيم الجديد المحدودة,91,MK072
2026-01-05,7257359824,32493.4,S132,شركة النسيم الجديد المحدودة,ديزل,MK007
2026-01-05,7257360056,32494.3,S132,شركة النسيم الجديد المحدودة,ديزل,MK018
2026-01-05,7257360777,32991.2,S132,شركة أفق الطائف,91,MK022
2026-01-05,7257352329,32983.7,S132,مؤسسة سامي بن سلمان بن عامر الصاعدي للنقليات,91,MK015
2026-01-05,7257352331,33001.6,S132,مؤسسة سامي بن سلمان بن عامر الصاعدي للنقليات,91,MK071
2026-01-05,7257356333,31990.8,S132,شركة حسين زين العطاس وسعد عوض العصيمي وشركائهم,95,MK099
2026-01-05,7257356371,31997.8,S132,شركة حسين زين العطاس وسعد عوض العصيمي وشركائهم,95,MK071
2026-01-05,7257350716,32001.0,S132,شركة تزويد السعودية المحدودة,ديزل,MK046
2026-01-05,7257352584,31997.4,S132,شركة القوة المتجددة للوقود,95,MK068
2026-01-05,7257352309,31998.0,S091,مؤسسه عفراء امحمد ناصر المنجحي للنقليات,91,JA056
2026-01-06,7257356296,32023.0,S012,محطة منير سفير المطيري,91,RY024
2026-01-06,7257360493,32993.0,S132,شركة النسيم الجديد المحدودة,91,MK008
2026-01-06,7257360783,32992.8,S132,شركة تزويد السعودية المحدودة,91,MK063
2026-01-06,7257362692,32002.2,S132,شركة القوة المتجددة للوقود,91,MK093
2026-01-06,7257362699,32001.8,S132,شركة القوة المتجددة للوقود,ديزل,MK028
2026-01-06,7257362727,32001.3,S132,شركة القوة المتجددة للوقود,ديزل,MK014
2026-01-06,7257360788,33007.7,S132,مؤسسة الدائرة للنقليات,91,MK047
2026-01-06,7257360769,33001.8,S132,شركة نايف الدعجاني لنقل البضائع والمهمات شركة شخص واحد,91,MK028
2026-01-06,7257360763,33003.3,S132,شركة نايف الدعجاني لنقل البضائع والمهمات شركة شخص واحد,91,MK046
2026-01-06,7257360756,32996.6,S132,شركة أفق الطائف,91,MK001
2026-01-06,7257360752,33001.7,S132,شركة النسيم الجديد المحدودة,91,MK007
2026-01-06,7257360746,33001.4,S132,شركة النسيم الجديد المحدودة,91,MK029
2026-01-06,7257360730,33002.6,S132,شركة النسيم الجديد المحدودة,91,MK020
2026-01-06,7257360573,33008.1,S132,شركة النسيم الجديد المحدودة,91,MK016
2026-01-06,7257360561,32990.7,S132,شركة النسيم الجديد المحدودة,91,MK084
2026-01-06,7257369008,33005.0,S132,شركة نايف الدعجاني لنقل البضائع والمهمات شركة شخص واحد,95,MK035
2026-01-06,7257369457,33002.4,S132,مؤسسة الدائرة للنقليات,ديزل,MK047
2026-01-06,7257369054,33004.4,S132,شركة تزويد السعودية المحدودة,95,MK006
2026-01-06,7257369071,33003.2,S132,مؤسسة الدائرة للنقليات,95,MK004
2026-01-06,7257369079,33003.9,S132,شركة النسيم الجديد المحدودة,95,MK015
2026-01-06,7257369383,33006.0,S132,شركة أفق الطائف,95,MK017
2026-01-06,7257369356,32990.0,S132,شركة النسيم الجديد المحدودة,95,MK003
2026-01-06,7257369094,32984.7,S132,شركة النسيم الجديد المحدودة,91,MK015
2026-01-06,7257369310,32989.4,S132,شركة النسيم الجديد المحدودة,95,MK002
2026-01-06,7257369299,32999.0,S132,شركة النسيم الجديد المحدودة,95,MK029
2026-01-06,7257369252,32999.1,S132,شركة النسيم الجديد المحدودة,95,MK007
2026-01-06,7257369181,33005.9,S132,شركة حسين زين العطاس وسعد عوض العصيمي وشركائهم,95,MK093
2026-01-06,7257362299,32990.2,S132,مؤسسة سامي بن سلمان بن عامر الصاعدي للنقليات,91,MK015
2026-01-06,7257362313,33004.0,S132,شركة أسطول النادر للنقليات شركة شخص واحد,95,MK015
2026-01-06,7257350990,32992.3,S132,مؤسسة سامي بن سلمان بن عامر الصاعدي للنقليات,95,MK003
2026-01-06,7257363669,33002.4,S132,شركة النسيم الجديد المحدودة,91,MK002
2026-01-06,7257363673,33008.3,S132,شركة النسيم الجديد المحدودة,91,MK003
2026-01-06,7257363677,32501.0,S132,شركة النسيم الجديد المحدودة,ديزل,MK031
2026-01-06,7257363681,32493.5,S132,شركة النسيم الجديد المحدودة,ديزل,MK007
2026-01-06,7257362733,32001.4,S132,شركة تزويد السعودية المحدودة,ديزل,MK046
2026-01-06,7257369325,32990.3,S132,شركة النسيم الجديد المحدودة,95,MK008
2026-01-06,7257368933,31999.0,S091,Al-Nassar Transport Company,95,JA053
2026-01-06,7257365629,32003.0,S091,مؤسسه عفراء امحمد ناصر المنجحي للنقليات,95,JA056
2026-01-06,7257339373,32000.7,S133,شركة أسدال للخدمات البترولية,95,RY025
2026-01-06,7257345590,31996.2,S133,شركة القوة المتجددة للوقود,95,RY024
2026-01-06,7257361711,32017.9,S133,شركة أسدال للخدمات البترولية,91,RY075
2026-01-07,7257372408,32503.0,S132,شركة النسيم الجديد المحدودة,ديزل,MK008
2026-01-07,7257372384,33000.7,S132,شركة أفق الطائف,ديزل,MK022
2026-01-07,7257372242,32501.1,S132,شركة النسيم الجديد المحدودة,ديزل,MK007
2026-01-07,7257371581,31991.8,S132,شركة القوة المتجددة للوقود,ديزل,MK100
2026-01-07,7257371513,33002.2,S132,شركة أفق الطائف,91,MK017
2026-01-07,7257371476,32993.0,S132,مؤسسة الدائرة للنقليات,91,MK004
2026-01-07,7257371431,33008.3,S132,مؤسسة الدائرة للنقليات,91,MK064
2026-01-07,7257371400,32993.3,S132,شركة تزويد السعودية المحدودة,91,MK005
2026-01-07,7257371386,32996.3,S132,شركة نايف الدعجاني لنقل البضائع والمهمات شركة شخص واحد,91,MK035
2026-01-07,7257371380,33007.3,S132,شركة نايف الدعجاني لنقل البضائع والمهمات شركة شخص واحد,91,MK028
2026-01-07,7257371340,33001.8,S132,شركة النسيم الجديد المحدودة,91,MK007
2026-01-07,7257371303,33001.6,S132,شركة النسيم الجديد المحدودة,91,MK003
2026-01-07,7257371262,33002.4,S132,شركة النسيم الجديد المحدودة,91,MK023
2026-01-07,7257370272,33007.6,S132,شركة النسيم الجديد المحدودة,91,MK031
2026-01-07,7257370260,33001.6,S132,شركة النسيم الجديد المحدودة,91,MK019
2026-01-07,7257370233,32990.7,S132,شركة النسيم الجديد المحدودة,91,MK072
2026-01-07,7257380127,32987.5,S132,شركة تزويد السعودية المحدودة,95,MK063
2026-01-07,7257380017,33004.0,S132,شركة نايف الدعجاني لنقل البضائع والمهمات شركة شخص واحد,95,MK028
2026-01-07,7257380340,33000.2,S132,شركة النسيم الجديد المحدودة,95,MK007
2026-01-07,7257380404,33001.6,S132,شركة النسيم الجديد المحدودة,91,MK072
2026-01-07,7257381658,33004.3,S132,شركة أفق الطائف,95,MK001
2026-01-07,7257380434,33005.1,S132,شركة النسيم الجديد المحدودة,95,MK019
2026-01-07,7257380481,33008.5,S132,شركة النسيم الجديد المحدودة,95,MK003
2026-01-07,7257381560,33006.7,S132,شركة النسيم الجديد المحدودة,95,MK007
2026-01-07,7257381593,32986.7,S132,شركة النسيم الجديد المحدودة,95,MK020
2026-01-07,7257381607,32988.6,S132,شركة النسيم الجديد المحدودة,95,MK002
2026-01-07,7257381624,32491.8,S132,شركة النسيم الجديد المحدودة,ديزل,MK007
2026-01-07,7257381645,32999.3,S132,مؤسسة الدائرة للنقليات,95,MK047
2026-01-07,7257372237,31993.2,S132,شركة تزويد السعودية المحدودة,ديزل,MK004
2026-01-07,7257371556,32001.0,S132,شركة القوة المتجددة للوقود,91,MK099
2026-01-07,7257380267,33000.4,S132,شركة أسطول النادر للنقليات شركة شخص واحد,95,MK046
2026-01-07,7257381816,32001.0,S091,شركة ناقلين المحدودة,ديزل,JA061
2026-01-07,7257350071,32002.9,S032,شركة هال للنقليات,95,EP051
2026-01-08,7257383030,32491.9,S132,شركة النسيم الجديد المحدودة,ديزل,MK007
2026-01-08,7257383014,32992.9,S132,شركة النسيم الجديد المحدودة,ديزل,MK072
2026-01-08,7257382995,33008.1,S132,شركة أفق الطائف,91,MK001
2026-01-08,7257382983,33001.8,S132,شركة تزويد السعودية المحدودة,91,MK063
2026-01-08,7257381968,33001.5,S132,شركة النسيم الجديد المحدودة,91,MK016
2026-01-08,7257381972,33001.5,S132,شركة النسيم الجديد المحدودة,91,MK007
2026-01-08,7257381986,32991.7,S132,شركة نايف الدعجاني لنقل البضائع والمهمات شركة شخص واحد,91,MK046
2026-01-08,7257381991,33003.3,S132,شركة النسيم الجديد المحدودة,91,MK003
2026-01-08,7257381999,32991.7,S132,شركة النسيم الجديد المحدودة,91,MK002
2026-01-08,7257382526,32992.8,S132,شركة نايف الدعجاني لنقل البضائع والمهمات شركة شخص واحد,91,MK006
2026-01-08,7257382531,33002.0,S132,مؤسسة الدائرة للنقليات,91,MK004
2026-01-08,7257382540,32992.8,S132,مؤسسة الدائرة للنقليات,91,MK047
2026-01-08,7257381980,33001.7,S132,شركة النسيم الجديد المحدودة,91,MK008
2026-01-08,7257382944,32005.0,S091,Al-Nassar Transport Company,95,JA069
2026-01-08,7257382935,31996.0,S091,Al-Nassar Transport Company,91,JA069
2026-01-08,7257372702,32007.7,S133,شركة أسدال للخدمات البترولية,95,RY075
2026-01-08,7257372710,31806.5,S133,محطة منير سفير المطيري,95,RY025
2026-01-08,7257389390,31998.3,S132,شركة القوة المتجددة للوقود,95,MK068
2026-01-08,7257391933,33001.9,S132,شركة النسيم الجديد المحدودة,91,MK072
2026-01-08,7257391750,33001.8,S132,مؤسسة سامي بن سلمان بن عامر الصاعدي للنقليات,91,MK071
2026-01-08,7257391670,32005.7,S132,شركة القوة المتجددة للوقود,95,MK015
2026-01-08,7257391613,33001.0,S132,شركة أفق الطائف,95,MK022
2026-01-08,7257391558,33003.8,S132,شركة أفق الطائف,95,MK033
2026-01-08,7257391505,33001.4,S132,شركة النسيم الجديد المحدودة,91,MK007
2026-01-08,7257391457,33004.2,S132,شركة النسيم الجديد المحدودة,95,MK016
2026-01-08,7257391428,32999.8,S132,شركة النسيم الجديد المحدودة,95,MK072
2026-01-08,7257389831,33001.4,S132,شركة النسيم الجديد المحدودة,91,MK003
2026-01-08,7257389789,32992.4,S132,شركة النسيم الجديد المحدودة,91,MK029
2026-01-08,7257389756,33006.6,S132,شركة النسيم الجديد المحدودة,91,MK018
2026-01-08,7257389732,33003.5,S132,شركة النسيم الجديد المحدودة,95,MK029
2026-01-08,7257389656,33004.1,S132,شركة النسيم الجديد المحدودة,95,MK007
2026-01-08,7257384719,32998.1,S132,شركة أفق الطائف,91,MK033
2026-01-08,7257389269,33003.5,S132,شركة أسطول النادر للنقليات شركة شخص واحد,95,MK005
2026-01-08,7257389281,33004.5,S132,شركة نايف الدعجاني لنقل البضائع والمهمات شركة شخص واحد,95,MK028
2026-01-08,7257389311,33003.7,S132,مؤسسة الدائرة للنقليات,95,MK004
2026-01-08,7257389337,33004.3,S132,مؤسسة الدائرة للنقليات,95,MK064
2026-01-08,7257389614,32989.4,S132,شركة النسيم الجديد المحدودة,95,MK003
2026-01-08,7257372720,31996.5,S133,شركة القوة المتجددة للوقود,95,RY042
2026-01-08,7257382351,32014.0,S012,شركة أسدال للخدمات البترولية,ديزل,RY075
2026-01-09,7257393424,31991.7,S132,شركة النسيم الجديد المحدودة,ديزل,MK071
2026-01-09,7257393183,33001.5,S132,شركة أفق الطائف,91,MK017
2026-01-09,7257393119,33008.6,S132,شركة أسطول النادر للنقليات شركة شخص واحد,91,MK005
2026-01-09,7257393081,33001.7,S132,مؤسسة سامي بن سلمان بن عامر الصاعدي للنقليات,91,MK015
2026-01-09,7257393054,32984.2,S132,مؤسسة الدائرة للنقليات,91,MK004
2026-01-09,7257392991,33001.5,S132,شركة تزويد السعودية المحدودة,91,MK006
2026-01-09,7257392946,33007.5,S132,شركة نايف الدعجاني لنقل البضائع والمهمات شركة شخص واحد,91,MK028
2026-01-09,7257392152,33001.5,S132,شركة النسيم الجديد المحدودة,91,MK003
2026-01-09,7257392130,33001.4,S132,شركة النسيم الجديد المحدودة,91,MK007
2026-01-09,7257392111,33001.7,S132,شركة النسيم الجديد المحدودة,91,MK002
2026-01-09,7257392096,33001.7,S132,شركة النسيم الجديد المحدودة,91,MK020
2026-01-09,7257392009,32501.9,S132,شركة النسيم الجديد المحدودة,ديزل,MK007
2026-01-09,7257391993,32501.6,S132,شركة النسيم الجديد المحدودة,ديزل,MK029
2026-01-09,7257392965,32991.6,S132,شركة نايف الدعجاني لنقل البضائع والمهمات شركة شخص واحد,91,MK046
2026-01-09,7257393011,31992.7,S132,شركة تزويد السعودية المحدودة,ديزل,MK046
2026-01-09,7257392104,32993.1,S132,شركة النسيم الجديد المحدودة,91,MK008
2026-01-09,7257397326,33005.1,S132,شركة أسطول النادر للنقليات شركة شخص واحد,95,MK006
2026-01-09,7257397343,33004.2,S132,مؤسسة الدائرة للنقليات,95,MK004
2026-01-09,7257397355,31993.6,S132,مؤسسة الدائرة للنقليات,ديزل,MK004
2026-01-09,7257397378,33002.6,S132,شركة النسيم الجديد المحدودة,95,MK008
2026-01-09,7257397386,33007.4,S132,شركة النسيم الجديد المحدودة,95,MK003
2026-01-09,7257397404,33004.8,S132,شركة النسيم الجديد المحدودة,95,MK007
2026-01-09,7257397419,32998.7,S132,شركة النسيم الجديد المحدودة,95,MK002
2026-01-09,7257397438,33004.8,S132,شركة النسيم الجديد المحدودة,95,MK023
2026-01-09,7257397456,33004.1,S132,شركة النسيم الجديد المحدودة,95,MK018
2026-01-09,7257397497,33001.5,S132,شركة النسيم الجديد المحدودة,91,MK007
2026-01-09,7257397508,32993.2,S132,شركة النسيم الجديد المحدودة,91,MK072
2026-01-09,7257397515,33007.1,S132,شركة النسيم الجديد المحدودة,91,MK016
2026-01-09,7257397530,33001.5,S132,شركة النسيم الجديد المحدودة,ديزل,MK007
2026-01-09,7257397765,32993.5,S132,مؤسسة سامي بن سلمان بن عامر الصاعدي للنقليات,91,MK014
2026-01-09,7257397849,33002.9,S132,مؤسسة الدائرة للنقليات,ديزل,MK047
2026-01-09,7257397855,33004.8,S132,مؤسسة الدائرة للنقليات,95,MK047
2026-01-09,7257398167,32989.6,S132,شركة أفق الطائف,95,MK017
2026-01-09,7257397316,32999.6,S132,شركة تزويد السعودية المحدودة,95,MK005
2026-01-09,7257396378,32991.2,S132,شركة أفق الطائف,ديزل,MK033
2026-01-09,7257396403,32001.5,S132,شركة القوة المتجددة للوقود,ديزل,MK014
2026-01-09,7257397307,33005.4,S132,شركة نايف الدعجاني لنقل البضائع والمهمات شركة شخص واحد,95,MK028
2026-01-09,7257397478,33006.0,S132,شركة أفق الطائف,95,MK003
2026-01-09,7257372805,31993.7,S133,شركة أسدال للخدمات البترولية,95,RY075
2026-01-09,7257390199,32001.8,S142,مؤسسة مسار الطريق للنقليات,95,QS055
2026-01-09,7257384820,32022.5,S142,مؤسسة مسار الطريق للنقليات,91,QS055
2026-01-09,7257384812,32057.2,S142,مؤسسة مسار الطريق للنقليات,91,HA043
2026-01-09,7257380932,31996.9,S142,مؤسسة مسار الطريق للنقليات,ديزل,QS055
2026-01-09,7257390096,32004.2,S133,شركة أسدال للخدمات البترولية,91,RY075
2026-01-09,7257384356,31989.0,S032,شركة هال للنقليات,91,EP051
2026-01-10,7257399124,32010.3,S132,شركة القوة المتجددة للوقود,91,MK068
2026-01-10,7257400121,31992.8,S132,شركة القوة المتجددة للوقود,ديزل,MK035
2026-01-10,7257400080,33001.7,S132,مؤسسة الدائرة للنقليات,91,MK047
2026-01-10,7257400043,33001.8,S132,شركة النسيم الجديد المحدودة,91,MK072
2026-01-10,7257399167,32868.4,S132,شركة النسيم الجديد المحدودة,ديزل,MK007
2026-01-10,7257399096,33001.5,S132,شركة نايف الدعجاني لنقل البضائع والمهمات شركة شخص واحد,91,MK028
2026-01-10,7257398259,32991.6,S132,مؤسسة الدائرة للنقليات,91,MK004
2026-01-10,7257398233,32992.5,S132,شركة أفق الطائف,91,MK001
2026-01-10,7257398157,32990.9,S132,شركة حسين زين العطاس وسعد عوض العصيمي وشركائهم,91,MK004
2026-01-10,7257398148,32989.8,S132,شركة نايف الدعجاني لنقل البضائع والمهمات شركة شخص واحد,91,MK005
2026-01-10,7257398136,32993.1,S132,شركة أفق الطائف,91,MK033
2026-01-10,7257398129,33002.4,S132,شركة النسيم الجديد المحدودة,91,MK084
2026-01-10,7257398122,33008.3,S132,شركة النسيم الجديد المحدودة,91,MK002
2026-01-10,7257398112,33005.3,S132,شركة النسيم الجديد المحدودة,91,MK007
2026-01-10,7257398105,32982.9,S132,شركة النسيم الجديد المحدودة,91,MK003
2026-01-10,7257397653,32069.1,S133,شركة أسدال للخدمات البترولية,95,RY075
2026-01-10,7257396647,32021.0,S012,محطة منير سفير المطيري,91,RY024
2026-01-10,7257398483,32025.0,S012,محطة منير سفير المطيري,91,RY025
2026-01-10,7257397685,32001.0,S133,شركة القوة المتجددة للوقود,95,RY024
2026-01-10,7257397710,31999.3,S133,شركة أسدال للخدمات البترولية,91,RY075
2026-01-10,7257406293,31999.0,S091,Al-Nassar Transport Company,91,JA053
2026-01-10,7257406407,31998.0,S091,شركة ناقلين المحدودة,ديزل,JA061
2026-01-10,7257406369,33003.9,S132,شركة أسطول النادر للنقليات شركة شخص واحد,95,MK005
2026-01-10,7257406268,32987.2,S132,شركة أفق الطائف,ديزل,MK033
2026-01-10,7257406246,31989.5,S132,شركة القوة المتجددة للوقود,95,MK014
2026-01-10,7257406221,32991.7,S132,شركة النسيم الجديد المحدودة,91,MK003
2026-01-10,7257405068,32989.3,S132,مؤسسة الدائرة للنقليات,95,MK004
2026-01-10,7257405056,33002.4,S132,شركة النسيم الجديد المحدودة,ديزل,MK007
2026-01-10,7257405048,32001.7,S132,مؤسسة الدائرة للنقليات,ديزل,MK004
2026-01-10,7257405011,33003.9,S132,شركة تزويد السعودية المحدودة,95,MK063
2026-01-10,7257404972,33004.7,S132,شركة نايف الدعجاني لنقل البضائع والمهمات شركة شخص واحد,95,MK035
2026-01-10,7257404950,33001.2,S132,شركة نايف الدعجاني لنقل البضائع والمهمات شركة شخص واحد,95,MK028
2026-01-10,7257404898,33003.8,S132,شركة النسيم الجديد المحدودة,95,MK003
2026-01-10,7257404737,33001.8,S132,مؤسسة سامي بن سلمان بن عامر الصاعدي للنقليات,91,MK015
2026-01-10,7257404803,33003.5,S132,شركة النسيم الجديد المحدودة,95,MK007
2026-01-10,7257404815,32998.1,S132,شركة النسيم الجديد المحدودة,95,MK007
2026-01-10,7257404834,33004.6,S132,شركة النسيم الجديد المحدودة,95,MK019
2026-01-10,7257404864,33004.9,S132,شركة النسيم الجديد المحدودة,95,MK084
2026-01-10,7257404893,33005.2,S132,شركة النسيم الجديد المحدودة,95,MK002
2026-01-10,7257404669,22005.4,S183,مؤسسة سامي بن سلمان بن عامر الصاعدي للنقليات,98,MK015
2026-01-10,7257405130,33007.6,S132,شركة النسيم الجديد المحدودة,91,MK008
2026-01-10,7257405034,32002.3,S132,شركة تزويد السعودية المحدودة,ديزل,MK046
2026-01-11,7257407078,33007.5,S132,شركة النسيم الجديد المحدودة,91,MK018
2026-01-11,7257407085,32998.1,S132,شركة أفق الطائف,91,MK022
2026-01-11,7257407094,32990.5,S132,شركة النسيم الجديد المحدودة,91,MK029
2026-01-11,7257407112,33002.4,S132,مؤسسة الدائرة للنقليات,91,MK004
2026-01-11,7257407117,31983.4,S132,شركة القوة المتجددة للوقود,91,MK093
2026-01-11,7257407134,33001.8,S132,مؤسسة الدائرة للنقليات,ديزل,MK064
2026-01-11,7257407620,32979.4,S132,شركة أسطول النادر للنقليات شركة شخص واحد,91,MK063
2026-01-11,7257407622,33002.1,S132,شركة النسيم الجديد المحدودة,ديزل,MK029
2026-01-11,7257406495,33001.5,S132,شركة النسيم الجديد المحدودة,ديزل,MK072
2026-01-11,7257406438,32993.0,S132,شركة نايف الدعجاني لنقل البضائع والمهمات شركة شخص واحد,91,MK035
2026-01-11,7257406435,33002.1,S132,شركة نايف الدعجاني لنقل البضائع والمهمات شركة شخص واحد,91,MK028
2026-01-11,7257406430,33001.2,S132,شركة النسيم الجديد المحدودة,91,MK007
2026-01-11,7257406391,32990.6,S132,شركة النسيم الجديد المحدودة,91,MK003
2026-01-11,7257406342,33003.0,S132,شركة النسيم الجديد المحدودة,91,MK072
2026-01-11,7257406422,32003.0,S091,شركة ناقلين المحدودة,95,JA061
2026-01-11,7257406310,31998.0,S091,Al-Nassar Transport Company,95,JA069
2026-01-11,7257407312,31994.0,S132,شركة القوة المتجددة للوقود,ديزل,MK004
2026-01-11,7257413992,33004.4,S132,شركة النسيم الجديد المحدودة,95,MK003
2026-01-11,7257414020,32989.3,S132,شركة النسيم الجديد المحدودة,95,MK072
2026-01-11,7257414053,33005.7,S132,شركة النسيم الجديد المحدودة,95,MK007
2026-01-11,7257414094,33004.6,S132,شركة النسيم الجديد المحدودة,95,MK003
2026-01-11,7257414120,33005.0,S132,شركة النسيم الجديد المحدودة,95,MK029
2026-01-11,7257414183,33000.0,S132,شركة النسيم الجديد المحدودة,95,MK084
2026-01-11,7257414232,33003.7,S132,شركة النسيم الجديد المحدودة,95,MK016
2026-01-11,7257414270,33003.8,S132,مؤسسة سامي بن سلمان بن عامر الصاعدي للنقليات,95,MK015
2026-01-11,7257414310,33002.6,S132,مؤسسة سامي بن سلمان بن عامر الصاعدي للنقليات,91,MK015
2026-01-11,7257414399,32989.7,S132,شركة النسيم الجديد المحدودة,91,MK019
2026-01-11,7257415671,33001.4,S132,شركة النسيم الجديد المحدودة,91,MK003
2026-01-11,7257416094,33002.0,S132,شركة تزويد السعودية المحدودة,91,MK006
2026-01-11,7257416256,33004.1,S132,شركة أفق الطائف,95,MK001
2026-01-11,7257413952,33001.5,S132,شركة النسيم الجديد المحدودة,ديزل,MK008
2026-01-11,7257413371,33004.7,S132,شركة نايف الدعجاني لنقل البضائع والمهمات شركة شخص واحد,95,MK028
2026-01-11,7257413550,33015.4,S132,شركة أسطول النادر للنقليات شركة شخص واحد,95,MK006
2026-01-11,7257413612,32998.5,S132,شركة نايف الدعجاني لنقل البضائع والمهمات شركة شخص واحد,95,MK005
2026-01-11,7257413684,33004.9,S132,مؤسسة الدائرة للنقليات,95,MK004
2026-01-11,7257413720,32989.9,S132,مؤسسة الدائرة للنقليات,95,MK047
2026-01-11,7257413763,33002.0,S132,مؤسسة الدائرة للنقليات,ديزل,MK047
2026-01-11,7257413890,33001.5,S132,شركة أفق الطائف,ديزل,MK033
2026-01-11,7257413924,33001.4,S132,شركة النسيم الجديد المحدودة,ديزل,MK007
2026-01-11,7257409333,32998.2,S132,شركة حسين زين العطاس وسعد عوض العصيمي وشركائهم,95,MK046
2026-01-11,7257416687,31997.0,S091,Al-Nassar Transport Company,91,JA069
2026-01-11,7257416743,31998.0,S091,Al-Nassar Transport Company,ديزل,JA053
2026-01-11,7257416828,31995.0,S091,شركة ناقلين المحدودة,ديزل,JA061
2026-01-12,7257409348,32021.0,S012,محطة منير سفير المطيري,ديزل,RY025
2026-01-12,7257418208,31851.8,S133,شركة أسدال للخدمات البترولية,91,RY075
2026-01-12,7257406694,31997.1,S133,شركة القوة المتجددة للوقود,95,RY024
2026-01-12,7257418079,32993.2,S132,شركة النسيم الجديد المحدودة,ديزل,MK007
2026-01-12,7257419280,33001.6,S132,شركة أفق الطائف,ديزل,MK022
2026-01-12,7257419308,33001.7,S132,شركة أفق الطائف,91,MK001
2026-01-12,7257419369,32001.8,S132,مؤسسة الدائرة للنقليات,ديزل,MK004
2026-01-12,7257419402,32991.0,S132,شركة النسيم الجديد المحدودة,91,MK008
2026-01-12,7257418004,33002.1,S132,مؤسسة الدائرة للنقليات,91,MK004
2026-01-12,7257417997,33001.5,S132,شركة أسطول النادر للنقليات شركة شخص واحد,91,MK005
2026-01-12,7257417954,32990.9,S132,شركة نايف الدعجاني لنقل البضائع والمهمات شركة شخص واحد,91,MK028
2026-01-12,7257417900,32991.6,S132,شركة النسيم الجديد المحدودة,91,MK020
2026-01-12,7257417888,33002.8,S132,شركة النسيم الجديد المحدودة,91,MK016
2026-01-12,7257417818,32989.8,S132,شركة النسيم الجديد المحدودة,91,MK002
2026-01-12,7257417810,32991.7,S132,شركة النسيم الجديد المحدودة,91,MK072
2026-01-12,7257417090,32002.0,S091,Al-Nassar Transport Company,95,JA053
2026-01-12,7257417823,33002.1,S132,شركة النسيم الجديد المحدودة,91,MK023
2026-01-12,7257417858,33001.5,S132,شركة أفق الطائف,91,MK033
2026-01-12,7257417943,33005.6,S132,شركة نايف الدعجاني لنقل البضائع والمهمات شركة شخص واحد,91,MK046
2026-01-12,7257425808,32998.0,S132,شركة نايف الدعجاني لنقل البضائع والمهمات شركة شخص واحد,95,MK005
2026-01-12,7257425838,33007.3,S132,شركة تزويد السعودية المحدودة,95,MK063
2026-01-12,7257425901,32990.0,S132,شركة أسطول النادر للنقليات شركة شخص واحد,95,MK006
2026-01-12,7257425969,31993.6,S132,شركة القوة المتجددة للوقود,ديزل,MK014
2026-01-12,7257426106,33015.3,S132,شركة النسيم الجديد المحدودة,95,MK007
2026-01-12,7257426227,32997.8,S132,شركة النسيم الجديد المحدودة,95,MK002
2026-01-12,7257426270,33004.5,S132,شركة النسيم الجديد المحدودة,95,MK003
2026-01-12,7257426340,33002.7,S132,شركة النسيم الجديد المحدودة,91,MK007
2026-01-12,7257428551,33034.4,S132,شركة النسيم الجديد المحدودة,95,MK007
2026-01-12,7257428597,32991.9,S132,شركة النسيم الجديد المحدودة,91,MK003
2026-01-12,7257428706,33003.9,S132,شركة أفق الطائف,95,MK017
2026-01-12,7257428913,33001.3,S132,مؤسسة الدائرة للنقليات,91,MK047
2026-01-12,7257428946,32998.7,S132,مؤسسة الدائرة للنقليات,95,MK004
2026-01-12,7257428985,33003.9,S132,شركة أفق الطائف,95,MK064
2026-01-12,7257429034,33001.4,S132,مؤسسة سامي بن سلمان بن عامر الصاعدي للنقليات,91,MK015
2026-01-12,7257419110,36001.6,S132,شركة أسطول النادر للنقليات شركة شخص واحد,ديزل,MK007
2026-01-12,7257421182,33003.9,S132,شركة النسيم الجديد المحدودة,95,MK020
2026-01-12,7257420917,31997.0,S091,مؤسسه عفراء امحمد ناصر المنجحي للنقليات,91,JA061
2026-01-12,7257426204,33003.9,S132,شركة النسيم الجديد المحدودة,95,MK008
2026-01-12,7257429011,31991.0,S132,شركة القوة المتجددة للوقود,95,MK068
2026-01-12,7257425941,32002.1,S132,شركة تزويد السعودية المحدودة,ديزل,MK046
2026-01-12,7257425758,32991.0,S132,شركة نايف الدعجاني لنقل البضائع والمهمات شركة شخص واحد,95,MK046
2026-01-13,7257430417,32992.7,S132,شركة النسيم الجديد المحدودة,91,MK003
2026-01-13,7257430402,33002.6,S132,شركة أسطول النادر للنقليات شركة شخص واحد,91,MK005
2026-01-13,7257430244,33007.9,S132,مؤسسة سامي بن سلمان بن عامر الصاعدي للنقليات,91,MK071
2026-01-13,7257430238,32993.9,S132,شركة النسيم الجديد المحدودة,91,MK084
2026-01-13,7257430232,33002.8,S132,شركة النسيم الجديد المحدودة,ديزل,MK031
2026-01-13,7257430228,33001.9,S132,شركة النسيم الجديد المحدودة,ديزل,MK007
2026-01-13,7257430223,32875.5,S132,شركة أفق الطائف,ديزل,MK033
2026-01-13,7257416373,33008.2,S132,شركة أفق الطائف,91,MK017
2026-01-13,7257428957,33001.7,S132,شركة النسيم الجديد المحدودة,ديزل,MK008
2026-01-13,7257429086,32994.0,S132,مؤسسة الدائرة للنقليات,ديزل,MK047
2026-01-13,7257429581,32994.0,S132,شركة النسيم الجديد المحدودة,91,MK007
2026-01-13,7257429612,33003.0,S132,شركة النسيم الجديد المحدودة,91,MK072
2026-01-13,7257429652,32950.2,S132,شركة النسيم الجديد المحدودة,91,MK002
2026-01-13,7257429659,32992.0,S132,شركة النسيم الجديد المحدودة,91,MK031
2026-01-13,7257429686,33002.0,S132,شركة نايف الدعجاني لنقل البضائع والمهمات شركة شخص واحد,91,MK028
2026-01-13,7257429694,32986.0,S132,مؤسسة الدائرة للنقليات,91,MK064
2026-01-13,7257429682,33051.0,S132,شركة نايف الدعجاني لنقل البضائع والمهمات شركة شخص واحد,91,MK046
2026-01-13,7257406685,31990.3,S184,شركة أسدال للخدمات البترولية,95,RY075
2026-01-13,7257437167,32992.5,S132,شركة النسيم الجديد المحدودة,91,MK029
2026-01-13,7257435768,33001.3,S132,شركة النسيم الجديد المحدودة,95,MK003
2026-01-13,7257435802,32990.3,S132,شركة النسيم الجديد المحدودة,95,MK031
2026-01-13,7257435712,33004.3,S132,مؤسسة الدائرة للنقليات,95,MK047
2026-01-13,7257435605,32997.9,S132,شركة حسين زين العطاس وسعد عوض العصيمي وشركائهم,95,MK093
2026-01-13,7257435529,32988.5,S132,شركة نايف الدعجاني لنقل البضائع والمهمات شركة شخص واحد,95,MK028
2026-01-13,7257435842,33003.8,S132,شركة النسيم الجديد المحدودة,95,MK018
2026-01-13,7257436058,33003.4,S132,شركة النسيم الجديد المحدودة,95,MK029
2026-01-13,7257436133,32993.9,S132,شركة النسيم الجديد المحدودة,95,MK007
2026-01-13,7257436190,33004.8,S132,شركة النسيم الجديد المحدودة,95,MK003
2026-01-13,7257437081,33003.2,S132,شركة تزويد السعودية المحدودة,91,MK006
2026-01-13,7257437210,32993.3,S132,مؤسسة سامي بن سلمان بن عامر الصاعدي للنقليات,95,MK015
2026-01-13,7257437139,32993.7,S132,شركة النسيم الجديد المحدودة,91,MK007
2026-01-13,7257437184,32996.9,S132,شركة النسيم الجديد المحدودة,91,MK072
2026-01-13,7257437244,31991.3,S132,شركة القوة المتجددة للوقود,95,MK071
2026-01-13,7257437289,31997.8,S132,شركة القوة المتجددة للوقود,95,MK033
2026-01-13,7257438372,33001.7,S132,شركة أفق الطائف,91,MK008
2026-01-13,7257428013,32021.0,S012,محطة منير سفير المطيري,91,RY042
2026-01-13,7257428140,32036.0,S012,محطة منير سفير المطيري,ديزل,RY042
2026-01-14,7257439846,32993.4,S132,شركة النسيم الجديد المحدودة,91,MK003
2026-01-14,7257439451,32993.1,S132,شركة النسيم الجديد المحدودة,91,MK016
2026-01-14,7257439438,32996.1,S132,شركة النسيم الجديد المحدودة,91,MK018
2026-01-14,7257439094,33002.7,S132,شركة نايف الدعجاني لنقل البضائع والمهمات شركة شخص واحد,91,MK005
2026-01-14,7257439071,33001.9,S132,شركة نايف الدعجاني لنقل البضائع والمهمات شركة شخص واحد,91,MK035
2026-01-14,7257439046,32994.4,S132,شركة النسيم الجديد المحدودة,91,MK007
2026-01-14,7257438415,32491.7,S132,شركة النسيم الجديد المحدودة,ديزل,MK029
2026-01-14,7257437605,31992.0,S132,شركة القوة المتجددة للوقود,ديزل,MK014
2026-01-14,7257438366,32502.3,S132,مؤسسة الدائرة للنقليات,ديزل,MK004
2026-01-14,7257437655,33001.8,S132,شركة النسيم الجديد المحدودة,ديزل,MK007
2026-01-14,7257435479,33002.0,S183,شركة النسيم الجديد المحدودة,95,MK072
2026-01-14,7257439396,35993.3,S132,شركة أسطول النادر للنقليات شركة شخص واحد,ديزل,MK072
2026-01-14,7257444292,33005.7,S132,شركة النسيم الجديد المحدودة,95,MK020
2026-01-14,7257444455,33030.6,S132,شركة النسيم الجديد المحدودة,95,MK016
2026-01-14,7257444539,33003.5,S132,شركة النسيم الجديد المحدودة,95,MK007
2026-01-14,7257444614,32994.7,S132,شركة النسيم الجديد المحدودة,95,MK002
2026-01-14,7257444678,33004.0,S132,شركة النسيم الجديد المحدودة,95,MK019
2026-01-14,7257444853,33003.8,S132,شركة أفق الطائف,95,MK001
2026-01-14,7257444914,32999.0,S132,شركة نايف الدعجاني لنقل البضائع والمهمات شركة شخص واحد,95,MK035
2026-01-14,7257445020,32999.9,S132,شركة تزويد السعودية المحدودة,95,MK028
2026-01-14,7257445053,33005.8,S132,مؤسسة الدائرة للنقليات,95,MK004
2026-01-14,7257445100,33001.7,S132,مؤسسة الدائرة للنقليات,91,MK047
2026-01-14,7257445498,31990.2,S132,شركة القوة المتجددة للوقود,91,MK099
2026-01-14,7257446798,33002.9,S132,شركة النسيم الجديد المحدودة,91,MK072
2026-01-14,7257446830,33001.4,S132,شركة النسيم الجديد المحدودة,91,MK003
2026-01-14,7257446916,33058.9,S132,شركة أفق الطائف,91,MK001
2026-01-14,7257446936,33001.9,S132,شركة أفق الطائف,91,MK007
2026-01-14,7257446948,33001.9,S132,شركة حسين زين العطاس وسعد عوض العصيمي وشركائهم,91,MK002
2026-01-14,7257446965,33009.1,S132,شركة أسطول النادر للنقليات شركة شخص واحد,91,MK020
2026-01-14,7257441331,32993.0,S132,شركة النسيم الجديد المحدودة,95,MK023
2026-01-14,7257441070,32992.9,S132,مؤسسة سامي بن سلمان بن عامر الصاعدي للنقليات,91,MK015
2026-01-14,7257440926,32993.0,S132,شركة أسطول النادر للنقليات شركة شخص واحد,91,MK063
2026-01-14,7257440925,33010.2,S132,مؤسسة الدائرة للنقليات,91,MK004
2026-01-14,7257444363,32994.5,S132,شركة النسيم الجديد المحدودة,95,MK008
2026-01-14,7257444945,32991.9,S132,شركة أسطول النادر للنقليات شركة شخص واحد,95,MK006
2026-01-14,7257445358,32007.4,S132,شركة القوة المتجددة للوقود,91,MK068
2026-01-14,7257445608,32000.0,S091,Al-Nassar Transport Company,91,JA069
2026-01-14,7257445549,32001.0,S091,Al-Nassar Transport Company,95,JA069
2026-01-14,7257409361,32007.2,S184,شركة أسدال للخدمات البترولية,ديزل,RY075
2026-01-14,7257419532,32002.1,S142,مؤسسة مسار الطريق للنقليات,95,HA043
2026-01-14,7257433604,32001.1,S142,مؤسسة مسار الطريق للنقليات,91,QS055
2026-01-14,7257438179,31999.6,S133,شركة أسدال للخدمات البترولية,95,RY075
2026-01-14,7257438051,31999.3,S133,شركة أسدال للخدمات البترولية,91,RY075
2026-01-14,7257438086,32053.1,S184,محطة منير سفير المطيري,95,RY025
2026-01-14,7257439923,32003.6,S032,شركة هال للنقليات,95,EP051
2026-01-14,7257416636,31955.0,S032,شركة هال للنقليات,91,EP051
2026-01-15,7257449165,33003.8,S132,شركة النسيم الجديد المحدودة,91,MK002
2026-01-15,7257449147,33064.0,S132,شركة أفق الطائف,91,MK033
2026-01-15,7257449105,32991.7,S132,مؤسسة سامي بن سلمان بن عامر الصاعدي للنقليات,91,MK015
2026-01-15,7257448383,32992.1,S132,شركة النسيم الجديد المحدودة,ديزل,MK008
2026-01-15,7257448376,33001.7,S132,شركة أفق الطائف,ديزل,MK047
2026-01-15,7257448336,32993.1,S132,شركة النسيم الجديد المحدودة,91,MK003
2026-01-15,7257448324,32991.1,S132,شركة النسيم الجديد المحدودة,91,MK084
2026-01-15,7257448305,33001.9,S132,شركة النسيم الجديد المحدودة,91,MK019
2026-01-15,7257448278,32994.4,S132,شركة نايف الدعجاني لنقل البضائع والمهمات شركة شخص واحد,91,MK028
2026-01-15,7257447710,32992.0,S132,شركة أسطول النادر للنقليات شركة شخص واحد,ديزل,MK004
2026-01-15,7257447504,32001.3,S132,مؤسسة الدائرة للنقليات,ديزل,MK004
2026-01-15,7257447292,32993.0,S132,شركة النسيم الجديد المحدودة,ديزل,MK007
2026-01-15,7257444257,33001.4,S132,شركة النسيم الجديد المحدودة,ديزل,MK007
2026-01-15,7257447429,31993.6,S132,شركة نايف الدعجاني لنقل البضائع والمهمات شركة شخص واحد,ديزل,MK046
2026-01-15,7257448316,32992.9,S132,شركة النسيم الجديد المحدودة,91,MK008
2026-01-15,7257445857,33001.8,S132,شركة النسيم الجديد المحدودة,ديزل,MK008
2026-01-15,7257449213,32000.0,S091,مؤسسه عفراء امحمد ناصر المنجحي للنقليات,95,JA060
2026-01-15,7257448351,31998.0,S091,Al-Nassar Transport Company,91,JA053
2026-01-15,7257457673,33002.8,S132,شركة النسيم الجديد المحدودة,95,MK003
2026-01-15,7257457716,32982.6,S132,شركة النسيم الجديد المحدودة,91,MK007
2026-01-15,7257457630,33004.9,S132,شركة النسيم الجديد المحدودة,95,MK007
2026-01-15,7257457569,33001.7,S132,شركة أفق الطائف,91,MK017
2026-01-15,7257457510,33004.6,S132,شركة أفق الطائف,95,MK017
2026-01-15,7257457748,32994.7,S132,شركة النسيم الجديد المحدودة,91,MK002
2026-01-15,7257455838,32993.6,S132,مؤسسة سامي بن سلمان بن عامر الصاعدي للنقليات,95,MK015
2026-01-15,7257457785,32987.7,S132,شركة حسين زين العطاس وسعد عوض العصيمي وشركائهم,91,MK003
2026-01-15,7257455640,32996.6,S132,شركة النسيم الجديد المحدودة,91,MK072
2026-01-15,7257455568,33002.5,S132,شركة النسيم الجديد المحدودة,95,MK002
2026-01-15,7257455521,32998.4,S132,شركة النسيم الجديد المحدودة,95,MK003
2026-01-15,7257455495,32999.0,S132,شركة النسيم الجديد المحدودة,95,MK007
2026-01-15,7257455436,33002.7,S132,شركة أفق الطائف,95,MK022
2026-01-15,7257455352,32991.3,S132,شركة أسطول النادر للنقليات شركة شخص واحد,91,MK004
2026-01-15,7257455284,33004.5,S132,شركة أسطول النادر للنقليات شركة شخص واحد,95,MK004
2026-01-15,7257455165,32989.6,S132,شركة تزويد السعودية المحدودة,95,MK005
2026-01-15,7257455144,32992.7,S132,شركة نايف الدعجاني لنقل البضائع والمهمات شركة شخص واحد,95,MK028
2026-01-15,7257447739,31993.3,S132,شركة تزويد السعودية المحدودة,ديزل,MK028
2026-01-15,7257450151,31994.3,S132,شركة حسين زين العطاس وسعد عوض العصيمي وشركائهم,ديزل,MK033
2026-01-15,7257451348,32990.1,S132,شركة حسين زين العطاس وسعد عوض العصيمي وشركائهم,91,MK014
2026-01-15,7257457879,32003.8,S132,شركة القوة المتجددة للوقود,95,MK068
2026-01-15,7257454498,31998.0,S091,شركة ناقلين المحدودة,ديزل,JA061
2026-01-15,7257454674,31996.0,S091,Al-Nassar Transport Company,95,JA053
2026-01-15,7257454912,31999.0,S091,شركة ناقلين المحدودة,91,JA061
2026-01-15,7257446197,32009.0,S142,مؤسسة مسار الطريق للنقليات,ديزل,QS055
2026-01-15,7257448266,32018.0,S012,محطة منير سفير المطيري,91,RY025
2026-01-16,7257458518,33002.2,S132,شركة نايف الدعجاني لنقل البضائع والمهمات شركة شخص واحد,91,MK046
2026-01-16,7257458527,33003.3,S132,شركة نايف الدعجاني لنقل البضائع والمهمات شركة شخص واحد,91,MK004
2026-01-16,7257458797,32001.8,S132,شركة القوة المتجددة للوقود,91,MK100
2026-01-16,7257458836,32993.1,S132,شركة أفق الطائف,91,MK064
2026-01-16,7257458891,33001.6,S132,شركة النسيم الجديد المحدودة,91,MK029
2026-01-16,7257458917,33002.8,S132,شركة النسيم الجديد المحدودة,91,MK023
2026-01-16,7257459299,33001.8,S132,شركة أسطول النادر للنقليات شركة شخص واحد,91,MK006
2026-01-16,7257459368,32983.8,S132,شركة النسيم الجديد المحدودة,91,MK002
2026-01-16,7257459377,32991.2,S132,شركة النسيم الجديد المحدودة,91,MK003
2026-01-16,7257459386,33004.8,S132,شركة النسيم الجديد المحدودة,91,MK007
2026-01-16,7257459396,33001.6,S132,شركة النسيم الجديد المحدودة,91,MK003
2026-01-16,7257459412,32991.8,S132,شركة أسطول النادر للنقليات شركة شخص واحد,91,MK005
2026-01-16,7257459449,32995.0,S132,شركة أفق الطائف,91,MK001
2026-01-16,7257455414,33001.3,S132,شركة أفق الطائف,ديزل,MK064
2026-01-16,7257458059,33002.1,S132,شركة أسطول النادر للنقليات شركة شخص واحد,ديزل,MK035
2026-01-16,7257458089,33000.9,S132,شركة أسطول النادر للنقليات شركة شخص واحد,ديزل,MK004
2026-01-16,7257458388,32993.1,S132,شركة النسيم الجديد المحدودة,ديزل,MK029
2026-01-16,7257458459,32992.7,S132,شركة حسين زين العطاس وسعد عوض العصيمي وشركائهم,ديزل,MK008
2026-01-16,7257458451,32993.1,S132,شركة حسين زين العطاس وسعد عوض العصيمي وشركائهم,ديزل,MK033
2026-01-16,7257458443,32991.2,S132,شركة النسيم الجديد المحدودة,ديزل,MK007
2026-01-16,7257458420,32992.1,S132,شركة النسيم الجديد المحدودة,ديزل,MK007
2026-01-16,7257458408,33001.7,S132,شركة أفق الطائف,ديزل,MK022
2026-01-16,7257458511,32986.4,S132,شركة نايف الدعجاني لنقل البضائع والمهمات شركة شخص واحد,91,MK028
2026-01-16,7257448067,31885.5,S142,مؤسسة مسار الطريق للنقليات,91,HA043
2026-01-16,7257463865,32001.9,S132,شركة القوة المتجددة للوقود,95,MK014
2026-01-16,7257463883,33001.7,S132,شركة النسيم الجديد المحدودة,91,MK003
2026-01-16,7257463040,33002.1,S132,شركة تزويد السعودية المحدودة,95,MK063
2026-01-16,7257463104,33035.0,S132,شركة أسطول النادر للنقليات شركة شخص واحد,95,MK046
2026-01-16,7257463132,32993.8,S132,شركة أسطول النادر للنقليات شركة شخص واحد,95,MK004
2026-01-16,7257463149,32999.6,S132,شركة النسيم الجديد المحدودة,95,MK003
2026-01-16,7257463179,32990.5,S132,شركة النسيم الجديد المحدودة,95,MK003
2026-01-16,7257463834,32999.8,S132,شركة أفق الطائف,95,MK001
2026-01-16,7257463237,31993.4,S132,شركة القوة المتجددة للوقود,95,MK047
2026-01-16,7257463256,32999.8,S132,شركة النسيم الجديد المحدودة,95,MK084
2026-01-16,7257463271,33004.8,S132,شركة النسيم الجديد المحدودة,95,MK029
2026-01-16,7257463898,33001.6,S132,مؤسسة سامي بن سلمان بن عامر الصاعدي للنقليات,91,MK015
2026-01-16,7257463286,33010.3,S132,شركة النسيم الجديد المحدودة,91,MK072
2026-01-16,7257464216,33001.3,S132,شركة حسين زين العطاس وسعد عوض العصيمي وشركائهم,ديزل,MK047
2026-01-16,7257463916,33001.5,S132,شركة أفق الطائف,ديزل,MK033
2026-01-16,7257463856,33003.5,S132,شركة أفق الطائف,95,MK033
2026-01-16,7257463315,33001.4,S132,شركة النسيم الجديد المحدودة,91,MK018
2026-01-16,7257463943,32991.6,S132,شركة النسيم الجديد المحدودة,95,MK007
2026-01-16,7257464153,33001.7,S132,شركة أفق الطائف,91,MK022
2026-01-16,7257458114,32987.2,S132,شركة النسيم الجديد المحدودة,91,MK016
2026-01-16,7257459467,32992.3,S132,شركة أفق الطائف,91,MK047
2026-01-16,7257459698,32992.6,S132,شركة النسيم الجديد المحدودة,ديزل,MK018
2026-01-16,7257463996,31997.0,S091,مؤسسه عفراء امحمد ناصر المنجحي للنقليات,91,JA056
2026-01-16,7257463294,32995.5,S132,شركة النسيم الجديد المحدودة,91,MK008
2026-01-16,7257463888,32996.3,S132,شركة النسيم الجديد المحدودة,91,MK007
2026-01-16,7257463016,33005.4,S132,شركة نايف الدعجاني لنقل البضائع والمهمات شركة شخص واحد,95,MK005
2026-01-16,7257459500,32001.5,S132,شركة تزويد السعودية المحدودة,ديزل,MK046
2026-01-16,7257458253,31983.9,S133,شركة أسدال للخدمات البترولية,91,RY075
2026-01-17,7257464259,31992.3,S132,شركة القوة المتجددة للوقود,ديزل,MK004
2026-01-17,7257464264,32003.4,S132,شركة القوة المتجددة للوقود,ديزل,MK014
2026-01-17,7257464328,33001.8,S132,شركة نايف الدعجاني لنقل البضائع والمهمات شركة شخص واحد,91,MK006
2026-01-17,7257464776,33007.3,S132,شركة النسيم الجديد المحدودة,91,MK020
2026-01-17,7257464806,33001.7,S132,شركة النسيم الجديد المحدودة,91,MK016
2026-01-17,7257464856,32993.2,S132,شركة أفق الطائف,91,MK019
2026-01-17,7257464909,33001.7,S132,شركة النسيم الجديد المحدودة,91,MK007
2026-01-17,7257464926,32992.1,S132,شركة أسطول النادر للنقليات شركة شخص واحد,91,MK005
2026-01-17,7257464957,32994.3,S132,شركة حسين زين العطاس وسعد عوض العصيمي وشركائهم,91,MK028
2026-01-17,7257465009,32992.2,S132,شركة أفق الطائف,91,MK033
2026-01-17,7257465030,33001.4,S132,شركة أسطول النادر للنقليات شركة شخص واحد,ديزل,MK004
2026-01-17,7257465845,33001.6,S132,شركة النسيم الجديد المحدودة,91,MK031
2026-01-17,7257465860,33001.6,S132,شركة النسيم الجديد المحدودة,91,MK072
2026-01-17,7257465868,31992.3,S132,شركة القوة المتجددة للوقود,91,MK004
2026-01-17,7257465904,32989.4,S132,شركة النسيم الجديد المحدودة,91,MK003
2026-01-17,7257464238,32991.4,S132,شركة النسيم الجديد المحدودة,ديزل,MK072
2026-01-17,7257464225,33002.0,S132,شركة النسيم الجديد المحدودة,ديزل,MK008
2026-01-17,7257464019,31995.0,S091,Al-Nassar Transport Company,95,JA069
2026-01-17,7257464028,31995.0,S091,شركة ناقلين المحدودة,95,JA061
2026-01-17,7257464314,33005.9,S132,شركة نايف الدعجاني لنقل البضائع والمهمات شركة شخص واحد,91,MK046
2026-01-17,7257470924,33003.6,S132,شركة نايف الدعجاني لنقل البضائع والمهمات شركة شخص واحد,95,MK046
2026-01-17,7257471496,33001.6,S132,شركة النسيم الجديد المحدودة,91,MK003
2026-01-17,7257471274,32999.5,S132,شركة النسيم الجديد المحدودة,95,MK016
2026-01-17,7257471324,32992.9,S132,شركة النسيم الجديد المحدودة,95,MK020
2026-01-17,7257471366,33005.8,S132,شركة النسيم الجديد المحدودة,95,MK008
2026-01-17,7257471418,32986.1,S132,شركة النسيم الجديد المحدودة,95,MK007
2026-01-17,7257471440,32992.6,S132,شركة النسيم الجديد المحدودة,95,MK003
2026-01-17,7257471459,33099.9,S132,شركة أفق الطائف,95,MK002
2026-01-17,7257471521,33007.1,S132,شركة النسيم الجديد المحدودة,91,MK007
2026-01-17,7257471537,33001.5,S132,شركة النسيم الجديد المحدودة,91,MK029
2026-01-17,7257472155,32993.1,S132,مؤسسة سامي بن سلمان بن عامر الصاعدي للنقليات,95,MK015
2026-01-17,7257472184,33001.2,S132,شركة حسين زين العطاس وسعد عوض العصيمي وشركائهم,91,MK093
2026-01-17,7257472204,32992.8,S132,شركة النسيم الجديد المحدودة,ديزل,MK007
2026-01-17,7257472233,33007.2,S132,شركة أفق الطائف,91,MK017
2026-01-17,7257472249,33003.8,S132,شركة أفق الطائف,95,MK023
2026-01-17,7257472268,32984.0,S132,مؤسسة سامي بن سلمان بن عامر الصاعدي للنقليات,91,MK015
2026-01-17,7257465917,32992.1,S132,شركة النسيم الجديد المحدودة,ديزل,MK007
2026-01-17,7257465923,32002.4,S132,شركة تزويد السعودية المحدودة,ديزل,MK004
2026-01-17,7257468150,32989.5,S132,شركة النسيم الجديد المحدودة,95,MK072
2026-01-17,7257468182,33002.8,S132,مؤسسة سامي بن سلمان بن عامر الصاعدي للنقليات,91,MK071
2026-01-17,7257471007,33004.5,S132,شركة نايف الدعجاني لنقل البضائع والمهمات شركة شخص واحد,95,MK035
2026-01-17,7257471038,33130.9,S132,شركة أسطول النادر للنقليات شركة شخص واحد,95,MK004
2026-01-17,7257471087,32991.1,S132,شركة أسطول النادر للنقليات شركة شخص واحد,95,MK028
2026-01-17,7257471115,32991.3,S132,شركة تزويد السعودية المحدودة,95,MK005
2026-01-17,7257463748,32003.4,S142,مؤسسة مسار الطريق للنقليات,91,QS055
2026-01-17,7257448050,32004.0,S142,مؤسسة مسار الطريق للنقليات,95,QS055
2026-01-17,7257458223,32004.6,S133,شركة أسدال للخدمات البترولية,95,RY075
2026-01-17,7257465090,31995.8,S133,شركة أسدال للخدمات البترولية,91,RY075
2026-01-17,7257463727,32025.0,S012,محطة منير سفير المطيري,91,RY024
2026-01-18,7257473943,32991.3,S132,شركة أسطول النادر للنقليات شركة شخص واحد,91,MK006
2026-01-18,7257474200,32984.8,S132,شركة أسطول النادر للنقليات شركة شخص واحد,91,MK005
2026-01-18,7257472756,32001.6,S132,شركة القوة المتجددة للوقود,91,MK068
2026-01-18,7257472747,33008.0,S132,شركة أفق الطائف,91,MK001
2026-01-18,7257472713,33057.0,S132,شركة أفق الطائف,91,MK047
2026-01-18,7257472703,33007.7,S132,شركة النسيم الجديد المحدودة,91,MK023
2026-01-18,7257472671,33006.9,S132,شركة النسيم الجديد المحدودة,91,MK084
2026-01-18,7257472387,33001.6,S132,شركة النسيم الجديد المحدودة,91,MK072
2026-01-18,7257472371,32993.3,S132,شركة النسيم الجديد المحدودة,ديزل,MK018
2026-01-18,7257472365,33001.5,S132,شركة النسيم الجديد المحدودة,ديزل,MK029
2026-01-18,7257472360,31992.1,S132,شركة نايف الدعجاني لنقل البضائع والمهمات شركة شخص واحد,ديزل,MK004
2026-01-18,7257472290,33001.9,S132,شركة نايف الدعجاني لنقل البضائع والمهمات شركة شخص واحد,91,MK004
2026-01-18,7257472424,33001.6,S132,شركة النسيم الجديد المحدودة,91,MK008
2026-01-18,7257472378,33002.2,S132,شركة النسيم الجديد المحدودة,ديزل,MK007
2026-01-18,7257472636,31997.0,S091,مؤسسه عفراء امحمد ناصر المنجحي للنقليات,91,JA060
2026-01-18,7257480229,33002.8,S132,شركة النسيم الجديد المحدودة,ديزل,MK007
2026-01-18,7257481631,33002.7,S132,مؤسسة سامي بن سلمان بن عامر الصاعدي للنقليات,91,MK015
2026-01-18,7257479960,33008.5,S132,شركة النسيم الجديد المحدودة,91,MK003
2026-01-18,7257479922,33001.7,S132,شركة النسيم الجديد المحدودة,91,MK007
2026-01-18,7257479857,33004.3,S132,شركة النسيم الجديد المحدودة,95,MK003
2026-01-18,7257479835,33004.7,S132,شركة النسيم الجديد المحدودة,95,MK003
2026-01-18,7257479824,32997.9,S132,شركة النسيم الجديد المحدودة,95,MK018
2026-01-18,7257479805,33006.0,S132,شركة النسيم الجديد المحدودة,95,MK019
2026-01-18,7257479788,32993.3,S132,شركة أسطول النادر للنقليات شركة شخص واحد,95,MK006
2026-01-18,7257479733,33003.6,S132,مؤسسة الدائرة للنقليات,95,MK047
2026-01-18,7257479721,32994.1,S132,شركة أفق الطائف,ديزل,MK033
2026-01-18,7257474828,33004.4,S132,شركة أفق الطائف,95,MK064
2026-01-18,7257474862,32999.7,S132,شركة النسيم الجديد المحدودة,95,MK007
2026-01-18,7257479254,33004.4,S132,شركة نايف الدعجاني لنقل البضائع والمهمات شركة شخص واحد,95,MK028
2026-01-18,7257479425,33001.7,S132,شركة أسطول النادر للنقليات شركة شخص واحد,91,MK046
2026-01-18,7257479462,33007.0,S132,شركة تزويد السعودية المحدودة,95,MK004
2026-01-18,7257479591,33001.7,S132,مؤسسة الدائرة للنقليات,ديزل,MK064
2026-01-18,7257479331,32996.3,S132,شركة نايف الدعجاني لنقل البضائع والمهمات شركة شخص واحد,91,MK063
2026-01-18,7257479981,32004.5,S132,شركة القوة المتجددة للوقود,95,MK068
2026-01-18,7257479504,32002.1,S132,شركة تزويد السعودية المحدودة,ديزل,MK046
2026-01-18,7257482110,31997.0,S091,Al-Nassar Transport Company,91,JA069
2026-01-18,7257482161,32000.0,S091,Al-Nassar Transport Company,91,JA053
2026-01-18,7257458276,32001.1,S133,شركة القوة المتجددة للوقود,95,RY042
2026-01-18,7257471895,32024.0,S012,محطة منير سفير المطيري,91,RY025
2026-01-19,7257483769,32993.7,S132,مؤسسة الدائرة للنقليات,ديزل,MK047
2026-01-19,7257482748,32994.8,S132,شركة أفق الطائف,ديزل,MK022
2026-01-19,7257483853,32992.9,S132,شركة النسيم الجديد المحدودة,91,MK016
2026-01-19,7257483902,33009.3,S132,شركة أسطول النادر للنقليات شركة شخص واحد,91,MK004
2026-01-19,7257484098,33002.3,S132,شركة النسيم الجديد المحدودة,91,MK007
2026-01-19,7257482718,33002.8,S132,شركة النسيم الجديد المحدودة,ديزل,MK031
2026-01-19,7257482298,33001.7,S132,شركة النسيم الجديد المحدودة,91,MK020
2026-01-19,7257482333,32992.6,S132,شركة النسيم الجديد المحدودة,91,MK018
2026-01-19,7257482373,32996.1,S132,شركة النسيم الجديد المحدودة,91,MK072
2026-01-19,7257482394,33003.1,S132,شركة النسيم الجديد المحدودة,91,MK003
2026-01-19,7257482425,33001.6,S132,شركة النسيم الجديد المحدودة,91,MK002
2026-01-19,7257482499,32777.4,S132,شركة أفق الطائف,91,MK022
2026-01-19,7257482525,33002.1,S132,شركة أفق الطائف,91,MK033
2026-01-19,7257482549,33001.4,S132,مؤسسة الدائرة للنقليات,91,MK064
2026-01-19,7257482574,32991.5,S132,مؤسسة الدائرة للنقليات,91,MK004
2026-01-19,7257482599,32994.1,S132,شركة نايف الدعجاني لنقل البضائع والمهمات شركة شخص واحد,91,MK028
2026-01-19,7257482620,32994.7,S132,شركة نايف الدعجاني لنقل البضائع والمهمات شركة شخص واحد,91,MK035
2026-01-19,7257482663,32979.7,S132,شركة تزويد السعودية المحدودة,91,MK005
2026-01-19,7257482684,32008.7,S132,شركة القوة المتجددة للوقود,91,MK014
2026-01-19,7257482698,33001.8,S132,شركة النسيم الجديد المحدودة,ديزل,MK008
2026-01-19,7257482706,32994.3,S132,شركة النسيم الجديد المحدودة,ديزل,MK072
2026-01-19,7257482203,32001.0,S091,Al-Nassar Transport Company,ديزل,JA053
2026-01-19,7257490106,33001.9,S132,شركة النسيم الجديد المحدودة,95,MK016
2026-01-19,7257492014,33001.6,S132,مؤسسة سامي بن سلمان بن عامر الصاعدي للنقليات,91,MK015
2026-01-19,7257489992,31993.6,S132,شركة نايف الدعجاني لنقل البضائع والمهمات شركة شخص واحد,ديزل,MK063
2026-01-19,7257489964,33002.0,S132,شركة حسين زين العطاس وسعد عوض العصيمي وشركائهم,95,MK099
2026-01-19,7257489880,33005.3,S132,شركة أسطول النادر للنقليات شركة شخص واحد,95,MK100
2026-01-19,7257485658,33068.2,S132,شركة أفق الطائف,95,MK017
2026-01-19,7257485657,32992.5,S132,شركة أفق الطائف,95,MK001
2026-01-19,7257491302,33002.7,S132,مؤسسة سامي بن سلمان بن عامر الصاعدي للنقليات,95,MK015
2026-01-19,7257490118,33002.2,S132,شركة النسيم الجديد المحدودة,95,MK007
2026-01-19,7257490205,33001.4,S132,شركة النسيم الجديد المحدودة,95,MK029
2026-01-19,7257490234,32993.8,S132,شركة النسيم الجديد المحدودة,95,MK031
2026-01-19,7257490270,32993.1,S132,شركة النسيم الجديد المحدودة,95,MK002
2026-01-19,7257490580,32001.8,S132,شركة القوة المتجددة للوقود,ديزل,MK014
2026-01-19,7257490291,32976.2,S132,شركة النسيم الجديد المحدودة,95,MK003
2026-01-19,7257490362,33002.5,S132,شركة النسيم الجديد المحدودة,95,MK084
2026-01-19,7257490379,32991.0,S132,شركة أفق الطائف,95,MK007
2026-01-19,7257490472,33001.9,S132,شركة النسيم الجديد المحدودة,91,MK029
2026-01-19,7257490498,33021.8,S132,شركة النسيم الجديد المحدودة,ديزل,MK007
2026-01-19,7257482788,32002.2,S132,شركة تزويد السعودية المحدودة,ديزل,MK035
2026-01-19,7257483880,32993.7,S132,شركة النسيم الجديد المحدودة,91,MK008
2026-01-19,7257483950,33001.4,S132,شركة أفق الطائف,ديزل,MK033
2026-01-19,7257484129,31992.1,S132,شركة القوة المتجددة للوقود,ديزل,MK071
2026-01-19,7257490031,32992.8,S132,شركة أسطول النادر للنقليات شركة شخص واحد,ديزل,MK046
2026-01-19,7257490347,32998.9,S132,شركة النسيم الجديد المحدودة,95,MK008
2026-01-19,7257490459,32985.5,S132,شركة النسيم الجديد المحدودة,91,MK002
2026-01-19,7257489847,33005.1,S132,شركة نايف الدعجاني لنقل البضائع والمهمات شركة شخص واحد,95,MK005
2026-01-19,7257489441,31996.0,S091,Al-Nassar Transport Company,95,JA069
2026-01-19,7257463806,31994.9,S133,شركة أسدال للخدمات البترولية,95,RY075
2026-01-19,7257481212,31995.7,S133,شركة أسدال للخدمات البترولية,91,RY075
2026-01-19,7257481317,32024.0,S012,محطة منير سفير المطيري,91,RY024
2026-01-19,7257474821,31989.0,S032,شركة هال للنقليات,91,EP051
2026-01-20,7257492690,33001.6,S132,شركة النسيم الجديد المحدودة,91,MK072
2026-01-20,7257492698,32991.8,S132,شركة النسيم الجديد المحدودة,91,MK003
2026-01-20,7257492089,33002.1,S132,مؤسسة الدائرة للنقليات,ديزل,MK064
2026-01-20,7257492052,33002.3,S132,شركة النسيم الجديد المحدودة,ديزل,MK029
2026-01-20,7257492726,32993.0,S132,شركة النسيم الجديد المحدودة,91,MK003
2026-01-20,7257492732,33001.4,S132,شركة النسيم الجديد المحدودة,91,MK007
2026-01-20,7257492745,33001.4,S132,شركة النسيم الجديد المحدودة,91,MK016
2026-01-20,7257492838,31980.0,S132,مؤسسة الدائرة للنقليات,91,MK047
2026-01-20,7257492816,32993.8,S132,شركة أسطول النادر للنقليات شركة شخص واحد,91,MK063
2026-01-20,7257492823,32007.8,S132,شركة القوة المتجددة للوقود,91,MK093
2026-01-20,7257491966,33001.5,S132,شركة النسيم الجديد المحدودة,ديزل,MK007
2026-01-20,7257489545,31994.0,S091,شركة ناقلين المحدودة,ديزل,JA061
2026-01-20,7257492764,33003.2,S132,شركة نايف الدعجاني لنقل البضائع والمهمات شركة شخص واحد,91,MK046
2026-01-20,7257492243,31991.8,S132,شركة أسطول النادر للنقليات شركة شخص واحد,ديزل,MK004
2026-01-20,7257492069,33001.1,S132,شركة النسيم الجديد المحدودة,ديزل,MK008
2026-01-20,7257500546,32991.8,S132,شركة النسيم الجديد المحدودة,91,MK007
2026-01-20,7257499022,33004.3,S132,شركة أسطول النادر للنقليات شركة شخص واحد,95,MK063
2026-01-20,7257499141,33005.4,S132,شركة أسطول النادر للنقليات شركة شخص واحد,95,MK006
2026-01-20,7257499308,33027.2,S132,مؤسسة الدائرة للنقليات,95,MK047
2026-01-20,7257499357,32992.3,S132,مؤسسة الدائرة للنقليات,95,MK004
2026-01-20,7257499426,33004.4,S132,شركة النسيم الجديد المحدودة,95,MK020
2026-01-20,7257499492,33006.2,S132,شركة النسيم الجديد المحدودة,95,MK007
2026-01-20,7257499575,33003.5,S132,شركة النسيم الجديد المحدودة,95,MK003
2026-01-20,7257499591,32993.6,S132,شركة النسيم الجديد المحدودة,95,MK072
2026-01-20,7257499627,33004.3,S132,شركة النسيم الجديد المحدودة,95,MK019
2026-01-20,7257499683,32999.2,S132,شركة النسيم الجديد المحدودة,95,MK003
2026-01-20,7257499713,33004.6,S132,شركة أفق الطائف,95,MK022
2026-01-20,7257499744,32001.2,S132,شركة القوة المتجددة للوقود,95,MK093
2026-01-20,7257500449,33001.6,S132,شركة النسيم الجديد المحدودة,91,MK002
2026-01-20,7257500192,33001.5,S132,شركة أفق الطائف,91,MK017
2026-01-20,7257500147,33004.6,S132,شركة أفق الطائف,95,MK033
2026-01-20,7257492217,32991.3,S132,مؤسسة الدائرة للنقليات,ديزل,MK047
2026-01-20,7257492792,33006.8,S132,شركة نايف الدعجاني لنقل البضائع والمهمات شركة شخص واحد,91,MK028
2026-01-20,7257493444,32987.2,S132,شركة النسيم الجديد المحدودة,91,MK020
2026-01-20,7257499085,33003.6,S132,شركة نايف الدعجاني لنقل البضائع والمهمات شركة شخص واحد,95,MK046
2026-01-20,7257500345,31998.0,S091,Al-Nassar Transport Company,95,JA053
2026-01-20,7257490699,32008.4,S133,شركة أسدال للخدمات البترولية,95,RY025
2026-01-20,7257481160,31997.0,S133,شركة القوة المتجددة للوقود,95,RY024
2026-01-20,7257471913,32000.8,S133,شركة أسدال للخدمات البترولية,95,RY075
2026-01-20,7257490764,32017.0,S012,محطة منير سفير المطيري,91,RY025
2026-01-21,7257502434,33002.3,S132,شركة أسطول النادر للنقليات شركة شخص واحد,91,MK005
2026-01-21,7257502468,32001.4,S132,شركة القوة المتجددة للوقود,91,MK068
2026-01-21,7257500991,32992.4,S132,شركة النسيم الجديد المحدودة,91,MK008
2026-01-21,7257500786,31993.2,S132,شركة القوة المتجددة للوقود,ديزل,MK068
2026-01-21,7257500845,33008.8,S132,شركة نايف الدعجاني لنقل البضائع والمهمات شركة شخص واحد,91,MK046
2026-01-21,7257499526,31998.0,S091,شركة ناقلين المحدودة,ديزل,JA060
2026-01-21,7257502512,33007.7,S132,شركة أفق الطائف,91,MK001
2026-01-21,7257502911,33002.9,S132,مؤسسة الدائرة للنقليات,91,MK004
2026-01-21,7257500098,33004.0,S132,مؤسسة الدائرة للنقليات,95,MK064
2026-01-21,7257500572,32991.8,S132,شركة النسيم الجديد المحدودة,ديزل,MK007
2026-01-21,7257500617,33001.6,S132,شركة النسيم الجديد المحدودة,ديزل,MK008
2026-01-21,7257500886,32989.8,S132,شركة تزويد السعودية المحدودة,91,MK006
2026-01-21,7257500910,33001.3,S132,شركة النسيم الجديد المحدودة,91,MK072
2026-01-21,7257501075,33001.5,S132,شركة النسيم الجديد المحدودة,91,MK007
2026-01-21,7257501115,32998.8,S132,شركة النسيم الجديد المحدودة,91,MK003
2026-01-21,7257501424,22002.3,S183,مؤسسة سامي بن سلمان بن عامر الصاعدي للنقليات,98,MK015
2026-01-21,7257499215,31989.6,S184,محطة منير سفير المطيري,95,RY025
2026-01-21,7257508668,33002.9,S132,شركة النسيم الجديد المحدودة,91,MK029
2026-01-21,7257507426,33004.0,S132,مؤسسة سامي بن سلمان بن عامر الصاعدي للنقليات,95,MK071
2026-01-21,7257507476,33001.6,S132,مؤسسة سامي بن سلمان بن عامر الصاعدي للنقليات,91,MK071
2026-01-21,7257507563,33002.4,S132,شركة النسيم الجديد المحدودة,ديزل,MK007
2026-01-21,7257507897,33002.2,S132,مؤسسة سامي بن سلمان بن عامر الصاعدي للنقليات,91,MK015
2026-01-21,7257508006,33003.6,S132,شركة تزويد السعودية المحدودة,95,MK005
2026-01-21,7257508063,32990.2,S132,شركة نايف الدعجاني لنقل البضائع والمهمات شركة شخص واحد,95,MK028
2026-01-21,7257508143,33002.5,S132,شركة أسطول النادر للنقليات شركة شخص واحد,95,MK001
2026-01-21,7257508227,33003.8,S132,شركة النسيم الجديد المحدودة,95,MK007
2026-01-21,7257508317,33004.6,S132,شركة النسيم الجديد المحدودة,95,MK029
2026-01-21,7257508363,32999.0,S132,شركة النسيم الجديد المحدودة,95,MK002
2026-01-21,7257508414,32997.7,S132,شركة النسيم الجديد المحدودة,95,MK016
2026-01-21,7257508443,32998.4,S132,شركة النسيم الجديد المحدودة,95,MK003
2026-01-21,7257508477,33000.0,S132,مؤسسة الدائرة للنقليات,95,MK047
2026-01-21,7257508528,33001.6,S132,شركة النسيم الجديد المحدودة,91,MK019
2026-01-21,7257508621,33007.0,S132,شركة أفق الطائف,91,MK033
2026-01-21,7257502588,32001.7,S132,مؤسسة الدائرة للنقليات,ديزل,MK004
2026-01-21,7257511392,31997.0,S091,Al-Nassar Transport Company,91,JA069
2026-01-21,7257510764,32006.0,S091,شركة ناقلين المحدودة,ديزل,JA061
2026-01-21,7257501756,32004.7,S133,شركة أسدال للخدمات البترولية,91,RY075
2026-01-21,7257501778,32002.4,S142,مؤسسة مسار الطريق للنقليات,ديزل,QS055
2026-01-21,7257501720,32000.7,S032,شركة هال للنقليات,95,EP051
2026-01-22,7257510993,33001.7,S132,شركة أفق الطائف,91,MK017
2026-01-22,7257510980,33007.5,S132,شركة أفق الطائف,91,MK001
2026-01-22,7257510961,33001.0,S132,شركة النسيم الجديد المحدودة,91,MK007
2026-01-22,7257510947,33002.5,S132,شركة النسيم الجديد المحدودة,91,MK003
2026-01-22,7257510939,32996.1,S132,شركة النسيم الجديد المحدودة,91,MK072
2026-01-22,7257510919,33003.1,S132,شركة النسيم الجديد المحدودة,91,MK016
2026-01-22,7257512930,32981.3,S132,شركة النسيم الجديد المحدودة,91,MK023
2026-01-22,7257511460,33007.6,S132,مؤسسة الدائرة للنقليات,91,MK047
2026-01-22,7257511472,32993.4,S132,شركة تزويد السعودية المحدودة,91,MK006
2026-01-22,7257511485,32998.4,S132,شركة أسطول النادر للنقليات شركة شخص واحد,91,MK005
2026-01-22,7257510834,32992.3,S132,شركة نايف الدعجاني لنقل البضائع والمهمات شركة شخص واحد,91,MK035
2026-01-22,7257510688,32991.9,S132,شركة نايف الدعجاني لنقل البضائع والمهمات شركة شخص واحد,91,MK028
2026-01-22,7257510173,33001.9,S132,شركة النسيم الجديد المحدودة,ديزل,MK008
2026-01-22,7257512956,33007.9,S132,شركة النسيم الجديد المحدودة,91,MK018
2026-01-22,7257505970,32991.7,S132,شركة النسيم الجديد المحدودة,ديزل,MK007
2026-01-22,7257505772,32983.1,S132,مؤسسة سامي بن سلمان بن عامر الصاعدي للنقليات,91,MK015
2026-01-22,7257512968,33004.0,S132,شركة حسين زين العطاس وسعد عوض العصيمي وشركائهم,91,MK099
2026-01-22,7257505733,33002.1,S183,مؤسسة سامي بن سلمان بن عامر الصاعدي للنقليات,95,MK015
2026-01-22,7257511408,31997.0,S091,Al-Nassar Transport Company,95,JA069
2026-01-22,7257511407,32010.9,S184,شركة أسدال للخدمات البترولية,95,RY075
2026-01-22,7257519543,32993.2,S132,شركة النسيم الجديد المحدودة,91,MK031
2026-01-22,7257518891,32988.9,S132,شركة النسيم الجديد المحدودة,95,MK002
2026-01-22,7257518879,32980.7,S132,شركة النسيم الجديد المحدودة,95,MK003
2026-01-22,7257518865,32998.7,S132,شركة النسيم الجديد المحدودة,95,MK007
2026-01-22,7257520279,33008.9,S132,مؤسسة سامي بن سلمان بن عامر الصاعدي للنقليات,91,MK015
2026-01-22,7257518841,32992.3,S132,شركة النسيم الجديد المحدودة,95,MK020
2026-01-22,7257518823,33053.4,S132,شركة النسيم الجديد المحدودة,95,MK023
2026-01-22,7257518738,33004.7,S132,شركة أسطول النادر للنقليات شركة شخص واحد,95,MK006
2026-01-22,7257518682,33004.9,S132,شركة تزويد السعودية المحدودة,95,MK063
2026-01-22,7257518601,33005.1,S132,شركة نايف الدعجاني لنقل البضائع والمهمات شركة شخص واحد,95,MK028
2026-01-22,7257515101,32991.4,S132,شركة النسيم الجديد المحدودة,ديزل,MK007
2026-01-22,7257514963,32991.5,S132,شركة النسيم الجديد المحدودة,91,MK072
2026-01-22,7257514872,32997.2,S132,شركة أفق الطائف,95,MK017
2026-01-22,7257510483,31991.5,S132,شركة تزويد السعودية المحدودة,ديزل,MK004
2026-01-22,7257511981,32001.7,S132,شركة القوة المتجددة للوقود,ديزل,MK100
2026-01-22,7257512029,32002.3,S132,شركة القوة المتجددة للوقود,ديزل,MK014
2026-01-22,7257510436,32001.8,S132,شركة حسين زين العطاس وسعد عوض العصيمي وشركائهم,ديزل,MK046
2026-01-22,7257510373,32907.2,S132,شركة أفق الطائف,ديزل,MK033
2026-01-22,7257511609,31997.0,S091,شركة ناقلين المحدودة,91,JA061
2026-01-22,7257518789,33000.4,S132,شركة النسيم الجديد المحدودة,95,MK008
2026-01-22,7257518898,32004.5,S132,شركة القوة المتجددة للوقود,95,MK068
2026-01-22,7257512668,32025.0,S012,محطة منير سفير المطيري,91,RY042
2026-01-23,7257522005,31998.0,S091,Al-Nassar Transport Company,95,JA061
2026-01-23,7257508762,31995.0,S091,Al-Nassar Transport Company,ديزل,JA053
2026-01-23,7257520253,32992.5,S132,شركة النسيم الجديد المحدودة,91,MK003
2026-01-23,7257522031,33001.0,S132,شركة أفق الطائف,91,MK033
2026-01-23,7257522079,32991.5,S132,شركة النسيم الجديد المحدودة,91,MK007
2026-01-23,7257522096,32984.2,S132,شركة أسطول النادر للنقليات شركة شخص واحد,91,MK005
2026-01-23,7257522123,33008.3,S132,مؤسسة الدائرة للنقليات,91,MK004
2026-01-23,7257522363,32993.3,S132,شركة تزويد السعودية المحدودة,91,MK063
2026-01-23,7257522701,32993.3,S132,شركة النسيم الجديد المحدودة,91,MK029
2026-01-23,7257519437,33001.5,S132,مؤسسة الدائرة للنقليات,ديزل,MK047
2026-01-23,7257519736,33001.3,S132,شركة النسيم الجديد المحدودة,91,MK002
2026-01-23,7257519781,32992.3,S132,شركة النسيم الجديد المحدودة,ديزل,MK072
2026-01-23,7257519799,33001.7,S132,شركة النسيم الجديد المحدودة,ديزل,MK007
2026-01-23,7257519810,32002.0,S132,شركة حسين زين العطاس وسعد عوض العصيمي وشركائهم,ديزل,MK033
2026-01-23,7257519815,32001.4,S132,شركة تزويد السعودية المحدودة,ديزل,MK046
2026-01-23,7257519858,32002.3,S132,شركة القوة المتجددة للوقود,ديزل,MK014
2026-01-23,7257519980,33001.6,S132,شركة أسطول النادر للنقليات شركة شخص واحد,ديزل,MK028
2026-01-23,7257520012,33001.9,S132,شركة أفق الطائف,ديزل,MK022
2026-01-23,7257520028,33001.5,S132,شركة النسيم الجديد المحدودة,ديزل,MK029
2026-01-23,7257520091,31986.8,S132,شركة القوة المتجددة للوقود,91,MK100
2026-01-23,7257520135,33008.6,S132,شركة نايف الدعجاني لنقل البضائع والمهمات شركة شخص واحد,91,MK028
2026-01-23,7257520176,33001.6,S132,شركة النسيم الجديد المحدودة,91,MK020
2026-01-23,7257520231,33003.5,S132,شركة النسيم الجديد المحدودة,91,MK008
2026-01-23,7257526147,33004.6,S132,شركة أسطول النادر للنقليات شركة شخص واحد,95,MK035
2026-01-23,7257526197,33002.2,S132,شركة تزويد السعودية المحدودة,95,MK005
2026-01-23,7257526239,33002.4,S132,مؤسسة سامي بن سلمان بن عامر الصاعدي للنقليات,95,MK015
2026-01-23,7257526271,32006.1,S132,شركة القوة المتجددة للوقود,95,MK014
2026-01-23,7257526303,32997.6,S132,مؤسسة الدائرة للنقليات,95,MK004
2026-01-23,7257526330,32990.1,S132,شركة النسيم الجديد المحدودة,95,MK007
2026-01-23,7257526590,33005.2,S132,شركة أفق الطائف,95,MK017
2026-01-23,7257526509,32992.6,S132,شركة النسيم الجديد المحدودة,91,MK016
2026-01-23,7257526478,33006.6,S132,شركة النسيم الجديد المحدودة,91,MK003
2026-01-23,7257526472,33009.7,S132,شركة النسيم الجديد المحدودة,91,MK003
2026-01-23,7257526345,32991.5,S132,شركة النسيم الجديد المحدودة,95,MK072
2026-01-23,7257526460,33003.7,S132,شركة أفق الطائف,95,MK001
2026-01-23,7257526448,33005.0,S132,شركة النسيم الجديد المحدودة,95,MK016
2026-01-23,7257526381,33002.8,S132,شركة النسيم الجديد المحدودة,95,MK003
2026-01-23,7257526412,33004.2,S132,شركة النسيم الجديد المحدودة,95,MK018
2026-01-23,7257520048,32002.6,S132,مؤسسة الدائرة للنقليات,ديزل,MK004
2026-01-23,7257524569,33021.9,S132,شركة النسيم الجديد المحدودة,91,MK072
2026-01-23,7257526226,33003.5,S132,شركة نايف الدعجاني لنقل البضائع والمهمات شركة شخص واحد,95,MK046
2026-01-23,7257502967,32040.0,S184,شركة أسدال للخدمات البترولية,ديزل,RY075
2026-01-23,7257512691,32079.3,S142,مؤسسة مسار الطريق للنقليات,91,QS055
2026-01-23,7257518439,32001.5,S142,مؤسسة مسار الطريق للنقليات,91,HA043
2026-01-23,7257520579,32029.0,S012,محطة منير سفير المطيري,91,RY024
2026-01-23,7257518943,31997.1,S133,شركة أسدال للخدمات البترولية,91,RY075
2026-01-23,7257501854,32001.0,S133,شركة القوة المتجددة للوقود,95,RY024
2026-01-23,7257518408,32002.2,S142,مؤسسة مسار الطريق للنقليات,95,QS055
2026-01-24,7257527345,32001.0,S132,شركة تزويد السعودية المحدودة,ديزل,MK004
2026-01-24,7257527327,33001.5,S132,مؤسسة الدائرة للنقليات,ديزل,MK047
2026-01-24,7257527130,32991.8,S132,مؤسسة الدائرة للنقليات,91,MK047
2026-01-24,7257527097,32993.6,S132,شركة النسيم الجديد المحدودة,ديزل,MK007
2026-01-24,7257527093,33001.5,S132,شركة أفق الطائف,ديزل,MK033
2026-01-24,7257527083,33001.5,S132,شركة النسيم الجديد المحدودة,ديزل,MK084
2026-01-24,7257526982,32990.5,S132,شركة تزويد السعودية المحدودة,91,MK006
2026-01-24,7257526961,32994.2,S132,شركة أسطول النادر للنقليات شركة شخص واحد,91,MK004
2026-01-24,7257526621,33040.4,S132,شركة النسيم الجديد المحدودة,91,MK003
2026-01-24,7257526651,33008.3,S132,شركة النسيم الجديد المحدودة,91,MK002
2026-01-24,7257526689,32992.7,S132,شركة النسيم الجديد المحدودة,91,MK007
2026-01-24,7257526696,33001.6,S132,شركة النسيم الجديد المحدودة,91,MK084
2026-01-24,7257526702,32993.3,S132,شركة النسيم الجديد المحدودة,91,MK018
2026-01-24,7257526705,33002.2,S132,مؤسسة الدائرة للنقليات,91,MK064
2026-01-24,7257526728,33001.5,S132,شركة أفق الطائف,91,MK001
2026-01-24,7257526741,32008.6,S132,شركة القوة المتجددة للوقود,91,MK014
2026-01-24,7257526772,32002.9,S132,شركة نايف الدعجاني لنقل البضائع والمهمات شركة شخص واحد,91,MK005
2026-01-24,7257527119,33001.6,S132,شركة نايف الدعجاني لنقل البضائع والمهمات شركة شخص واحد,91,MK046
2026-01-24,7257526639,33007.4,S132,شركة النسيم الجديد المحدودة,91,MK019
2026-01-24,7257527491,31995.0,S091,مؤسسه عفراء امحمد ناصر المنجحي للنقليات,95,JA056
2026-01-24,7257527001,32004.4,S133,شركة أسدال للخدمات البترولية,91,RY075
2026-01-24,7257531346,33001.6,S132,شركة النسيم الجديد المحدودة,ديزل,MK007
2026-01-24,7257531316,33002.2,S132,شركة النسيم الجديد المحدودة,91,MK072
2026-01-24,7257531369,32989.6,S132,مؤسسة سامي بن سلمان بن عامر الصاعدي للنقليات,95,MK015
2026-01-24,7257531292,33006.4,S132,شركة النسيم الجديد المحدودة,95,MK003
2026-01-24,7257531268,33004.7,S132,شركة النسيم الجديد المحدودة,95,MK084
2026-01-24,7257531450,32994.1,S132,مؤسسة سامي بن سلمان بن عامر الصاعدي للنقليات,91,MK071
2026-01-24,7257532448,32993.5,S132,شركة أفق الطائف,91,MK022
2026-01-24,7257531257,33003.7,S132,شركة النسيم الجديد المحدودة,95,MK002
2026-01-24,7257531245,33004.0,S132,شركة النسيم الجديد المحدودة,95,MK029
2026-01-24,7257531233,33005.8,S132,شركة النسيم الجديد المحدودة,95,MK007
2026-01-24,7257531210,33004.7,S132,شركة أفق الطائف,95,MK022
2026-01-24,7257531200,33000.7,S132,مؤسسة الدائرة للنقليات,95,MK047
2026-01-24,7257531146,32992.3,S132,شركة أسطول النادر للنقليات شركة شخص واحد,95,MK004
2026-01-24,7257531093,33011.4,S132,شركة نايف الدعجاني لنقل البضائع والمهمات شركة شخص واحد,95,MK028
2026-01-24,7257531250,32989.8,S132,شركة النسيم الجديد المحدودة,95,MK008
2026-01-24,7257531338,32997.3,S132,شركة النسيم الجديد المحدودة,91,MK008
2026-01-24,7257532490,31995.0,S091,Al-Nassar Transport Company,91,JA053
2026-01-24,7257518401,31979.0,S032,شركة هال للنقليات,91,EP051
2026-01-24,7257527014,32029.0,S012,محطة منير سفير المطيري,91,RY025
2026-01-24,7257527059,31997.9,S142,مؤسسة مسار الطريق للنقليات,ديزل,QS055
2026-01-25,7257533353,33001.3,S132,شركة النسيم الجديد المحدودة,ديزل,MK031
2026-01-25,7257533080,32993.4,S132,شركة أفق الطائف,91,MK033
2026-01-25,7257532983,32001.7,S132,شركة نايف الدعجاني لنقل البضائع والمهمات شركة شخص واحد,ديزل,MK046
2026-01-25,7257532947,32001.5,S132,مؤسسة الدائرة للنقليات,ديزل,MK004
2026-01-25,7257532936,32984.4,S132,مؤسسة الدائرة للنقليات,91,MK004
2026-01-25,7257532656,32993.1,S132,شركة أسطول النادر للنقليات شركة شخص واحد,91,MK093
2026-01-25,7257532615,33002.6,S132,شركة النسيم الجديد المحدودة,ديزل,MK007
2026-01-25,7257532529,33007.6,S132,شركة تزويد السعودية المحدودة,91,MK063
2026-01-25,7257532520,32992.1,S132,شركة نايف الدعجاني لنقل البضائع والمهمات شركة شخص واحد,91,MK028
2026-01-25,7257532486,33001.6,S132,شركة النسيم الجديد المحدودة,91,MK003
2026-01-25,7257532480,33001.9,S132,شركة النسيم الجديد المحدودة,91,MK023
2026-01-25,7257532475,33001.6,S132,شركة النسيم الجديد المحدودة,91,MK002
2026-01-25,7257532472,32992.2,S132,شركة النسيم الجديد المحدودة,91,MK007
2026-01-25,7257532459,33007.7,S132,شركة أفق الطائف,91,MK017
2026-01-25,7257522709,33003.3,S132,مؤسسة سامي بن سلمان بن عامر الصاعدي للنقليات,91,MK015
2026-01-25,7257533256,32002.0,S091,Al-Nassar Transport Company,91,JA069
2026-01-25,7257532507,31999.0,S091,Al-Nassar Transport Company,95,JA053
2026-01-25,7257538878,32998.8,S132,شركة أسطول النادر للنقليات شركة شخص واحد,95,MK006
2026-01-25,7257539129,33004.9,S132,شركة النسيم الجديد المحدودة,95,MK007
2026-01-25,7257539183,32990.3,S132,شركة النسيم الجديد المحدودة,95,MK007
2026-01-25,7257538861,33005.4,S132,شركة تزويد السعودية المحدودة,95,MK005
2026-01-25,7257539224,32999.8,S132,شركة النسيم الجديد المحدودة,95,MK003
2026-01-25,7257539250,33004.8,S132,شركة النسيم الجديد المحدودة,95,MK072
2026-01-25,7257539277,32978.7,S132,شركة النسيم الجديد المحدودة,95,MK020
2026-01-25,7257539312,33002.1,S132,شركة النسيم الجديد المحدودة,91,MK072
2026-01-25,7257540134,32994.0,S132,شركة النسيم الجديد المحدودة,ديزل,MK007
2026-01-25,7257540292,33110.7,S132,شركة أفق الطائف,95,MK033
2026-01-25,7257540328,33001.6,S132,شركة النسيم الجديد المحدودة,91,MK003
2026-01-25,7257540471,33002.0,S132,مؤسسة الدائرة للنقليات,ديزل,MK047
2026-01-25,7257538784,32999.2,S132,شركة نايف الدعجاني لنقل البضائع والمهمات شركة شخص واحد,95,MK063
2026-01-25,7257538966,32001.8,S132,شركة تزويد السعودية المحدودة,ديزل,MK035
2026-01-25,7257539331,33001.9,S132,شركة النسيم الجديد المحدودة,91,MK016
2026-01-25,7257540234,33002.5,S132,شركة النسيم الجديد المحدودة,ديزل,MK008
2026-01-25,7257540264,32991.8,S132,شركة أفق الطائف,ديزل,MK033
2026-01-25,7257540274,32003.1,S132,شركة القوة المتجددة للوقود,ديزل,MK014
2026-01-25,7257540311,32410.7,S132,شركة القوة المتجددة للوقود,91,MK068
2026-01-25,7257538839,33000.6,S132,شركة نايف الدعجاني لنقل البضائع والمهمات شركة شخص واحد,95,MK046
2026-01-25,7257540649,31998.0,S091,شركة ناقلين المحدودة,ديزل,JA061
2026-01-25,7257532377,32007.7,S133,شركة أسدال للخدمات البترولية,95,RY075
2026-01-25,7257532417,31989.8,S184,شركة القوة المتجددة للوقود,95,RY025
2026-01-25,7257532421,32002.5,S142,مؤسسة مسار الطريق للنقليات,95,HA043
2026-01-26,7257542248,32846.9,S132,شركة أفق الطائف,91,MK001
2026-01-26,7257542138,32998.0,S132,شركة أسطول النادر للنقليات شركة شخص واحد,91,MK035
2026-01-26,7257542098,33003.1,S132,شركة تزويد السعودية المحدودة,91,MK006
2026-01-26,7257542067,33001.8,S132,مؤسسة الدائرة للنقليات,91,MK047
2026-01-26,7257541759,32884.2,S132,مؤسسة سامي بن سلمان بن عامر الصاعدي للنقليات,91,MK015
2026-01-26,7257541059,33002.7,S132,شركة أفق الطائف,ديزل,MK022
2026-01-26,7257541007,32994.5,S132,مؤسسة الدائرة للنقليات,ديزل,MK064
2026-01-26,7257540973,33001.8,S132,شركة النسيم الجديد المحدودة,ديزل,MK072
2026-01-26,7257540953,33001.8,S132,شركة النسيم الجديد المحدودة,ديزل,MK008
2026-01-26,7257540905,33002.9,S132,شركة النسيم الجديد المحدودة,ديزل,MK029
2026-01-26,7257540874,32991.7,S132,شركة النسيم الجديد المحدودة,91,MK008
2026-01-26,7257540846,33001.8,S132,شركة النسيم الجديد المحدودة,91,MK007
2026-01-26,7257540820,33001.9,S132,شركة النسيم الجديد المحدودة,91,MK029
2026-01-26,7257540727,33001.3,S132,شركة النسيم الجديد المحدودة,91,MK002
2026-01-26,7257540782,33001.3,S132,شركة النسيم الجديد المحدودة,91,MK072
2026-01-26,7257542000,32002.1,S132,شركة نايف الدعجاني لنقل البضائع والمهمات شركة شخص واحد,ديزل,MK004
2026-01-26,7257541919,33008.8,S132,شركة نايف الدعجاني لنقل البضائع والمهمات شركة شخص واحد,91,MK046
2026-01-26,7257539355,31997.0,S091,Al-Nassar Transport Company,95,JA069
2026-01-26,7257539397,32003.5,S133,شركة أسدال للخدمات البترولية,95,RY075
2026-01-26,7257539412,32006.8,S133,شركة أسدال للخدمات البترولية,91,RY075
2026-01-26,7257549706,32990.3,S132,شركة النسيم الجديد المحدودة,91,MK003
2026-01-26,7257549760,32779.7,S132,شركة النسيم الجديد المحدودة,91,MK007
2026-01-26,7257549842,32985.4,S132,شركة أفق الطائف,95,MK064
2026-01-26,7257549647,32991.3,S132,شركة النسيم الجديد المحدودة,95,MK003
2026-01-26,7257548625,32004.0,S132,شركة القوة المتجددة للوقود,95,MK093
2026-01-26,7257550266,33001.8,S132,شركة حسين زين العطاس وسعد عوض العصيمي وشركائهم,91,MK071
2026-01-26,7257548536,32992.5,S132,شركة النسيم الجديد المحدودة,95,MK019
2026-01-26,7257548463,33003.5,S132,شركة النسيم الجديد المحدودة,95,MK023
2026-01-26,7257548408,32991.3,S132,شركة النسيم الجديد المحدودة,95,MK007
2026-01-26,7257549787,31997.3,S132,شركة القوة المتجددة للوقود,95,MK068
2026-01-26,7257549823,33009.6,S132,شركة أفق الطائف,95,MK001
2026-01-26,7257548369,33004.5,S132,شركة النسيم الجديد المحدودة,95,MK029
2026-01-26,7257548347,33003.4,S132,مؤسسة الدائرة للنقليات,95,MK047
2026-01-26,7257548319,33003.0,S132,مؤسسة الدائرة للنقليات,95,MK004
2026-01-26,7257548284,32993.0,S132,شركة تزويد السعودية المحدودة,95,MK035
2026-01-26,7257548248,33001.9,S132,شركة أسطول النادر للنقليات شركة شخص واحد,ديزل,MK093
2026-01-26,7257548142,31994.4,S132,مؤسسة الدائرة للنقليات,ديزل,MK004
2026-01-26,7257548071,32002.1,S132,شركة تزويد السعودية المحدودة,ديزل,MK046
2026-01-26,7257548005,32002.1,S132,مؤسسة سامي بن سلمان بن عامر الصاعدي للنقليات,ديزل,MK071
2026-01-26,7257547952,32998.4,S132,مؤسسة سامي بن سلمان بن عامر الصاعدي للنقليات,95,MK015
2026-01-26,7257547897,33003.1,S132,مؤسسة سامي بن سلمان بن عامر الصاعدي للنقليات,95,MK071
2026-01-26,7257547824,32987.7,S132,شركة نايف الدعجاني لنقل البضائع والمهمات شركة شخص واحد,95,MK028
2026-01-26,7257543695,33004.1,S132,شركة النسيم الجديد المحدودة,95,MK003
2026-01-26,7257542425,33001.6,S132,شركة النسيم الجديد المحدودة,91,MK020
2026-01-26,7257542287,32912.4,S132,شركة النسيم الجديد المحدودة,ديزل,MK007
2026-01-26,7257542437,32990.7,S132,شركة أفق الطائف,ديزل,MK033
2026-01-27,7257547024,32032.0,S012,محطة منير سفير المطيري,ديزل,RY042
2026-01-27,7257550211,33001.5,S132,شركة النسيم الجديد المحدودة,91,MK072
2026-01-27,7257550232,33000.7,S132,شركة النسيم الجديد المحدودة,91,MK003
2026-01-27,7257550316,33003.3,S132,شركة النسيم الجديد المحدودة,91,MK002
2026-01-27,7257550502,32993.3,S132,شركة النسيم الجديد المحدودة,ديزل,MK007
2026-01-27,7257552056,32986.1,S132,شركة النسيم الجديد المحدودة,91,MK018
2026-01-27,7257552080,32994.4,S132,شركة النسيم الجديد المحدودة,91,MK007
2026-01-27,7257552084,33001.5,S132,شركة أفق الطائف,91,MK017
2026-01-27,7257552088,32998.8,S132,شركة أفق الطائف,91,MK001
2026-01-27,7257550178,32998.3,S132,مؤسسة الدائرة للنقليات,91,MK004
2026-01-27,7257550141,32992.7,S132,شركة تزويد السعودية المحدودة,91,MK005
2026-01-27,7257550119,33001.6,S132,شركة نايف الدعجاني لنقل البضائع والمهمات شركة شخص واحد,91,MK028
2026-01-27,7257549911,32990.2,S132,شركة أفق الطائف,95,MK017
2026-01-27,7257547077,32032.0,S012,محطة منير سفير المطيري,ديزل,RY025
2026-01-27,7257559460,33009.3,S132,شركة نايف الدعجاني لنقل البضائع والمهمات شركة شخص واحد,91,MK006
2026-01-27,7257558807,33003.6,S132,شركة أسطول النادر للنقليات شركة شخص واحد,95,MK006
2026-01-27,7257558914,32993.3,S132,شركة تزويد السعودية المحدودة,95,MK005
2026-01-27,7257559007,32998.9,S132,شركة النسيم الجديد المحدودة,95,MK007
2026-01-27,7257559058,33004.0,S132,شركة النسيم الجديد المحدودة,95,MK016
2026-01-27,7257559444,33006.9,S132,مؤسسة الدائرة للنقليات,91,MK047
2026-01-27,7257559174,32993.6,S132,شركة النسيم الجديد المحدودة,95,MK003
2026-01-27,7257559214,33004.0,S132,شركة النسيم الجديد المحدودة,95,MK018
2026-01-27,7257559247,33007.8,S132,شركة النسيم الجديد المحدودة,91,MK007
2026-01-27,7257559269,33001.7,S132,شركة النسيم الجديد المحدودة,91,MK003
2026-01-27,7257559321,33001.7,S132,شركة النسيم الجديد المحدودة,91,MK016
2026-01-27,7257559408,32994.0,S132,مؤسسة سامي بن سلمان بن عامر الصاعدي للنقليات,91,MK015
2026-01-27,7257559891,33003.8,S132,شركة النسيم الجديد المحدودة,95,MK002
2026-01-27,7257552198,33002.1,S132,شركة النسيم الجديد المحدودة,ديزل,MK018
2026-01-27,7257552167,32995.9,S132,شركة النسيم الجديد المحدودة,ديزل,MK007
2026-01-27,7257552151,32001.6,S132,شركة القوة المتجددة للوقود,ديزل,MK014
2026-01-27,7257559063,32993.0,S132,شركة النسيم الجديد المحدودة,95,MK008
2026-01-27,7257555176,33001.4,S132,شركة النسيم الجديد المحدودة,91,MK008
2026-01-27,7257559552,31999.0,S091,Al-Nassar Transport Company,95,JA069
2026-01-27,7257559624,31998.0,S091,شركة ناقلين المحدودة,91,JA061
2026-01-28,7257560071,32019.0,S012,محطة منير سفير المطيري,91,RY025
2026-01-28,7257547151,31999.4,S133,شركة أسدال للخدمات البترولية,95,RY075
2026-01-28,7257547242,31995.0,S133,شركة القوة المتجددة للوقود,91,RY024
2026-01-28,7257559996,31980.1,S133,شركة أسدال للخدمات البترولية,91,RY075
2026-01-28,7257561877,32993.9,S132,شركة النسيم الجديد المحدودة,91,MK020
2026-01-28,7257561866,33002.6,S132,شركة النسيم الجديد المحدودة,91,MK029
2026-01-28,7257561893,33007.8,S132,شركة النسيم الجديد المحدودة,91,MK003
2026-01-28,7257561936,32984.5,S132,شركة النسيم الجديد المحدودة,91,MK031
2026-01-28,7257561966,33001.9,S132,مؤسسة الدائرة للنقليات,91,MK064
2026-01-28,7257561791,33001.6,S132,شركة النسيم الجديد المحدودة,91,MK072
2026-01-28,7257561718,32001.2,S132,شركة القوة المتجددة للوقود,ديزل,MK047
2026-01-28,7257561383,32001.4,S132,شركة تزويد السعودية المحدودة,ديزل,MK004
2026-01-28,7257561266,33002.5,S132,شركة أفق الطائف,ديزل,MK033
2026-01-28,7257561996,32986.5,S132,شركة أفق الطائف,91,MK033
2026-01-28,7257562017,33007.9,S132,شركة أفق الطائف,91,MK022
2026-01-28,7257562804,32984.0,S132,شركة نايف الدعجاني لنقل البضائع والمهمات شركة شخص واحد,91,MK046
2026-01-28,7257564275,32993.6,S132,شركة أسطول النادر للنقليات شركة شخص واحد,91,MK063
2026-01-28,7257564389,32983.3,S132,شركة النسيم الجديد المحدودة,91,MK084
2026-01-28,7257564427,33003.1,S132,شركة النسيم الجديد المحدودة,91,MK007
2026-01-28,7257561236,33001.1,S132,شركة أفق الطائف,ديزل,MK064
2026-01-28,7257561128,33001.1,S132,شركة النسيم الجديد المحدودة,ديزل,MK007
2026-01-28,7257561171,32995.1,S132,شركة النسيم الجديد المحدودة,ديزل,MK008
2026-01-28,7257561200,32992.7,S132,شركة النسيم الجديد المحدودة,ديزل,MK029
2026-01-28,7257562831,33002.4,S132,شركة نايف الدعجاني لنقل البضائع والمهمات شركة شخص واحد,91,MK004
2026-01-28,7257570020,33003.6,S132,شركة أسطول النادر للنقليات شركة شخص واحد,95,MK063
2026-01-28,7257570067,32988.4,S132,شركة تزويد السعودية المحدودة,95,MK005
2026-01-28,7257570118,33005.2,S132,شركة نايف الدعجاني لنقل البضائع والمهمات شركة شخص واحد,95,MK028
2026-01-28,7257569667,32989.4,S132,مؤسسة الدائرة للنقليات,91,MK068
2026-01-28,7257570143,32993.0,S132,شركة أسطول النادر للنقليات شركة شخص واحد,91,MK005
2026-01-28,7257570163,32989.1,S132,شركة نايف الدعجاني لنقل البضائع والمهمات شركة شخص واحد,91,MK004
2026-01-28,7257570190,33005.0,S132,مؤسسة الدائرة للنقليات,95,MK004
2026-01-28,7257570389,33005.0,S132,شركة النسيم الجديد المحدودة,95,MK007
2026-01-28,7257570411,32993.7,S132,شركة النسيم الجديد المحدودة,95,MK003
2026-01-28,7257570447,33004.2,S132,شركة النسيم الجديد المحدودة,95,MK020
2026-01-28,7257570490,33004.6,S132,شركة النسيم الجديد المحدودة,95,MK029
2026-01-28,7257570527,32990.4,S132,شركة النسيم الجديد المحدودة,95,MK002
2026-01-28,7257572405,33002.5,S132,شركة أفق الطائف,95,MK015
2026-01-28,7257570588,32993.5,S132,شركة النسيم الجديد المحدودة,95,MK003
2026-01-28,7257570540,33005.7,S132,شركة النسيم الجديد المحدودة,95,MK031
2026-01-28,7257570571,32999.3,S132,شركة النسيم الجديد المحدودة,95,MK033
2026-01-28,7257566988,33003.6,S132,مؤسسة الدائرة للنقليات,95,MK047
2026-01-28,7257564681,33001.6,S132,شركة النسيم الجديد المحدودة,ديزل,MK007
2026-01-28,7257564485,33001.6,S132,مؤسسة سامي بن سلمان بن عامر الصاعدي للنقليات,91,MK015
2026-01-28,7257564344,32990.2,S132,شركة تزويد السعودية المحدودة,91,MK005
2026-01-28,7257561310,32992.5,S132,مؤسسة الدائرة للنقليات,ديزل,MK022
2026-01-28,7257561338,32001.3,S132,مؤسسة الدائرة للنقليات,ديزل,MK004
2026-01-28,7257570635,32115.3,S132,شركة القوة المتجددة للوقود,95,MK068
2026-01-28,7257570082,33004.2,S132,شركة نايف الدعجاني لنقل البضائع والمهمات شركة شخص واحد,95,MK046
2026-01-28,7257567110,32000.0,S091,مؤسسه عفراء امحمد ناصر المنجحي للنقليات,91,JA060
2026-01-28,7257567118,31997.0,S091,Al-Nassar Transport Company,91,JA069
2026-01-29,7257560050,31994.5,S133,شركة القوة المتجددة للوقود,95,RY024
2026-01-29,7257570896,32000.6,S142,مؤسسة مسار الطريق للنقليات,91,HA043
2026-01-29,7257572761,33001.2,S132,شركة نايف الدعجاني لنقل البضائع والمهمات شركة شخص واحد,91,MK028
2026-01-29,7257572771,33002.6,S132,مؤسسة الدائرة للنقليات,91,MK047
2026-01-29,7257572786,33002.0,S132,مؤسسة الدائرة للنقليات,91,MK004
2026-01-29,7257572799,32988.9,S132,شركة النسيم الجديد المحدودة,91,MK072
2026-01-29,7257572819,32002.9,S132,شركة القوة المتجددة للوقود,91,MK093
2026-01-29,7257573813,32993.0,S132,مؤسسة سامي بن سلمان بن عامر الصاعدي للنقليات,91,MK015
2026-01-29,7257573857,32979.7,S132,شركة النسيم الجديد المحدودة,91,MK023
2026-01-29,7257573886,32993.5,S132,شركة النسيم الجديد المحدودة,91,MK016
2026-01-29,7257573923,33004.2,S132,شركة النسيم الجديد المحدودة,91,MK002
2026-01-29,7257573939,32997.2,S132,شركة النسيم الجديد المحدودة,91,MK029
2026-01-29,7257573968,33018.8,S132,شركة النسيم الجديد المحدودة,91,MK007
2026-01-29,7257573990,33001.6,S132,شركة النسيم الجديد المحدودة,91,MK003
2026-01-29,7257573999,33001.6,S132,شركة أفق الطائف,91,MK019
2026-01-29,7257574034,32999.1,S132,شركة أفق الطائف,91,MK001
2026-01-29,7257574048,33009.2,S132,شركة أفق الطائف,91,MK017
2026-01-29,7257574064,33001.7,S132,شركة حسين زين العطاس وسعد عوض العصيمي وشركائهم,91,MK099
2026-01-29,7257574086,32991.6,S132,شركة أسطول النادر للنقليات شركة شخص واحد,91,MK006
2026-01-29,7257574098,32993.2,S132,شركة تزويد السعودية المحدودة,91,MK035
2026-01-29,7257572613,31992.1,S132,شركة القوة المتجددة للوقود,ديزل,MK014
2026-01-29,7257572577,31992.7,S132,شركة القوة المتجددة للوقود,ديزل,MK033
2026-01-29,7257572563,32001.6,S132,شركة القوة المتجددة للوقود,ديزل,MK033
2026-01-29,7257572359,31991.5,S132,شركة القوة المتجددة للوقود,ديزل,MK007
2026-01-29,7257572330,32994.2,S132,شركة النسيم الجديد المحدودة,ديزل,MK072
2026-01-29,7257573742,33001.5,S132,شركة النسيم الجديد المحدودة,91,MK008
2026-01-29,7257572671,32001.5,S132,شركة نايف الدعجاني لنقل البضائع والمهمات شركة شخص واحد,ديزل,MK046
2026-01-29,7257574323,31999.0,S091,مؤسسه عفراء امحمد ناصر المنجحي للنقليات,91,JA056
2026-01-29,7257550410,32004.1,S143,شركة هال للنقليات,ديزل,EP051
2026-01-29,7257572290,31981.0,S032,شركة هال للنقليات,91,EP051
2026-01-29,7257572296,32003.2,S032,شركة هال للنقليات,95,EP051
2026-01-29,7257570845,31981.4,S133,شركة أسدال للخدمات البترولية,91,RY075
2026-01-29,7257570863,31995.2,S133,شركة القوة المتجددة للوقود,95,RY042
2026-01-29,7257582872,32990.7,S132,شركة تزويد السعودية المحدودة,95,MK005
2026-01-29,7257582748,33003.5,S132,شركة نايف الدعجاني لنقل البضائع والمهمات شركة شخص واحد,95,MK028
2026-01-29,7257576684,32002.8,S132,شركة القوة المتجددة للوقود,91,MK072
2026-01-29,7257576642,33003.3,S132,شركة النسيم الجديد المحدودة,95,MK007
2026-01-29,7257582946,33003.7,S132,شركة أسطول النادر للنقليات شركة شخص واحد,95,MK006
2026-01-29,7257583017,32997.4,S132,شركة أسطول النادر للنقليات شركة شخص واحد,95,MK004
2026-01-29,7257587963,33063.0,S132,شركة أفق الطائف,95,MK001
2026-01-29,7257583540,32992.9,S132,شركة النسيم الجديد المحدودة,95,MK007
2026-01-29,7257583133,33005.1,S132,شركة حسين زين العطاس وسعد عوض العصيمي وشركائهم,95,MK099
2026-01-29,7257583196,32992.6,S132,مؤسسة سامي بن سلمان بن عامر الصاعدي للنقليات,95,MK015
2026-01-29,7257583440,33004.2,S132,شركة النسيم الجديد المحدودة,95,MK003
2026-01-29,7257583425,32989.6,S132,شركة النسيم الجديد المحدودة,95,MK016
2026-01-29,7257583285,32997.7,S132,مؤسسة الدائرة للنقليات,95,MK064
2026-01-29,7257583378,32999.3,S132,شركة النسيم الجديد المحدودة,95,MK019
2026-01-29,7257583301,33003.9,S132,مؤسسة الدائرة للنقليات,95,MK022
2026-01-29,7257583376,33003.8,S132,شركة النسيم الجديد المحدودة,95,MK072
2026-01-29,7257572690,32001.9,S132,شركة تزويد السعودية المحدودة,ديزل,MK028
2026-01-30,7257574389,32030.1,S142,مؤسسة مسار الطريق للنقليات,91,QS055
2026-01-30,7257589090,31999.1,S133,شركة القوة المتجددة للوقود,91,RY075
2026-01-30,7257589379,31996.7,S133,شركة أسدال للخدمات البترولية,91,RY042
2026-01-30,7257589470,31997.2,S142,مؤسسة مسار الطريق للنقليات,ديزل,QS055
2026-01-30,7257587689,31998.0,S091,شركة ناقلين المحدودة,ديزل,JA061
2026-01-30,7257574112,31998.0,S091,شركة ناقلين المحدودة,95,JA061
2026-01-30,7257588840,31992.9,S132,شركة القوة المتجددة للوقود,ديزل,MK029
2026-01-30,7257588867,31993.9,S132,شركة القوة المتجددة للوقود,ديزل,MK004
2026-01-30,7257589967,32993.6,S132,شركة النسيم الجديد المحدودة,91,MK003
2026-01-30,7257590002,33002.4,S132,شركة النسيم الجديد المحدودة,91,MK007
2026-01-30,7257590026,33001.6,S132,شركة النسيم الجديد المحدودة,91,MK002
2026-01-30,7257590181,32993.5,S132,شركة النسيم الجديد المحدودة,91,MK003
2026-01-30,7257590382,32994.3,S132,شركة نايف الدعجاني لنقل البضائع والمهمات شركة شخص واحد,91,MK028
2026-01-30,7257591277,32002.2,S132,شركة القوة المتجددة للوقود,91,MK100
2026-01-30,7257591318,33002.5,S132,مؤسسة سامي بن سلمان بن عامر الصاعدي للنقليات,91,MK071
2026-01-30,7257591322,33001.4,S132,مؤسسة الدائرة للنقليات,91,MK064
2026-01-30,7257591355,33001.9,S132,مؤسسة الدائرة للنقليات,91,MK004
2026-01-30,7257591410,33002.9,S132,شركة تزويد السعودية المحدودة,91,MK006
2026-01-30,7257591430,33001.8,S132,شركة النسيم الجديد المحدودة,91,MK018
2026-01-30,7257591570,33002.5,S132,شركة أفق الطائف,91,MK033
2026-01-30,7257588615,32001.7,S132,شركة القوة المتجددة للوقود,ديزل,MK007
2026-01-30,7257583570,32993.9,S132,شركة النسيم الجديد المحدودة,91,MK007
2026-01-30,7257590330,33001.9,S132,شركة نايف الدعجاني لنقل البضائع والمهمات شركة شخص واحد,91,MK046
2026-01-30,7257590427,32001.4,S132,شركة القوة المتجددة للوقود,ديزل,MK004
2026-01-30,7257595610,33003.8,S132,شركة تزويد السعودية المحدودة,95,MK063
2026-01-30,7257595598,32987.7,S132,شركة نايف الدعجاني لنقل البضائع والمهمات شركة شخص واحد,95,MK035
2026-01-30,7257594711,33004.2,S132,شركة أفق الطائف,95,MK017
2026-01-30,7257596270,32987.9,S132,شركة أفق الطائف,95,MK029
2026-01-30,7257596246,32990.6,S132,شركة أفق الطائف,95,MK002
2026-01-30,7257595615,33000.3,S132,مؤسسة الدائرة للنقليات,95,MK004
2026-01-30,7257595624,33001.6,S132,شركة أسطول النادر للنقليات شركة شخص واحد,91,MK063
2026-01-30,7257595635,31995.1,S132,شركة القوة المتجددة للوقود,ديزل,MK004
2026-01-30,7257595926,33003.7,S132,مؤسسة سامي بن سلمان بن عامر الصاعدي للنقليات,95,MK015
2026-01-30,7257595970,33003.7,S132,شركة النسيم الجديد المحدودة,95,MK018
2026-01-30,7257596179,31992.8,S132,شركة القوة المتجددة للوقود,ديزل,MK068
2026-01-30,7257596113,31992.9,S132,شركة القوة المتجددة للوقود,ديزل,MK047
2026-01-30,7257596061,33004.5,S132,شركة النسيم الجديد المحدودة,95,MK072
2026-01-30,7257596028,33114.2,S132,شركة النسيم الجديد المحدودة,95,MK023
2026-01-30,7257595982,33004.2,S132,شركة النسيم الجديد المحدودة,95,MK007
2026-01-30,7257596010,33002.1,S132,شركة النسيم الجديد المحدودة,95,MK003
2026-01-30,7257596024,32990.2,S132,شركة حسين زين العطاس وسعد عوض العصيمي وشركائهم,95,MK003
2026-01-30,7257588088,33004.8,S132,مؤسسة الدائرة للنقليات,95,MK047
2026-01-30,7257588796,32001.7,S132,شركة القوة المتجددة للوقود,ديزل,MK007
2026-01-30,7257591400,33001.3,S132,مؤسسة الدائرة للنقليات,91,MK047
2026-01-30,7257591445,33001.6,S132,شركة النسيم الجديد المحدودة,91,MK072
2026-01-30,7257591467,32992.8,S132,شركة النسيم الجديد المحدودة,91,MK008
2026-01-30,7257591587,32996.6,S132,شركة النسيم الجديد المحدودة,91,MK020
2026-01-30,7257591595,33001.5,S132,مؤسسة سامي بن سلمان بن عامر الصاعدي للنقليات,91,MK015
2026-01-30,7257591606,33002.9,S132,شركة أفق الطائف,91,MK001
2026-01-30,7257591611,32007.7,S132,شركة القوة المتجددة للوقود,91,MK014
2026-01-30,7257591673,32002.3,S132,شركة القوة المتجددة للوقود,ديزل,MK035
2026-01-30,7257591695,32994.2,S132,شركة أسطول النادر للنقليات شركة شخص واحد,91,MK005
2026-01-30,7257574152,32002.0,S091,Al-Nassar Transport Company,95,JA053
2026-01-30,7257595999,33002.1,S132,شركة النسيم الجديد المحدودة,95,MK008
2026-01-30,7257595602,32991.6,S132,شركة نايف الدعجاني لنقل البضائع والمهمات شركة شخص واحد,95,MK046
2026-01-31,7257589295,31990.0,S184,شركة القوة المتجددة للوقود,95,RY075
2026-01-31,7257591171,31989.9,S184,محطة منير سفير المطيري,95,RY025
2026-01-31,7257591518,32011.1,S184,شركة القوة المتجددة للوقود,95,RY075
2026-01-31,7257596880,31980.0,S133,شركة القوة المتجددة للوقود,91,RY075
2026-01-31,7257596903,32004.3,S142,مؤسسة مسار الطريق للنقليات,95,QS055
2026-01-31,7257596958,32013.0,S012,محطة منير سفير المطيري,91,RY025
2026-01-31,7257597635,33010.9,S132,مؤسسة سامي بن سلمان بن عامر الصاعدي للنقليات,91,MK015
2026-01-31,7257597610,32001.4,S132,شركة القوة المتجددة للوقود,ديزل,MK008
2026-01-31,7257597438,32999.1,S132,مؤسسة الدائرة للنقليات,91,MK004
2026-01-31,7257597428,33007.6,S132,شركة تزويد السعودية المحدودة,91,MK005
2026-01-31,7257596828,31992.4,S132,شركة القوة المتجددة للوقود,ديزل,MK100
2026-01-31,7257596813,32002.3,S132,شركة القوة المتجددة للوقود,ديزل,MK064
2026-01-31,7257596768,32001.5,S132,شركة القوة المتجددة للوقود,ديزل,MK046
2026-01-31,7257596759,31994.1,S132,شركة القوة المتجددة للوقود,ديزل,MK007
2026-01-31,7257596678,33001.6,S132,شركة نايف الدعجاني لنقل البضائع والمهمات شركة شخص واحد,91,MK028
2026-01-31,7257596665,33007.6,S132,شركة أسطول النادر للنقليات شركة شخص واحد,91,MK006
2026-01-31,7257596611,33001.9,S132,شركة النسيم الجديد المحدودة,91,MK072
2026-01-31,7257596607,32984.6,S132,شركة النسيم الجديد المحدودة,91,MK002
2026-01-31,7257596590,32993.5,S132,شركة النسيم الجديد المحدودة,91,MK003
2026-01-31,7257596413,33001.4,S132,شركة النسيم الجديد المحدودة,91,MK007
2026-01-31,7257596395,33001.5,S132,شركة النسيم الجديد المحدودة,91,MK029
2026-01-31,7257596381,33008.3,S132,شركة النسيم الجديد المحدودة,91,MK031
2026-01-31,7257596351,32982.5,S132,شركة النسيم الجديد المحدودة,91,MK016
2026-01-31,7257596707,33002.3,S132,شركة نايف الدعجاني لنقل البضائع والمهمات شركة شخص واحد,91,MK046
2026-01-31,7257597460,31990.6,S132,شركة القوة المتجددة للوقود,91,MK068
2026-01-31,7257597573,32000.0,S091,Al-Nassar Transport Company,95,JA069
2026-01-31,7257597472,31999.0,S091,Al-Nassar Transport Company,91,JA069
2026-01-31,7257603946,32992.4,S132,شركة النسيم الجديد المحدودة,95,MK007
2026-01-31,7257603782,33004.6,S132,شركة النسيم الجديد المحدودة,95,MK007
2026-01-31,7257602934,33004.2,S132,شركة نايف الدعجاني لنقل البضائع والمهمات شركة شخص واحد,95,MK028
2026-01-31,7257603635,32994.4,S132,شركة حسين زين العطاس وسعد عوض العصيمي وشركائهم,95,MK093
2026-01-31,7257598855,32991.5,S132,شركة حسين زين العطاس وسعد عوض العصيمي وشركائهم,95,MK020
2026-01-31,7257603521,33000.1,S132,شركة تزويد السعودية المحدودة,95,MK006
2026-01-31,7257603570,32988.3,S132,شركة أسطول النادر للنقليات شركة شخص واحد,95,MK005
2026-01-31,7257603537,32988.9,S132,مؤسسة الدائرة للنقليات,95,MK004
2026-01-31,7257604050,33004.3,S132,شركة النسيم الجديد المحدودة,95,MK002
2026-01-31,7257604109,32999.9,S132,شركة النسيم الجديد المحدودة,95,MK003
2026-01-31,7257604137,32993.4,S132,شركة النسيم الجديد المحدودة,95,MK016
2026-01-31,7257604299,33005.7,S132,شركة أفق الطائف,95,MK001
2026-01-31,7257604311,33114.6,S132,شركة النسيم الجديد المحدودة,95,MK033
2026-01-31,7257604511,31993.3,S132,شركة القوة المتجددة للوقود,95,MK014
2026-01-31,7257596521,33004.3,S132,شركة النسيم الجديد المحدودة,95,MK084
2026-01-31,7257598874,32002.2,S132,شركة القوة المتجددة للوقود,ديزل,MK007
2026-01-31,7257603202,32001.9,S132,شركة القوة المتجددة للوقود,ديزل,MK004
2026-01-31,7257604258,33001.6,S132,شركة النسيم الجديد المحدودة,91,MK008
2026-01-31,7257604550,31998.0,S091,مؤسسه عفراء امحمد ناصر المنجحي للنقليات,95,JA060
2026-01-31,7257605040,31995.0,S091,Al-Nassar Transport Company,91,JA053
2026-01-31,7257596234,22001.8,S183,مؤسسة سامي بن سلمان بن عامر الصاعدي للنقليات,98,MK015
2026-02-01,7257596896,32018.0,S012,محطة منير سفير المطيري,91,RY024
2026-02-01,7257604776,32023.0,S012,محطة منير سفير المطيري,91,RY025
2026-02-02,7257615024,32004.3,S142,مؤسسة مسار الطريق للنقليات,91,QS055
2026-02-02,7257604675,32011.1,S184,محطة منير سفير المطيري,95,RY025
2026-02-02,7257604746,32001.9,S133,شركة القوة المتجددة للوقود,95,RY075
2026-02-02,7257614622,32015.0,S012,شركة أسدال للخدمات البترولية,ديزل,RY075
2026-02-03,7257615127,32001.8,S142,مؤسسة مسار الطريق للنقليات,91,HA043
2026-02-03,7257624765,32004.1,S142,مؤسسة مسار الطريق للنقليات,95,HA043
2026-02-03,7257624246,32018.0,S012,محطة منير سفير المطيري,91,RY042
2026-02-03,7257615216,31996.3,S133,شركة القوة المتجددة للوقود,95,RY075
2026-02-03,7257624689,31981.4,S133,شركة القوة المتجددة للوقود,91,RY075
2026-02-03,7257637601,32004.4,S133,شركة أسدال للخدمات البترولية,95,RY024
2026-02-03,7257623516,32026.0,S012,محطة منير سفير المطيري,ديزل,RY042
2026-02-04,7257628042,32008.2,S142,مؤسسة مسار الطريق للنقليات,ديزل,QS055
2026-02-04,7257635866,32000.6,S133,شركة القوة المتجددة للوقود,95,RY042
2026-02-01,7257605566,32002.7,S132,شركة القوة المتجددة للوقود,ديزل,MK007
2026-02-01,7257605558,32992.6,S132,مؤسسة الدائرة للنقليات,91,MK004
2026-02-01,7257605535,33007.3,S132,شركة أسطول النادر للنقليات شركة شخص واحد,91,MK035
2026-02-01,7257605514,32991.7,S132,شركة تزويد السعودية المحدودة,91,MK005
2026-02-01,7257605485,32992.5,S132,مؤسسة سامي بن سلمان بن عامر الصاعدي للنقليات,91,MK015
2026-02-01,7257605441,32002.1,S132,شركة القوة المتجددة للوقود,ديزل,MK033
2026-02-01,7257605392,32001.5,S132,شركة القوة المتجددة للوقود,ديزل,MK072
2026-02-01,7257605354,32002.0,S132,شركة القوة المتجددة للوقود,ديزل,MK029
2026-02-01,7257605319,31992.5,S132,شركة القوة المتجددة للوقود,ديزل,MK047
2026-02-01,7257605277,32993.1,S132,شركة نايف الدعجاني لنقل البضائع والمهمات شركة شخص واحد,91,MK028
2026-02-01,7257605259,32992.4,S132,شركة أفق الطائف,91,MK033
2026-02-01,7257605215,32991.2,S132,شركة أفق الطائف,91,MK017
2026-02-01,7257605195,32986.1,S132,شركة أفق الطائف,91,MK001
2026-02-01,7257605183,33003.1,S132,شركة النسيم الجديد المحدودة,91,MK018
2026-02-01,7257605176,33002.7,S132,شركة النسيم الجديد المحدودة,91,MK023
2026-02-01,7257605163,32991.5,S132,شركة النسيم الجديد المحدودة,91,MK084
2026-02-01,7257605100,32995.1,S132,شركة النسيم الجديد المحدودة,91,MK072
2026-02-01,7257605137,32994.6,S132,شركة النسيم الجديد المحدودة,91,MK003
2026-02-01,7257605157,33008.3,S132,شركة النسيم الجديد المحدودة,91,MK007
2026-02-01,7257613335,33016.2,S132,شركة النسيم الجديد المحدودة,95,MK003
2026-02-01,7257613706,32003.0,S132,شركة القوة المتجددة للوقود,ديزل,MK022
2026-02-01,7257613713,32001.4,S132,شركة القوة المتجددة للوقود,ديزل,MK031
2026-02-01,7257613287,32998.0,S132,شركة النسيم الجديد المحدودة,95,MK007
2026-02-01,7257613374,33003.3,S132,شركة النسيم الجديد المحدودة,95,MK003
2026-02-01,7257613403,32999.3,S132,شركة النسيم الجديد المحدودة,95,MK029
2026-02-01,7257613426,33003.6,S132,شركة النسيم الجديد المحدودة,95,MK019
2026-02-01,7257613478,32999.0,S132,شركة النسيم الجديد المحدودة,95,MK047
2026-02-01,7257613501,33001.8,S132,شركة النسيم الجديد المحدودة,91,MK003
2026-02-01,7257613519,32993.2,S132,شركة النسيم الجديد المحدودة,91,MK016
2026-02-01,7257613544,33007.8,S132,شركة النسيم الجديد المحدودة,91,MK020
2026-02-01,7257613562,32998.0,S132,شركة أفق الطائف,95,MK017
2026-02-01,7257613568,32990.6,S132,شركة أفق الطائف,95,MK033
2026-02-01,7257613727,32002.5,S132,شركة القوة المتجددة للوقود,ديزل,MK018
2026-02-01,7257613759,33002.0,S132,مؤسسة سامي بن سلمان بن عامر الصاعدي للنقليات,91,MK071
2026-02-01,7257612891,32002.0,S132,شركة القوة المتجددة للوقود,ديزل,MK007
2026-02-01,7257609243,32998.1,S132,شركة نايف الدعجاني لنقل البضائع والمهمات شركة شخص واحد,95,MK028
2026-02-01,7257609105,32992.8,S132,مؤسسة سامي بن سلمان بن عامر الصاعدي للنقليات,95,MK071
2026-02-01,7257609027,33003.1,S132,شركة النسيم الجديد المحدودة,95,MK008
2026-02-01,7257608908,32003.3,S132,شركة القوة المتجددة للوقود,95,MK068
2026-02-01,7257605456,31993.6,S132,شركة القوة المتجددة للوقود,ديزل,MK046
2026-02-02,7257616062,33003.4,S132,شركة النسيم الجديد المحدودة,91,MK072
2026-02-02,7257616076,32990.5,S132,شركة النسيم الجديد المحدودة,91,MK007
2026-02-02,7257616101,33003.1,S132,شركة النسيم الجديد المحدودة,91,MK003
2026-02-02,7257616119,33001.6,S132,شركة النسيم الجديد المحدودة,91,MK029
2026-02-02,7257616140,32991.9,S132,شركة النسيم الجديد المحدودة,91,MK019
2026-02-02,7257616161,32994.1,S132,شركة النسيم الجديد المحدودة,91,MK002
2026-02-02,7257616201,32993.3,S132,شركة أفق الطائف,91,MK022
2026-02-02,7257616221,32982.3,S132,مؤسسة الدائرة للنقليات,91,MK047
2026-02-02,7257616264,33003.7,S132,شركة تزويد السعودية المحدودة,91,MK006
2026-02-02,7257616274,33006.7,S132,شركة أسطول النادر للنقليات شركة شخص واحد,91,MK063
2026-02-02,7257616281,33008.9,S132,شركة النسيم الجديد المحدودة,91,MK003
2026-02-02,7257616324,31993.4,S132,شركة القوة المتجددة للوقود,91,MK093
2026-02-02,7257616347,32002.8,S132,شركة القوة المتجددة للوقود,ديزل,MK033
2026-02-02,7257616542,32001.4,S132,شركة القوة المتجددة للوقود,ديزل,MK007
2026-02-02,7257613267,33004.5,S132,مؤسسة سامي بن سلمان بن عامر الصاعدي للنقليات,95,MK015
2026-02-02,7257613253,32998.6,S132,مؤسسة الدائرة للنقليات,95,MK047
2026-02-02,7257613240,33003.7,S132,شركة أفق الطائف,95,MK001
2026-02-02,7257616010,31996.0,S091,شركة ناقلين المحدودة,ديزل,JA061
2026-02-02,7257615484,31997.0,S091,Al-Nassar Transport Company,ديزل,JA053
2026-02-02,7257615575,31997.0,S091,Al-Nassar Transport Company,95,JA069
2026-02-02,7257616534,32002.2,S132,شركة القوة المتجددة للوقود,ديزل,MK008
2026-02-02,7257616250,32992.2,S132,شركة نايف الدعجاني لنقل البضائع والمهمات شركة شخص واحد,91,MK046
2026-02-02,7257617210,31995.0,S132,شركة القوة المتجددة للوقود,ديزل,MK007
2026-02-02,7257624051,33002.9,S132,شركة النسيم الجديد المحدودة,95,MK002
2026-02-02,7257624066,32997.7,S132,شركة النسيم الجديد المحدودة,95,MK016
2026-02-02,7257624095,32978.2,S132,شركة النسيم الجديد المحدودة,91,MK007
2026-02-02,7257624114,32994.8,S132,شركة النسيم الجديد المحدودة,91,MK016
2026-02-02,7257624035,32988.7,S132,شركة النسيم الجديد المحدودة,95,MK020
2026-02-02,7257624017,33004.1,S132,شركة النسيم الجديد المحدودة,95,MK023
2026-02-02,7257623958,32990.2,S132,شركة النسيم الجديد المحدودة,95,MK003
2026-02-02,7257623894,32999.0,S132,شركة النسيم الجديد المحدودة,95,MK007
2026-02-02,7257619746,33003.7,S132,شركة تزويد السعودية المحدودة,95,MK005
2026-02-02,7257619805,33001.0,S132,شركة أسطول النادر للنقليات شركة شخص واحد,95,MK006
2026-02-02,7257623827,32992.0,S132,مؤسسة سامي بن سلمان بن عامر الصاعدي للنقليات,91,MK015
2026-02-02,7257616743,32001.9,S132,شركة القوة المتجددة للوقود,ديزل,MK046
2026-02-02,7257616735,31995.2,S132,شركة القوة المتجددة للوقود,ديزل,MK014
2026-02-02,7257616727,31994.9,S132,شركة القوة المتجددة للوقود,ديزل,MK047
2026-02-02,7257616720,32002.4,S132,شركة القوة المتجددة للوقود,ديزل,MK008
2026-02-02,7257616091,32991.8,S132,شركة النسيم الجديد المحدودة,91,MK008
2026-02-02,7257619643,33004.1,S132,شركة نايف الدعجاني لنقل البضائع والمهمات شركة شخص واحد,95,MK046
2026-02-03,7257625323,32001.5,S132,شركة القوة المتجددة للوقود,ديزل,MK008
2026-02-03,7257625564,31993.9,S132,شركة القوة المتجددة للوقود,ديزل,MK035
2026-02-03,7257625623,32001.8,S132,شركة القوة المتجددة للوقود,ديزل,MK071
2026-02-03,7257626294,33007.9,S132,شركة النسيم الجديد المحدودة,91,MK072
2026-02-03,7257626308,33002.9,S132,شركة النسيم الجديد المحدودة,91,MK007
2026-02-03,7257626321,33001.9,S132,شركة النسيم الجديد المحدودة,91,MK003
2026-02-03,7257626332,33002.5,S132,شركة النسيم الجديد المحدودة,91,MK023
2026-02-03,7257626438,33001.4,S132,مؤسسة الدائرة للنقليات,91,MK064
2026-02-03,7257626473,32992.4,S132,مؤسسة الدائرة للنقليات,91,MK004
2026-02-03,7257626764,33007.6,S132,شركة تزويد السعودية المحدودة,91,MK006
2026-02-03,7257626967,33001.5,S132,شركة أفق الطائف,91,MK017
2026-02-03,7257627036,33003.2,S132,شركة أفق الطائف,91,MK033
2026-02-03,7257627916,32991.6,S132,شركة النسيم الجديد المحدودة,91,MK003
2026-02-03,7257623993,32998.0,S132,شركة أفق الطائف,95,MK064
2026-02-03,7257625263,32002.4,S132,شركة القوة المتجددة للوقود,ديزل,MK007
2026-02-03,7257625288,31993.6,S132,شركة القوة المتجددة للوقود,ديزل,MK064
2026-02-03,7257625465,31806.2,S132,شركة القوة المتجددة للوقود,ديزل,MK004
2026-02-03,7257626261,31996.0,S091,Al-Nassar Transport Company,91,JA069
2026-02-03,7257636489,32988.8,S132,شركة أفق الطائف,95,MK022
2026-02-03,7257632478,32998.7,S132,شركة النسيم الجديد المحدودة,95,MK007
2026-02-03,7257633256,33023.5,S132,مؤسسة سامي بن سلمان بن عامر الصاعدي للنقليات,95,MK015
2026-02-03,7257633304,33004.5,S132,شركة نايف الدعجاني لنقل البضائع والمهمات شركة شخص واحد,95,MK035
2026-02-03,7257633352,33004.2,S132,شركة أسطول النادر للنقليات شركة شخص واحد,95,MK063
2026-02-03,7257633368,33005.3,S132,شركة تزويد السعودية المحدودة,95,MK005
2026-02-03,7257633381,33004.2,S132,مؤسسة الدائرة للنقليات,95,MK004
2026-02-03,7257636363,32993.6,S132,شركة النسيم الجديد المحدودة,95,MK007
2026-02-03,7257636182,33003.8,S132,شركة النسيم الجديد المحدودة,95,MK029
2026-02-03,7257633404,32990.5,S132,شركة حسين زين العطاس وسعد عوض العصيمي وشركائهم,95,MK099
2026-02-03,7257636126,33002.4,S132,شركة النسيم الجديد المحدودة,95,MK003
2026-02-03,7257636109,32986.3,S132,شركة النسيم الجديد المحدودة,95,MK072
2026-02-03,7257633775,31997.7,S132,شركة القوة المتجددة للوقود,ديزل,MK033
2026-02-03,7257633437,33005.4,S132,شركة أفق الطائف,95,MK017
2026-02-03,7257624088,31994.1,S132,شركة القوة المتجددة للوقود,ديزل,MK033
2026-02-03,7257626499,32990.0,S132,مؤسسة الدائرة للنقليات,91,MK047
2026-02-03,7257626569,32992.2,S132,شركة نايف الدعجاني لنقل البضائع والمهمات شركة شخص واحد,91,MK028
2026-02-03,7257626674,32991.0,S132,شركة أسطول النادر للنقليات شركة شخص واحد,91,MK005
2026-02-03,7257627152,33003.1,S132,مؤسسة سامي بن سلمان بن عامر الصاعدي للنقليات,91,MK015
2026-02-03,7257636172,32988.4,S132,شركة النسيم الجديد المحدودة,95,MK031
2026-02-03,7257626364,32993.1,S132,شركة النسيم الجديد المحدودة,91,MK008
2026-02-03,7257633285,32004.1,S132,شركة القوة المتجددة للوقود,95,MK068
2026-02-03,7257626881,31998.0,S091,شركة ناقلين المحدودة,95,JA061
2026-02-03,7257626813,31998.0,S091,شركة ناقلين المحدودة,91,JA061
2026-02-03,7257636226,32002.0,S091,Al-Nassar Transport Company,95,JA069
2026-02-04,7257637915,32001.5,S132,شركة القوة المتجددة للوقود,ديزل,MK033
2026-02-04,7257637993,31992.2,S132,شركة القوة المتجددة للوقود,ديزل,MK004
2026-02-04,7257638006,32001.9,S132,شركة القوة المتجددة للوقود,ديزل,MK008
2026-02-04,7257638041,32001.7,S132,شركة القوة المتجددة للوقود,ديزل,MK029
2026-02-04,7257638052,32002.3,S132,شركة القوة المتجددة للوقود,ديزل,MK063
2026-02-04,7257638193,33002.3,S132,مؤسسة الدائرة للنقليات,91,MK004
2026-02-04,7257638216,32992.0,S132,شركة تزويد السعودية المحدودة,91,MK063
2026-02-04,7257638302,33002.9,S132,شركة نايف الدعجاني لنقل البضائع والمهمات شركة شخص واحد,91,MK046
2026-02-04,7257638784,32992.0,S132,شركة أفق الطائف,91,MK001
2026-02-04,7257638794,32988.2,S132,شركة النسيم الجديد المحدودة,91,MK007
2026-02-04,7257638808,32990.8,S132,شركة النسيم الجديد المحدودة,91,MK020
2026-02-04,7257638831,33002.1,S132,شركة النسيم الجديد المحدودة,91,MK002
2026-02-04,7257638896,33001.6,S132,شركة النسيم الجديد المحدودة,91,MK003
2026-02-04,7257638920,32994.2,S132,شركة حسين زين العطاس وسعد عوض العصيمي وشركائهم,91,MK099
2026-02-04,7257636454,33007.1,S132,شركة النسيم الجديد المحدودة,91,MK072
2026-02-04,7257636476,33001.1,S132,شركة النسيم الجديد المحدودة,91,MK018
2026-02-04,7257636864,31998.5,S132,شركة أفق الطائف,95,MK001
2026-02-04,7257637853,32001.8,S132,شركة القوة المتجددة للوقود,ديزل,MK047
2026-02-04,7257637871,31992.3,S132,شركة القوة المتجددة للوقود,ديزل,MK022
2026-02-04,7257637884,31994.0,S132,شركة القوة المتجددة للوقود,ديزل,MK007
2026-02-04,7257636263,31997.0,S091,Al-Nassar Transport Company,ديزل,JA056
2026-02-04,7257638134,32002.1,S132,شركة القوة المتجددة للوقود,91,MK068
2026-02-04,7257630923,32006.5,S133,شركة القوة المتجددة للوقود,91,RY075
2026-02-04,7257646719,32016.0,S012,محطة منير سفير المطيري,91,RY024
2026-02-04,7257646414,32990.1,S132,شركة النسيم الجديد المحدودة,95,MK003
2026-02-04,7257646441,33005.6,S132,شركة النسيم الجديد المحدودة,95,MK020
2026-02-04,7257646485,32992.2,S132,شركة النسيم الجديد المحدودة,95,MK016
2026-02-04,7257639735,32990.5,S132,شركة النسيم الجديد المحدودة,91,MK029
2026-02-04,7257646639,32998.1,S132,شركة النسيم الجديد المحدودة,95,MK047
2026-02-04,7257646362,33027.7,S132,شركة النسيم الجديد المحدودة,95,MK007
2026-02-04,7257646497,32998.3,S132,شركة النسيم الجديد المحدودة,95,MK018
2026-02-04,7257641343,32998.2,S132,شركة نايف الدعجاني لنقل البضائع والمهمات شركة شخص واحد,95,MK028
2026-02-04,7257646243,33003.9,S132,شركة أسطول النادر للنقليات شركة شخص واحد,95,MK006
2026-02-04,7257646262,33005.7,S132,شركة تزويد السعودية المحدودة,95,MK005
2026-02-04,7257646603,33005.2,S132,مؤسسة سامي بن سلمان بن عامر الصاعدي للنقليات,95,MK015
2026-02-04,7257646552,33004.1,S132,شركة أفق الطائف,95,MK008
2026-02-04,7257646310,33005.2,S132,مؤسسة الدائرة للنقليات,95,MK004
2026-02-04,7257639055,31986.5,S132,شركة القوة المتجددة للوقود,95,MK100
2026-02-04,7257638066,32001.3,S132,شركة القوة المتجددة للوقود,ديزل,MK028
2026-02-04,7257638090,32001.6,S132,شركة القوة المتجددة للوقود,ديزل,MK014
2026-02-04,7257638103,32001.3,S132,شركة القوة المتجددة للوقود,ديزل,MK007
2026-02-04,7257638987,32992.4,S132,شركة النسيم الجديد المحدودة,91,MK016
2026-02-04,7257638975,33001.3,S132,شركة النسيم الجديد المحدودة,91,MK007
2026-02-04,7257638945,32994.6,S132,شركة النسيم الجديد المحدودة,91,MK072
2026-02-04,7257638308,32990.7,S132,شركة أسطول النادر للنقليات شركة شخص واحد,91,MK005
2026-02-05,7257647575,33003.7,S132,شركة النسيم الجديد المحدودة,95,MK003
2026-02-05,7257647637,32989.3,S132,شركة النسيم الجديد المحدودة,95,MK007
2026-02-05,7257648864,32998.8,S132,شركة نايف الدعجاني لنقل البضائع والمهمات شركة شخص واحد,91,MK028
2026-02-05,7257648906,32993.7,S132,مؤسسة الدائرة للنقليات,91,MK047
2026-02-05,7257647120,33003.4,S132,مؤسسة سامي بن سلمان بن عامر الصاعدي للنقليات,91,MK015
2026-02-05,7257648948,33009.4,S132,مؤسسة الدائرة للنقليات,91,MK004
2026-02-05,7257648980,32993.1,S132,شركة تزويد السعودية المحدودة,91,MK006
2026-02-05,7257646678,32989.0,S132,شركة النسيم الجديد المحدودة,95,MK084
2026-02-05,7257648995,32984.0,S132,شركة النسيم الجديد المحدودة,91,MK002
2026-02-05,7257649063,32989.5,S132,شركة النسيم الجديد المحدودة,91,MK007
2026-02-05,7257650559,33002.0,S132,شركة أفق الطائف,91,MK022
2026-02-05,7257649079,32991.7,S132,شركة النسيم الجديد المحدودة,91,MK031
2026-02-05,7257649100,32991.9,S132,شركة النسيم الجديد المحدودة,91,MK003
2026-02-05,7257649158,33002.7,S132,مؤسسة الدائرة للنقليات,91,MK064
2026-02-05,7257649219,32994.5,S132,شركة النسيم الجديد المحدودة,91,MK084
2026-02-05,7257650550,32991.5,S132,شركة أفق الطائف,91,MK017
2026-02-05,7257650523,33003.2,S132,شركة أفق الطائف,91,MK001
2026-02-05,7257649038,33001.6,S132,شركة النسيم الجديد المحدودة,91,MK019
2026-02-05,7257659355,33004.5,S132,مؤسسة الدائرة للنقليات,95,MK047
2026-02-05,7257650537,32995.0,S132,شركة أفق الطائف,91,MK033
2026-02-05,7257659269,33004.6,S132,شركة النسيم الجديد المحدودة,95,MK023
2026-02-05,7257659224,33004.8,S132,شركة النسيم الجديد المحدودة,95,MK019
2026-02-05,7257659163,33003.9,S132,شركة النسيم الجديد المحدودة,95,MK002
2026-02-05,7257650760,33007.8,S132,شركة أسطول النادر للنقليات شركة شخص واحد,91,MK005
2026-02-05,7257659066,33004.3,S132,شركة النسيم الجديد المحدودة,95,MK003
2026-02-05,7257658778,33002.0,S132,شركة أسطول النادر للنقليات شركة شخص واحد,95,MK063
2026-02-05,7257658739,33004.8,S132,شركة تزويد السعودية المحدودة,95,MK028
2026-02-05,7257650805,32985.4,S132,شركة النسيم الجديد المحدودة,91,MK072
2026-02-05,7257650852,32984.5,S132,شركة النسيم الجديد المحدودة,91,MK029
2026-02-05,7257650874,32993.2,S132,شركة النسيم الجديد المحدودة,91,MK008
2026-02-05,7257650896,33001.5,S132,شركة النسيم الجديد المحدودة,91,MK003
2026-02-05,7257650911,31994.6,S132,شركة القوة المتجددة للوقود,ديزل,MK064
2026-02-05,7257650959,33004.2,S132,شركة النسيم الجديد المحدودة,95,MK064
2026-02-05,7257650978,32002.6,S132,شركة القوة المتجددة للوقود,91,MK093
2026-02-05,7257648615,32001.0,S132,شركة القوة المتجددة للوقود,ديزل,MK047
2026-02-05,7257648669,32001.6,S132,شركة القوة المتجددة للوقود,ديزل,MK033
2026-02-05,7257648693,32001.5,S132,شركة القوة المتجددة للوقود,ديزل,MK029
2026-02-05,7257648709,32001.5,S132,شركة القوة المتجددة للوقود,ديزل,MK072
2026-02-05,7257648730,32001.6,S132,شركة القوة المتجددة للوقود,ديزل,MK008
2026-02-05,7257648746,32001.8,S132,شركة القوة المتجددة للوقود,ديزل,MK004
2026-02-05,7257648766,32001.9,S132,شركة القوة المتجددة للوقود,ديزل,MK004
2026-02-05,7257648793,31991.7,S132,شركة القوة المتجددة للوقود,ديزل,MK046
2026-02-05,7257658598,33003.8,S132,شركة نايف الدعجاني لنقل البضائع والمهمات شركة شخص واحد,95,MK046
2026-02-06,7257660984,31992.0,S132,شركة القوة المتجددة للوقود,ديزل,MK046
2026-02-06,7257662034,33001.9,S132,شركة النسيم الجديد المحدودة,91,MK007
2026-02-06,7257662063,33001.5,S132,شركة النسيم الجديد المحدودة,91,MK016
2026-02-06,7257662073,33001.5,S132,شركة النسيم الجديد المحدودة,91,MK018
2026-02-06,7257662093,32989.2,S132,شركة النسيم الجديد المحدودة,91,MK020
2026-02-06,7257662117,32993.3,S132,شركة النسيم الجديد المحدودة,91,MK023
2026-02-06,7257662169,32999.1,S132,شركة النسيم الجديد المحدودة,91,MK003
2026-02-06,7257662293,33001.7,S132,مؤسسة سامي بن سلمان بن عامر الصاعدي للنقليات,91,MK015
2026-02-06,7257662365,33009.1,S132,شركة أفق الطائف,91,MK001
2026-02-06,7257662377,33001.7,S132,شركة نايف الدعجاني لنقل البضائع والمهمات شركة شخص واحد,91,MK035
2026-02-06,7257662496,33001.2,S132,شركة أسطول النادر للنقليات شركة شخص واحد,91,MK005
2026-02-06,7257662574,33001.4,S132,مؤسسة الدائرة للنقليات,91,MK004
2026-02-06,7257662709,33003.1,S132,شركة حسين زين العطاس وسعد عوض العصيمي وشركائهم,91,MK100
2026-02-06,7257662725,32002.8,S132,شركة القوة المتجددة للوقود,91,MK014
2026-02-06,7257658988,32989.4,S132,مؤسسة الدائرة للنقليات,95,MK072
2026-02-06,7257659811,31992.7,S132,شركة القوة المتجددة للوقود,ديزل,MK004
2026-02-06,7257659864,32001.8,S132,شركة القوة المتجددة للوقود,ديزل,MK047
2026-02-06,7257660044,32002.4,S132,شركة القوة المتجددة للوقود,ديزل,MK014
2026-02-06,7257661997,31997.0,S091,مؤسسه عفراء امحمد ناصر المنجحي للنقليات,91,JA060
2026-02-06,7257662506,31998.0,S091,Al-Nassar Transport Company,91,JA069
2026-02-06,7257662518,32002.0,S091,Al-Nassar Transport Company,95,JA069
2026-02-06,7257662531,31996.0,S091,Al-Nassar Transport Company,ديزل,JA053
2026-02-06,7257650658,31997.0,S091,مؤسسه عفراء امحمد ناصر المنجحي للنقليات,95,JA056
2026-02-06,7257650649,32001.0,S091,Al-Nassar Transport Company,95,JA053
2026-02-06,7257659916,31993.4,S132,شركة القوة المتجددة للوقود,ديزل,MK031
2026-02-06,7257667744,33004.2,S132,شركة النسيم الجديد المحدودة,95,MK029
2026-02-06,7257667715,32989.7,S132,شركة النسيم الجديد المحدودة,95,MK003
2026-02-06,7257667489,33002.4,S132,مؤسسة سامي بن سلمان بن عامر الصاعدي للنقليات,95,MK015
2026-02-06,7257667470,33004.4,S132,شركة تزويد السعودية المحدودة,95,MK006
2026-02-06,7257667763,33000.1,S132,شركة النسيم الجديد المحدودة,95,MK016
2026-02-06,7257665888,32989.1,S132,شركة النسيم الجديد المحدودة,95,MK007
2026-02-06,7257667832,31997.8,S132,شركة أفق الطائف,95,MK001
2026-02-06,7257667838,32004.7,S132,شركة أفق الطائف,95,MK017
2026-02-06,7257667857,33005.6,S132,مؤسسة سامي بن سلمان بن عامر الصاعدي للنقليات,95,MK071
2026-02-06,7257668128,33000.8,S132,مؤسسة الدائرة للنقليات,95,MK004
2026-02-06,7257662218,32973.3,S132,شركة النسيم الجديد المحدودة,91,MK072
2026-02-06,7257662328,33001.1,S132,مؤسسة سامي بن سلمان بن عامر الصاعدي للنقليات,91,MK015
2026-02-06,7257668400,31991.1,S132,شركة القوة المتجددة للوقود,95,MK068
2026-02-06,7257659050,33003.9,S132,شركة النسيم الجديد المحدودة,95,MK003
2026-02-06,7257662592,33001.5,S132,مؤسسة الدائرة للنقليات,91,MK047
2026-02-06,7257662445,33001.7,S132,شركة تزويد السعودية المحدودة,91,MK028
2026-02-06,7257667733,32988.6,S132,شركة النسيم الجديد المحدودة,95,MK008
2026-02-06,7257667449,33004.4,S132,شركة نايف الدعجاني لنقل البضائع والمهمات شركة شخص واحد,95,MK004
2026-02-06,7257662250,32997.2,S132,شركة النسيم الجديد المحدودة,91,MK008
2026-02-06,7257662422,32975.5,S132,شركة نايف الدعجاني لنقل البضائع والمهمات شركة شخص واحد,91,MK046
2026-02-07,7257669169,33001.8,S132,مؤسسة سامي بن سلمان بن عامر الصاعدي للنقليات,91,MK071
2026-02-07,7257669531,32993.3,S132,شركة أفق الطائف,91,MK033
2026-02-07,7257669552,32001.7,S132,شركة أفق الطائف,91,MK017
2026-02-07,7257669562,33001.9,S132,مؤسسة سامي بن سلمان بن عامر الصاعدي للنقليات,91,MK015
2026-02-07,7257669161,33001.3,S132,مؤسسة الدائرة للنقليات,91,MK004
2026-02-07,7257669141,32996.0,S132,شركة تزويد السعودية المحدودة,91,MK006
2026-02-07,7257669116,33002.4,S132,شركة نايف الدعجاني لنقل البضائع والمهمات شركة شخص واحد,91,MK028
2026-02-07,7257669083,32991.6,S132,شركة النسيم الجديد المحدودة,91,MK029
2026-02-07,7257669076,33003.3,S132,شركة النسيم الجديد المحدودة,91,MK002
2026-02-07,7257669074,33001.4,S132,شركة النسيم الجديد المحدودة,91,MK003
2026-02-07,7257669063,33003.3,S132,شركة النسيم الجديد المحدودة,91,MK007
2026-02-07,7257669046,31992.9,S132,شركة القوة المتجددة للوقود,ديزل,MK029
2026-02-07,7257669039,31993.7,S132,شركة القوة المتجددة للوقود,ديزل,MK072
2026-02-07,7257669037,31993.9,S132,شركة القوة المتجددة للوقود,ديزل,MK022
2026-02-07,7257669032,32001.9,S132,شركة القوة المتجددة للوقود,ديزل,MK004
2026-02-07,7257669021,33001.8,S132,شركة النسيم الجديد المحدودة,ديزل,MK007
2026-02-07,7257669019,33001.9,S132,شركة النسيم الجديد المحدودة,ديزل,MK007
2026-02-07,7257668187,33003.8,S132,شركة النسيم الجديد المحدودة,95,MK007
2026-02-07,7257669581,31997.0,S091,Al-Nassar Transport Company,91,JA053
2026-02-07,7257663133,31999.0,S091,Al-Nassar Transport Company,ديزل,JA061
2026-02-07,7257669702,31992.0,S132,شركة القوة المتجددة للوقود,91,MK068
2026-02-05,7257624896,31995.6,S133,شركة القوة المتجددة للوقود,95,RY075
2026-02-05,7257647606,32030.0,S012,محطة منير سفير المطيري,ديزل,RY025
2026-02-05,7257649711,32025.0,S012,شركة القوة المتجددة للوقود,91,RY075
2026-02-06,7257635264,32050.2,S133,شركة أسدال للخدمات البترولية,95,RY075
2026-02-06,7257635963,32084.2,S133,شركة أسدال للخدمات البترولية,95,RY025
2026-02-06,7257636036,31888.0,S133,محطة منير سفير المطيري,95,RY024
2026-02-06,7257651306,31995.6,S133,شركة القوة المتجددة للوقود,91,RY075
2026-02-06,7257660333,32007.8,S133,شركة القوة المتجددة للوقود,ديزل,RY075
2026-02-07,7257668670,32028.0,S012,محطة منير سفير المطيري,91,RY025
2026-02-07,7257616503,32006.2,S037,شركة هال للنقليات,91,EP051
2026-02-07,7257625566,32003.3,S032,شركة هال للنقليات,95,EP051
2026-02-07,7257669752,33001.8,S132,شركة النسيم الجديد المحدودة,91,MK072
2026-02-07,7257670074,33002.0,S132,شركة النسيم الجديد المحدودة,ديزل,MK007
2026-02-07,7257670179,33001.4,S132,مؤسسة سامي بن سلمان بن عامر الصاعدي للنقليات,91,MK015
2026-02-07,7257670789,32997.4,S132,شركة النسيم الجديد المحدودة,91,MK003
2026-02-07,7257670794,32001.8,S132,شركة القوة المتجددة للوقود,ديزل,MK004
2026-02-07,7257674523,33004.2,S132,شركة نايف الدعجاني لنقل البضائع والمهمات شركة شخص واحد,95,MK028
2026-02-07,7257674564,33004.5,S132,شركة أسطول النادر للنقليات شركة شخص واحد,95,MK035
2026-02-07,7257674695,33004.6,S132,شركة تزويد السعودية المحدودة,95,MK005
2026-02-07,7257674707,33003.6,S132,مؤسسة الدائرة للنقليات,95,MK047
2026-02-07,7257674722,32004.8,S132,شركة القوة المتجددة للوقود,95,MK093
2026-02-07,7257674979,33004.0,S132,مؤسسة الدائرة للنقليات,95,MK004
2026-02-07,7257674873,32989.1,S132,شركة النسيم الجديد المحدودة,95,MK007
2026-02-07,7257674934,32993.2,S132,شركة النسيم الجديد المحدودة,91,MK007
2026-02-07,7257674892,33004.8,S132,شركة النسيم الجديد المحدودة,95,MK003
2026-02-07,7257674898,32998.6,S132,شركة النسيم الجديد المحدودة,95,MK020
2026-02-07,7257669025,32994.1,S132,شركة النسيم الجديد المحدودة,ديزل,MK008
2026-02-07,7257668206,33003.7,S132,شركة النسيم الجديد المحدودة,95,MK002
2026-02-07,7257674959,32997.8,S132,شركة النسيم الجديد المحدودة,91,MK016
2026-02-07,7257669726,31993.6,S132,شركة القوة المتجددة للوقود,ديزل,MK004
2026-02-07,7257670782,33000.5,S132,شركة أفق الطائف,91,MK001
2026-02-07,7257675280,31995.0,S091,مؤسسه عفراء امحمد ناصر المنجحي للنقليات,91,JA056
2026-02-08,7257676712,33002.4,S132,شركة النسيم الجديد المحدودة,91,MK002
2026-02-08,7257675504,33001.8,S132,شركة النسيم الجديد المحدودة,91,MK020
2026-02-08,7257675498,33002.0,S132,شركة النسيم الجديد المحدودة,91,MK003
2026-02-08,7257675489,32994.6,S132,شركة النسيم الجديد المحدودة,91,MK084
2026-02-08,7257675475,32992.8,S132,شركة أسطول النادر للنقليات شركة شخص واحد,91,MK005
2026-02-08,7257675466,33001.7,S132,شركة تزويد السعودية المحدودة,91,MK063
2026-02-08,7257675200,33001.6,S132,مؤسسة الدائرة للنقليات,91,MK064
2026-02-08,7257675204,33003.2,S132,شركة النسيم الجديد المحدودة,91,MK007
2026-02-08,7257675359,31992.0,S132,شركة القوة المتجددة للوقود,ديزل,MK029
2026-02-08,7257675375,32001.7,S132,شركة القوة المتجددة للوقود,ديزل,MK033
2026-02-08,7257675397,33002.1,S132,شركة النسيم الجديد المحدودة,ديزل,MK007
2026-02-08,7257675409,32992.4,S132,شركة النسيم الجديد المحدودة,ديزل,MK008
2026-02-08,7257675469,33001.7,S132,شركة نايف الدعجاني لنقل البضائع والمهمات شركة شخص واحد,91,MK046
2026-02-08,7257675042,33009.5,S132,شركة النسيم الجديد المحدودة,91,MK008
2026-02-08,7257684618,32998.5,S132,مؤسسة الدائرة للنقليات,95,MK022
2026-02-08,7257684592,32990.0,S132,شركة أفق الطائف,95,MK033
2026-02-08,7257684537,33003.7,S132,شركة أفق الطائف,95,MK001
2026-02-08,7257678359,32000.3,S132,شركة القوة المتجددة للوقود,95,MK014
2026-02-08,7257684443,32993.6,S132,شركة أسطول النادر للنقليات شركة شخص واحد,95,MK063
2026-02-08,7257679879,33003.6,S132,شركة نايف الدعجاني لنقل البضائع والمهمات شركة شخص واحد,95,MK046
2026-02-08,7257684360,32997.8,S132,شركة تزويد السعودية المحدودة,95,MK005
2026-02-08,7257684639,33003.7,S132,مؤسسة سامي بن سلمان بن عامر الصاعدي للنقليات,95,MK015
2026-02-08,7257684673,33002.7,S132,شركة النسيم الجديد المحدودة,95,MK007
2026-02-08,7257684716,33004.2,S132,شركة النسيم الجديد المحدودة,95,MK003
2026-02-08,7257684789,33001.6,S132,شركة النسيم الجديد المحدودة,91,MK007
2026-02-08,7257684811,32992.9,S132,شركة النسيم الجديد المحدودة,91,MK018
2026-02-08,7257676724,32990.3,S132,شركة النسيم الجديد المحدودة,91,MK003
2026-02-08,7257676708,33001.6,S132,مؤسسة الدائرة للنقليات,91,MK047
2026-02-08,7257675539,32999.6,S132,شركة النسيم الجديد المحدودة,91,MK072
2026-02-08,7257675440,33001.6,S132,شركة النسيم الجديد المحدودة,ديزل,MK007
2026-02-08,7257679707,33008.3,S132,شركة أسطول النادر للنقليات شركة شخص واحد,91,MK006
2026-02-08,7257676677,32001.6,S132,شركة القوة المتجددة للوقود,ديزل,MK046
2026-02-08,7257676653,32001.4,S132,شركة القوة المتجددة للوقود,ديزل,MK033
2026-02-08,7257684914,31996.0,S091,شركة ناقلين المحدودة,ديزل,JA061
2026-02-08,7257684925,31999.0,S091,Al-Nassar Transport Company,91,JA069
2026-02-08,7257684983,31997.0,S091,شركة ناقلين المحدودة,91,JA061
2026-02-09,7257687265,32002.8,S132,شركة القوة المتجددة للوقود,ديزل,MK004
2026-02-09,7257687368,33001.4,S132,شركة النسيم الجديد المحدودة,ديزل,MK007
2026-02-09,7257687413,32993.5,S132,شركة النسيم الجديد المحدودة,ديزل,MK008
2026-02-09,7257688102,33004.8,S132,شركة نايف الدعجاني لنقل البضائع والمهمات شركة شخص واحد,91,MK028
2026-02-09,7257688117,33003.4,S132,شركة أسطول النادر للنقليات شركة شخص واحد,91,MK035
2026-02-09,7257688125,32962.1,S132,شركة أسطول النادر للنقليات شركة شخص واحد,91,MK005
2026-02-09,7257688129,33001.6,S132,مؤسسة الدائرة للنقليات,91,MK004
2026-02-09,7257688140,33001.5,S132,مؤسسة سامي بن سلمان بن عامر الصاعدي للنقليات,91,MK071
2026-02-09,7257688166,32993.0,S132,شركة النسيم الجديد المحدودة,91,MK003
2026-02-09,7257688178,33001.7,S132,شركة النسيم الجديد المحدودة,91,MK023
2026-02-09,7257688199,33008.1,S132,شركة النسيم الجديد المحدودة,91,MK007
2026-02-09,7257688217,33001.4,S132,شركة النسيم الجديد المحدودة,91,MK072
2026-02-09,7257688227,33001.5,S132,شركة أفق الطائف,91,MK022
2026-02-09,7257688246,33001.5,S132,شركة أفق الطائف,91,MK033
2026-02-09,7257688249,32986.0,S132,شركة أفق الطائف,91,MK001
2026-02-09,7257686893,31991.9,S132,شركة القوة المتجددة للوقود,ديزل,MK064
2026-02-09,7257686934,32001.7,S132,شركة القوة المتجددة للوقود,ديزل,MK018
2026-02-09,7257686985,31994.1,S132,شركة القوة المتجددة للوقود,ديزل,MK035
2026-02-09,7257687046,32001.7,S132,شركة القوة المتجددة للوقود,ديزل,MK022
2026-02-09,7257687082,32988.2,S132,شركة النسيم الجديد المحدودة,95,MK008
2026-02-09,7257687726,33001.7,S132,شركة نايف الدعجاني لنقل البضائع والمهمات شركة شخص واحد,91,MK046
2026-02-09,7257688172,32991.3,S132,شركة النسيم الجديد المحدودة,91,MK007
2026-02-07,7257668696,32002.1,S133,شركة القوة المتجددة للوقود,91,RY075
2026-02-07,7257668772,32004.3,S142,مؤسسة مسار الطريق للنقليات,95,QS055
2026-02-07,7257669414,31997.0,S142,مؤسسة مسار الطريق للنقليات,ديزل,QS055
2026-02-08,7257676193,32017.0,S012,محطة منير سفير المطيري,91,RY024
2026-02-08,7257668973,32011.2,S184,محطة منير سفير المطيري,95,RY025
2026-02-08,7257668961,32007.4,S184,شركة القوة المتجددة للوقود,95,RY075
2026-02-08,7257676154,32014.5,S142,مؤسسة مسار الطريق للنقليات,91,QS055
2026-02-09,7257678273,32000.9,S142,مؤسسة مسار الطريق للنقليات,91,HA043
2026-02-09,7257694944,33004.6,S132,شركة النسيم الجديد المحدودة,95,MK016
2026-02-09,7257694995,32999.3,S132,مؤسسة الدائرة للنقليات,95,MK047
2026-02-09,7257695025,33004.2,S132,شركة أفق الطائف,95,MK017
2026-02-09,7257694918,33002.1,S132,شركة النسيم الجديد المحدودة,95,MK029
2026-02-09,7257690036,32990.5,S132,شركة النسيم الجديد المحدودة,95,MK007
2026-02-09,7257694961,32993.9,S132,شركة النسيم الجديد المحدودة,95,MK007
2026-02-09,7257694750,33002.1,S132,شركة نايف الدعجاني لنقل البضائع والمهمات شركة شخص واحد,95,MK028
2026-02-09,7257694827,32990.3,S132,شركة النسيم الجديد المحدودة,95,MK003
2026-02-09,7257694770,32991.5,S132,شركة تزويد السعودية المحدودة,95,MK006
2026-02-09,7257695061,33022.4,S132,شركة أفق الطائف,95,MK001
2026-02-09,7257695295,33001.5,S132,شركة النسيم الجديد المحدودة,91,MK029
2026-02-09,7257687096,31993.8,S132,شركة القوة المتجددة للوقود,ديزل,MK100
2026-02-09,7257687426,32993.5,S132,شركة النسيم الجديد المحدودة,ديزل,MK007
2026-02-09,7257687455,32992.7,S132,شركة النسيم الجديد المحدودة,ديزل,MK008
2026-02-09,7257686957,32002.0,S132,شركة حسين زين العطاس وسعد عوض العصيمي وشركائهم,ديزل,MK014
2026-02-09,7257688254,33016.7,S132,مؤسسة سامي بن سلمان بن عامر الصاعدي للنقليات,91,MK015
2026-02-09,7257688380,33013.8,S132,شركة النسيم الجديد المحدودة,91,MK008
2026-02-09,7257694763,32989.1,S132,شركة أسطول النادر للنقليات شركة شخص واحد,95,MK046
2026-02-09,7257687159,31994.2,S132,شركة القوة المتجددة للوقود,ديزل,MK046
2026-02-09,7257695207,33001.6,S132,شركة النسيم الجديد المحدودة,91,MK016
2026-02-10,7257680519,32999.8,S132,مؤسسة الدائرة للنقليات,95,MK064
2026-02-10,7257698522,33003.6,S132,شركة أفق الطائف,91,MK001
2026-02-10,7257698505,33002.2,S132,شركة النسيم الجديد المحدودة,91,MK020
2026-02-10,7257698485,32991.7,S132,شركة النسيم الجديد المحدودة,91,MK018
2026-02-10,7257696913,32987.2,S132,مؤسسة الدائرة للنقليات,91,MK004
2026-02-10,7257696855,33001.9,S132,مؤسسة الدائرة للنقليات,91,MK064
2026-02-10,7257696741,32001.5,S132,شركة القوة المتجددة للوقود,91,MK093
2026-02-10,7257696713,33009.0,S132,شركة النسيم الجديد المحدودة,91,MK003
2026-02-10,7257696697,32992.7,S132,شركة النسيم الجديد المحدودة,91,MK031
2026-02-10,7257696684,33032.8,S132,شركة النسيم الجديد المحدودة,91,MK072
2026-02-10,7257696640,31992.2,S132,شركة القوة المتجددة للوقود,ديزل,MK004
2026-02-10,7257696584,32001.7,S132,شركة القوة المتجددة للوقود,ديزل,MK047
2026-02-10,7257694808,33004.7,S132,شركة النسيم الجديد المحدودة,95,MK072
2026-02-09,7257687953,31998.0,S032,شركة هال للنقليات,91,EP051
2026-02-07,7257649306,31988.0,S032,شركة هال للنقليات,91,EP051
2026-02-09,7257676634,32003.8,S032,شركة هال للنقليات,95,EP051
2026-02-09,7257687896,31980.5,S133,شركة القوة المتجددة للوقود,91,RY075
2026-02-10,7257683643,31989.5,S184,محطة منير سفير المطيري,95,RY024
2026-02-10,7257694563,32003.5,S184,شركة القوة المتجددة للوقود,95,RY075
2026-02-10,7257698424,32018.0,S012,محطة منير سفير المطيري,91,RY025
2026-02-11,7257706680,32026.0,S012,محطة منير سفير المطيري,91,RY025
2026-02-11,7257697671,31995.2,S133,شركة القوة المتجددة للوقود,91,RY075
2026-02-11,7257706436,31995.1,S133,شركة القوة المتجددة للوقود,91,RY042
2026-02-10,7257705133,33000.7,S132,شركة النسيم الجديد المحدودة,95,MK023
2026-02-10,7257704924,33001.5,S132,شركة أفق الطائف,91,MK017
2026-02-10,7257704935,33004.9,S132,مؤسسة الدائرة للنقليات,95,MK004
2026-02-10,7257698565,33008.1,S132,شركة النسيم الجديد المحدودة,91,MK007
2026-02-10,7257705001,32992.5,S132,شركة تزويد السعودية المحدودة,95,MK063
2026-02-10,7257705024,32999.3,S132,شركة أسطول النادر للنقليات شركة شخص واحد,95,MK028
2026-02-10,7257705087,32999.3,S132,شركة النسيم الجديد المحدودة,95,MK007
2026-02-10,7257705112,32990.4,S132,شركة النسيم الجديد المحدودة,95,MK003
2026-02-10,7257696596,32001.6,S132,شركة القوة المتجددة للوقود,ديزل,MK072
2026-02-10,7257698451,32002.1,S132,شركة القوة المتجددة للوقود,ديزل,MK033
2026-02-10,7257698445,32012.8,S132,شركة القوة المتجددة للوقود,ديزل,MK029
2026-02-10,7257698434,31992.1,S132,شركة القوة المتجددة للوقود,ديزل,MK028
2026-02-10,7257696662,32997.6,S132,شركة النسيم الجديد المحدودة,ديزل,MK007
2026-02-10,7257696899,33008.4,S132,شركة تزويد السعودية المحدودة,91,MK006
2026-02-10,7257704985,33004.6,S132,شركة نايف الدعجاني لنقل البضائع والمهمات شركة شخص واحد,95,MK005
2026-02-10,7257696845,32993.1,S132,شركة نايف الدعجاني لنقل البضائع والمهمات شركة شخص واحد,91,MK005
2026-02-10,7257706879,32989.8,S132,مؤسسة سامي بن سلمان بن عامر الصاعدي للنقليات,95,MK015
2026-02-10,7257706897,31993.2,S132,شركة القوة المتجددة للوقود,95,MK068
2026-02-10,7257698469,32002.0,S132,شركة القوة المتجددة للوقود,91,MK068
2026-02-10,7257699531,32003.0,S091,Al-Nassar Transport Company,95,JA053
2026-02-10,7257699528,31996.0,S091,Al-Nassar Transport Company,95,JA069
2026-02-11,7257707448,32992.3,S132,شركة النسيم الجديد المحدودة,ديزل,MK084
2026-02-11,7257708312,33002.2,S132,مؤسسة الدائرة للنقليات,91,MK047
2026-02-11,7257708129,32001.7,S132,شركة القوة المتجددة للوقود,91,MK099
2026-02-11,7257708119,31978.1,S132,شركة القوة المتجددة للوقود,91,MK063
2026-02-11,7257708106,33046.2,S132,شركة أفق الطائف,91,MK033
2026-02-11,7257707923,33001.4,S132,شركة النسيم الجديد المحدودة,91,MK007
2026-02-11,7257707932,32996.7,S132,شركة نايف الدعجاني لنقل البضائع والمهمات شركة شخص واحد,91,MK035
2026-02-11,7257707950,33003.4,S132,شركة تزويد السعودية المحدودة,91,MK006
2026-02-11,7257708095,33003.0,S132,شركة أفق الطائف,91,MK001
2026-02-11,7257708034,33002.6,S132,شركة أسطول النادر للنقليات شركة شخص واحد,91,MK005
2026-02-11,7257707302,32001.8,S132,شركة القوة المتجددة للوقود,ديزل,MK064
2026-02-11,7257708051,32978.9,S132,مؤسسة الدائرة للنقليات,91,MK004
2026-02-11,7257708086,32990.7,S132,مؤسسة سامي بن سلمان بن عامر الصاعدي للنقليات,91,MK015
2026-02-11,7257694818,32993.2,S132,شركة النسيم الجديد المحدودة,95,MK084
2026-02-11,7257708337,32002.8,S132,شركة القوة المتجددة للوقود,ديزل,MK033
2026-02-11,7257707909,33001.5,S132,شركة النسيم الجديد المحدودة,91,MK003
2026-02-11,7257707901,33001.9,S132,شركة النسيم الجديد المحدودة,91,MK016
2026-02-11,7257707893,33001.4,S132,شركة النسيم الجديد المحدودة,91,MK008
2026-02-11,7257707878,33001.4,S132,شركة النسيم الجديد المحدودة,91,MK072
2026-02-11,7257707500,32001.4,S132,شركة القوة المتجددة للوقود,ديزل,MK046
2026-02-11,7257709115,31997.0,S091,Al-Nassar Transport Company,ديزل,JA060
2026-02-11,7257716628,33004.2,S132,شركة أفق الطائف,95,MK001
2026-02-11,7257716584,33004.4,S132,شركة النسيم الجديد المحدودة,95,MK003
2026-02-11,7257716451,32998.3,S132,شركة تزويد السعودية المحدودة,95,MK005
2026-02-11,7257716457,32989.1,S132,شركة أسطول النادر للنقليات شركة شخص واحد,95,MK006
2026-02-11,7257716479,33110.4,S132,مؤسسة الدائرة للنقليات,95,MK004
2026-02-11,7257716520,33004.8,S132,شركة النسيم الجديد المحدودة,95,MK018
2026-02-11,7257716540,33004.6,S132,شركة النسيم الجديد المحدودة,95,MK029
2026-02-11,7257708159,32986.9,S132,شركة النسيم الجديد المحدودة,91,MK003
2026-02-11,7257708170,33001.6,S132,شركة النسيم الجديد المحدودة,91,MK029
2026-02-11,7257708302,32992.8,S132,مؤسسة سامي بن سلمان بن عامر الصاعدي للنقليات,91,MK015
2026-02-11,7257708359,33009.4,S132,شركة النسيم الجديد المحدودة,91,MK007
2026-02-11,7257707424,32993.4,S132,شركة النسيم الجديد المحدودة,ديزل,MK007
2026-02-11,7257707367,31992.3,S132,شركة القوة المتجددة للوقود,ديزل,MK047
2026-02-11,7257708968,31993.8,S132,شركة القوة المتجددة للوقود,ديزل,MK014
2026-02-11,7257710544,33004.1,S132,شركة النسيم الجديد المحدودة,95,MK003
2026-02-11,7257710546,33003.4,S132,شركة النسيم الجديد المحدودة,95,MK008
2026-02-11,7257710549,33003.7,S132,شركة النسيم الجديد المحدودة,95,MK007
2026-02-11,7257707399,32001.8,S132,شركة القوة المتجددة للوقود,ديزل,MK031
2026-02-11,7257707379,31994.7,S132,شركة القوة المتجددة للوقود,ديزل,MK033
2026-02-11,7257716421,33001.4,S132,شركة نايف الدعجاني لنقل البضائع والمهمات شركة شخص واحد,91,MK028
2026-02-11,7257708199,33001.9,S132,شركة النسيم الجديد المحدودة,ديزل,MK008
2026-02-11,7257709034,32001.8,S132,شركة القوة المتجددة للوقود,ديزل,MK004
2026-02-11,7257715803,31999.0,S091,مؤسسه عفراء امحمد ناصر المنجحي للنقليات,95,JA061
2026-02-12,7257720169,32988.0,S132,شركة حسين زين العطاس وسعد عوض العصيمي وشركائهم,95,MK015
2026-02-12,7257709468,32001.8,S132,شركة القوة المتجددة للوقود,ديزل,MK022
2026-02-12,7257708326,32998.4,S132,شركة النسيم الجديد المحدودة,95,MK020
2026-02-12,7257707988,33005.3,S132,شركة النسيم الجديد المحدودة,95,MK007
2026-02-12,7257721052,33001.8,S132,شركة النسيم الجديد المحدودة,91,MK007
2026-02-12,7257720560,32001.8,S132,شركة القوة المتجددة للوقود,91,MK063
2026-02-12,7257719670,33001.5,S132,شركة النسيم الجديد المحدودة,91,MK023
2026-02-12,7257719659,33001.1,S132,شركة النسيم الجديد المحدودة,91,MK003
2026-02-12,7257719640,33001.4,S132,مؤسسة سامي بن سلمان بن عامر الصاعدي للنقليات,91,MK071
2026-02-12,7257719628,33007.3,S132,شركة النسيم الجديد المحدودة,91,MK072
2026-02-12,7257719577,33001.4,S132,مؤسسة الدائرة للنقليات,91,MK004
2026-02-12,7257707829,32004.2,S132,شركة القوة المتجددة للوقود,95,MK099
2026-02-12,7257719527,33001.5,S132,شركة نايف الدعجاني لنقل البضائع والمهمات شركة شخص واحد,91,MK046
2026-02-12,7257719552,32992.7,S132,شركة أسطول النادر للنقليات شركة شخص واحد,91,MK006
2026-02-12,7257719563,33001.7,S132,شركة أفق الطائف,91,MK017
2026-02-12,7257720118,31998.0,S091,Al-Nassar Transport Company,91,JA053
2026-02-12,7257720130,31998.0,S091,Al-Nassar Transport Company,91,JA069
2026-02-12,7257720406,31995.0,S091,Al-Nassar Transport Company,ديزل,JA061
2026-02-12,7257694576,31990.1,S184,شركة القوة المتجددة للوقود,95,RY075
2026-02-12,7257716254,32025.0,S012,محطة منير سفير المطيري,91,RY024
2026-02-12,7257716295,32003.3,S133,شركة القوة المتجددة للوقود,91,RY075
2026-02-13,7257729041,31979.0,S133,شركة القوة المتجددة للوقود,91,RY025
2026-02-13,7257698897,32010.9,S184,شركة القوة المتجددة للوقود,95,RY025
2026-02-13,7257706774,31990.9,S184,محطة منير سفير المطيري,95,RY042
2026-02-13,7257722108,31998.1,S142,مؤسسة مسار الطريق للنقليات,ديزل,QS055
2026-02-13,7257728921,32026.0,S012,محطة منير سفير المطيري,91,RY024
2026-02-14,7257729228,32034.0,S012,شركة القوة المتجددة للوقود,ديزل,RY075
2026-02-14,7257736972,31997.2,S133,شركة القوة المتجددة للوقود,95,RY075
2026-02-14,7257737012,32003.7,S142,مؤسسة مسار الطريق للنقليات,91,QS055
2026-02-12,7257727944,32989.8,S132,شركة نايف الدعجاني لنقل البضائع والمهمات شركة شخص واحد,95,MK046
2026-02-12,7257728045,32993.2,S132,شركة تزويد السعودية المحدودة,95,MK035
2026-02-12,7257728079,32998.8,S132,شركة أسطول النادر للنقليات شركة شخص واحد,95,MK028
2026-02-12,7257728119,33004.8,S132,مؤسسة الدائرة للنقليات,95,MK004
2026-02-12,7257728146,32993.7,S132,شركة النسيم الجديد المحدودة,95,MK031
2026-02-12,7257728200,32998.6,S132,شركة النسيم الجديد المحدودة,95,MK003
2026-02-12,7257728219,33003.9,S132,شركة النسيم الجديد المحدودة,95,MK007
2026-02-12,7257728270,33004.0,S132,مؤسسة سامي بن سلمان بن عامر الصاعدي للنقليات,95,MK015
2026-02-12,7257728297,33005.2,S132,شركة أفق الطائف,95,MK017
2026-02-12,7257728326,33003.7,S132,شركة أفق الطائف,95,MK001
2026-02-12,7257728344,32991.6,S132,شركة أفق الطائف,95,MK033
2026-02-12,7257716957,33001.7,S132,شركة النسيم الجديد المحدودة,ديزل,MK008
2026-02-12,7257716917,32992.0,S132,شركة النسيم الجديد المحدودة,ديزل,MK007
2026-02-12,7257719460,32002.0,S132,شركة القوة المتجددة للوقود,ديزل,MK046
2026-02-12,7257719476,32001.6,S132,شركة القوة المتجددة للوقود,ديزل,MK071
2026-02-12,7257719492,32001.5,S132,شركة القوة المتجددة للوقود,ديزل,MK004
2026-02-12,7257719508,32993.6,S132,شركة النسيم الجديد المحدودة,ديزل,MK007
2026-02-12,7257719538,33001.8,S132,شركة تزويد السعودية المحدودة,91,MK005
2026-02-12,7257716833,31992.8,S132,شركة القوة المتجددة للوقود,ديزل,MK029
2026-02-12,7257719740,32992.1,S132,شركة النسيم الجديد المحدودة,91,MK008
2026-02-12,7257720482,33001.6,S132,مؤسسة الدائرة للنقليات,91,MK047
2026-02-12,7257720552,32990.6,S132,شركة النسيم الجديد المحدودة,91,MK003
2026-02-12,7257722504,32990.2,S132,مؤسسة الدائرة للنقليات,95,MK047
2026-02-13,7257730794,33008.1,S132,شركة أفق الطائف,91,MK001
2026-02-13,7257718434,33004.7,S132,شركة حسين زين العطاس وسعد عوض العصيمي وشركائهم,95,MK093
2026-02-13,7257730956,32000.0,S091,Al-Nassar Transport Company,95,JA069
2026-02-13,7257730851,33002.0,S132,مؤسسة سامي بن سلمان بن عامر الصاعدي للنقليات,91,MK015
2026-02-13,7257730027,32986.8,S132,شركة النسيم الجديد المحدودة,91,MK018
2026-02-13,7257730014,32991.0,S132,شركة النسيم الجديد المحدودة,91,MK007
2026-02-13,7257730005,32992.1,S132,شركة النسيم الجديد المحدودة,91,MK020
2026-02-13,7257729994,33001.5,S132,شركة النسيم الجديد المحدودة,91,MK003
2026-02-13,7257729969,33002.0,S132,شركة النسيم الجديد المحدودة,91,MK072
2026-02-13,7257729938,33003.7,S132,شركة تزويد السعودية المحدودة,91,MK028
2026-02-13,7257729870,32989.7,S132,شركة نايف الدعجاني لنقل البضائع والمهمات شركة شخص واحد,91,MK046
2026-02-13,7257730967,33003.0,S132,شركة النسيم الجديد المحدودة,91,MK003
2026-02-13,7257730979,32002.8,S132,شركة القوة المتجددة للوقود,91,MK093
2026-02-13,7257730840,32989.8,S132,مؤسسة الدائرة للنقليات,91,MK004
2026-02-13,7257731108,31992.6,S132,شركة القوة المتجددة للوقود,91,MK014
2026-02-13,7257728421,32002.6,S132,شركة القوة المتجددة للوقود,ديزل,MK047
2026-02-13,7257728395,33002.0,S132,شركة النسيم الجديد المحدودة,ديزل,MK007
2026-02-13,7257727786,32998.2,S132,شركة النسيم الجديد المحدودة,95,MK003
2026-02-13,7257730821,33002.6,S132,شركة أفق الطائف,91,MK033
2026-02-13,7257730816,32981.9,S132,شركة أفق الطائف,91,MK022
2026-02-13,7257735571,33002.1,S132,شركة النسيم الجديد المحدودة,95,MK029
2026-02-13,7257735912,32988.8,S132,مؤسسة الدائرة للنقليات,95,MK047
2026-02-13,7257735600,33004.5,S132,مؤسسة سامي بن سلمان بن عامر الصاعدي للنقليات,95,MK071
2026-02-13,7257735714,31992.1,S132,شركة القوة المتجددة للوقود,ديزل,MK004
2026-02-13,7257735756,32001.2,S132,شركة القوة المتجددة للوقود,ديزل,MK035
2026-02-13,7257735568,33003.8,S132,شركة النسيم الجديد المحدودة,95,MK003
2026-02-13,7257735559,33003.5,S132,شركة أفق الطائف,95,MK022
2026-02-13,7257735552,32993.2,S132,شركة النسيم الجديد المحدودة,95,MK018
2026-02-13,7257735546,33004.9,S132,شركة النسيم الجديد المحدودة,95,MK016
2026-02-13,7257735530,32994.4,S132,شركة النسيم الجديد المحدودة,95,MK007
2026-02-13,7257735515,33002.8,S132,شركة النسيم الجديد المحدودة,95,MK020
2026-02-13,7257735508,33002.2,S132,شركة النسيم الجديد المحدودة,95,MK023
2026-02-13,7257735478,33003.6,S132,شركة نايف الدعجاني لنقل البضائع والمهمات شركة شخص واحد,95,MK063
2026-02-13,7257730937,33000.7,S132,شركة أسطول النادر للنقليات شركة شخص واحد,91,MK005
2026-02-13,7257729495,32993.2,S132,شركة النسيم الجديد المحدودة,ديزل,MK008
2026-02-13,7257729459,33001.6,S132,شركة النسيم الجديد المحدودة,ديزل,MK007
2026-02-13,7257729435,31994.9,S132,شركة القوة المتجددة للوقود,ديزل,MK004
2026-02-13,7257731031,33001.4,S132,شركة النسيم الجديد المحدودة,ديزل,MK008
2026-02-13,7257729420,32001.9,S132,شركة القوة المتجددة للوقود,ديزل,MK033
2026-02-13,7257729399,32001.6,S132,شركة القوة المتجددة للوقود,ديزل,MK068
2026-02-13,7257731083,32997.5,S132,شركة النسيم الجديد المحدودة,91,MK008
2026-02-13,7257727771,32998.3,S132,شركة النسيم الجديد المحدودة,95,MK072
2026-02-13,7257731196,33001.7,S132,شركة النسيم الجديد المحدودة,91,MK016
2026-02-13,7257731199,33002.0,S132,شركة النسيم الجديد المحدودة,91,MK072
2026-02-13,7257733104,31993.7,S132,شركة القوة المتجددة للوقود,95,MK068
2026-02-13,7257733216,33005.1,S132,مؤسسة الدائرة للنقليات,95,MK064
2026-02-13,7257735400,32596.1,S132,شركة تزويد السعودية المحدودة,95,MK028
2026-02-13,7257735449,33003.8,S132,شركة نايف الدعجاني لنقل البضائع والمهمات شركة شخص واحد,95,MK005
2026-02-13,7257735462,33004.8,S132,شركة أسطول النادر للنقليات شركة شخص واحد,95,MK006
2026-02-14,7257731092,33002.9,S132,مؤسسة سامي بن سلمان بن عامر الصاعدي للنقليات,91,MK015
2026-02-14,7257737547,32789.9,S132,شركة أفق الطائف,91,MK001
2026-02-14,7257737536,33002.7,S132,شركة النسيم الجديد المحدودة,91,MK003
2026-02-14,7257737530,32993.0,S132,شركة النسيم الجديد المحدودة,91,MK007
2026-02-14,7257737516,32992.5,S132,شركة النسيم الجديد المحدودة,91,MK019
2026-02-14,7257737506,33002.3,S132,شركة النسيم الجديد المحدودة,91,MK084
2026-02-14,7257737498,33001.3,S132,شركة النسيم الجديد المحدودة,91,MK029
2026-02-14,7257737488,33002.2,S132,شركة النسيم الجديد المحدودة,91,MK018
2026-02-14,7257736927,33003.2,S132,مؤسسة الدائرة للنقليات,91,MK047
2026-02-14,7257736915,33001.5,S132,مؤسسة الدائرة للنقليات,91,MK064
2026-02-14,7257736901,32986.6,S132,شركة تزويد السعودية المحدودة,91,MK006
2026-02-14,7257736895,32992.5,S132,شركة أسطول النادر للنقليات شركة شخص واحد,91,MK004
2026-02-14,7257731730,31994.7,S132,شركة القوة المتجددة للوقود,ديزل,MK033
2026-02-14,7257731735,32001.7,S132,شركة القوة المتجددة للوقود,ديزل,MK018
2026-02-14,7257731724,31991.4,S132,شركة القوة المتجددة للوقود,ديزل,MK004
2026-02-14,7257731709,31992.9,S132,شركة القوة المتجددة للوقود,ديزل,MK064
2026-02-14,7257731665,33001.6,S132,شركة النسيم الجديد المحدودة,ديزل,MK007
2026-02-14,7257736791,32001.5,S132,شركة القوة المتجددة للوقود,ديزل,MK022
2026-02-14,7257736794,31993.8,S132,شركة القوة المتجددة للوقود,ديزل,MK047
2026-02-14,7257736805,32001.8,S132,شركة القوة المتجددة للوقود,ديزل,MK029
2026-02-14,7257736854,31786.0,S132,شركة القوة المتجددة للوقود,91,MK068
2026-02-14,7257736870,33008.8,S132,شركة نايف الدعجاني لنقل البضائع والمهمات شركة شخص واحد,91,MK028
2026-02-14,7257736879,32005.0,S091,مؤسسه عفراء امحمد ناصر المنجحي للنقليات,95,JA060
2026-02-14,7257736875,31998.0,S091,شركة ناقلين المحدودة,91,JA061
2026-02-14,7257741296,32996.0,S132,شركة نايف الدعجاني لنقل البضائع والمهمات شركة شخص واحد,95,MK046
2026-02-14,7257742994,32992.8,S132,شركة تزويد السعودية المحدودة,95,MK004
2026-02-14,7257743111,33003.7,S132,شركة النسيم الجديد المحدودة,95,MK003
2026-02-14,7257743162,33003.1,S132,شركة النسيم الجديد المحدودة,95,MK072
2026-02-14,7257743832,32990.7,S132,شركة النسيم الجديد المحدودة,91,MK072
2026-02-14,7257743198,32991.4,S132,شركة النسيم الجديد المحدودة,91,MK016
2026-02-14,7257743292,33003.8,S132,شركة أفق الطائف,95,MK017
2026-02-14,7257743207,33002.0,S132,شركة النسيم الجديد المحدودة,91,MK031
2026-02-14,7257743216,32991.1,S132,شركة النسيم الجديد المحدودة,91,MK007
2026-02-14,7257743241,32991.0,S132,مؤسسة سامي بن سلمان بن عامر الصاعدي للنقليات,91,MK015
2026-02-14,7257743276,32991.3,S132,مؤسسة الدائرة للنقليات,95,MK047
2026-02-14,7257743685,32988.1,S132,شركة النسيم الجديد المحدودة,95,MK008
2026-02-14,7257731652,33004.0,S132,شركة النسيم الجديد المحدودة,95,MK007
2026-02-14,7257731688,33002.0,S132,شركة النسيم الجديد المحدودة,ديزل,MK007
2026-02-14,7257736833,32002.2,S132,شركة القوة المتجددة للوقود,ديزل,MK093
2026-02-14,7257736840,31954.1,S132,شركة القوة المتجددة للوقود,ديزل,MK014
2026-02-14,7257737589,32993.2,S132,شركة النسيم الجديد المحدودة,ديزل,MK008
2026-02-15,7257744050,32858.8,S132,شركة تزويد السعودية المحدودة,91,MK035
2026-02-15,7257744039,33002.1,S132,شركة أسطول النادر للنقليات شركة شخص واحد,91,MK063
2026-02-15,7257744014,33001.2,S132,شركة نايف الدعجاني لنقل البضائع والمهمات شركة شخص واحد,91,MK046
2026-02-15,7257743797,33001.6,S132,شركة النسيم الجديد المحدودة,91,MK003
2026-02-15,7257743786,32974.6,S132,شركة النسيم الجديد المحدودة,91,MK007
2026-02-15,7257743772,32999.1,S132,شركة النسيم الجديد المحدودة,91,MK029
2026-02-15,7257744761,33001.9,S132,شركة النسيم الجديد المحدودة,91,MK020
2026-02-15,7257744739,33003.1,S132,شركة أفق الطائف,91,MK033
2026-02-15,7257744702,33001.9,S132,شركة أفق الطائف,91,MK017
2026-02-15,7257744689,33002.0,S132,مؤسسة الدائرة للنقليات,91,MK004
2026-02-15,7257744657,32001.6,S132,شركة القوة المتجددة للوقود,91,MK100
2026-02-15,7257744639,32001.8,S132,شركة القوة المتجددة للوقود,ديزل,MK029
2026-02-15,7257744581,31992.5,S132,شركة القوة المتجددة للوقود,ديزل,MK004
2026-02-15,7257743363,32001.8,S132,شركة القوة المتجددة للوقود,ديزل,MK072
2026-02-15,7257743487,32002.1,S132,شركة القوة المتجددة للوقود,ديزل,MK046
2026-02-15,7257743510,32002.0,S132,شركة القوة المتجددة للوقود,ديزل,MK033
2026-02-15,7257743528,32992.8,S132,شركة النسيم الجديد المحدودة,ديزل,MK007
2026-02-15,7257745132,32000.0,S091,Al-Nassar Transport Company,95,JA069
2026-02-15,7257745161,31997.0,S091,Al-Nassar Transport Company,95,JA053
2026-02-15,7257745167,31997.0,S091,Al-Nassar Transport Company,91,JA069
2026-02-15,7257737029,31997.3,S142,مؤسسة مسار الطريق للنقليات,ديزل,QS055
2026-02-15,7257741568,32001.2,S142,مؤسسة مسار الطريق للنقليات,91,HA043
2026-02-13,7257731289,31989.0,S032,شركة هال للنقليات,91,EP051
2026-02-15,7257743831,32003.2,S032,شركة هال للنقليات,95,EP051
2026-02-13,7257731427,19986.8,S133,شركة القوة المتجددة للوقود,91,RY075
2026-02-15,7257716390,32009.4,S133,محطة منير سفير المطيري,95,RY024
2026-02-15,7257716370,32004.4,S133,شركة القوة المتجددة للوقود,95,RY075
2026-02-15,7257741481,32001.8,S142,مؤسسة مسار الطريق للنقليات,95,QS055
2026-02-16,7257744171,31996.3,S133,شركة القوة المتجددة للوقود,91,RY075
2026-02-16,7257744182,32011.2,S184,محطة منير سفير المطيري,95,RY025
2026-02-15,7257749093,32999.2,S132,شركة أسطول النادر للنقليات شركة شخص واحد,95,MK006
2026-02-15,7257749818,33001.8,S132,شركة أفق الطائف,91,MK001
2026-02-15,7257749365,33003.6,S132,مؤسسة سامي بن سلمان بن عامر الصاعدي للنقليات,95,MK015
2026-02-15,7257748774,33004.0,S132,شركة النسيم الجديد المحدودة,95,MK029
2026-02-15,7257748687,33003.5,S132,شركة النسيم الجديد المحدودة,95,MK007
2026-02-15,7257748700,33003.8,S132,شركة النسيم الجديد المحدودة,95,MK007
2026-02-15,7257748723,32998.2,S132,شركة النسيم الجديد المحدودة,95,MK016
2026-02-15,7257748853,33003.7,S132,شركة نايف الدعجاني لنقل البضائع والمهمات شركة شخص واحد,95,MK028
2026-02-15,7257748925,22004.2,S132,شركة أسطول النادر للنقليات شركة شخص واحد,95,MK007
2026-02-15,7257749169,33003.4,S132,شركة تزويد السعودية المحدودة,95,MK005
2026-02-15,7257748755,33003.3,S132,شركة النسيم الجديد المحدودة,95,MK020
2026-02-15,7257749236,32953.0,S132,مؤسسة الدائرة للنقليات,95,MK064
2026-02-15,7257749268,33004.4,S132,شركة أفق الطائف,95,MK001
2026-02-15,7257748899,32994.0,S132,شركة نايف الدعجاني لنقل البضائع والمهمات شركة شخص واحد,95,MK035
2026-02-15,7257744755,33001.0,S132,شركة النسيم الجديد المحدودة,91,MK072
2026-02-15,7257743139,33004.3,S132,شركة النسيم الجديد المحدودة,95,MK003
2026-02-15,7257743157,32999.5,S132,شركة النسيم الجديد المحدودة,95,MK084
2026-02-15,7257743546,32990.8,S132,شركة النسيم الجديد المحدودة,ديزل,MK008
2026-02-15,7257744617,31994.6,S132,شركة القوة المتجددة للوقود,ديزل,MK033
2026-02-15,7257744727,32990.6,S132,مؤسسة الدائرة للنقليات,91,MK047
2026-02-15,7257744748,33001.4,S132,شركة النسيم الجديد المحدودة,91,MK008
2026-02-15,7257753291,31995.0,S091,شركة ناقلين المحدودة,ديزل,JA061
2026-02-16,7257754540,32002.0,S132,شركة القوة المتجددة للوقود,91,MK046
2026-02-16,7257754578,33001.4,S132,مؤسسة الدائرة للنقليات,91,MK004
2026-02-16,7257754809,32992.4,S132,شركة أسطول النادر للنقليات شركة شخص واحد,91,MK005
2026-02-16,7257754839,33007.1,S132,شركة أفق الطائف,91,MK022
2026-02-16,7257753724,33008.0,S132,مؤسسة سامي بن سلمان بن عامر الصاعدي للنقليات,91,MK071
2026-02-16,7257753744,32981.8,S132,شركة النسيم الجديد المحدودة,91,MK016
2026-02-16,7257753753,32991.4,S132,شركة النسيم الجديد المحدودة,91,MK007
2026-02-16,7257753762,33002.9,S132,شركة النسيم الجديد المحدودة,91,MK018
2026-02-16,7257753773,32992.6,S132,شركة النسيم الجديد المحدودة,91,MK003
2026-02-16,7257753787,33001.8,S132,شركة نايف الدعجاني لنقل البضائع والمهمات شركة شخص واحد,91,MK028
2026-02-16,7257753698,32990.5,S132,شركة النسيم الجديد المحدودة,91,MK023
2026-02-16,7257753666,33001.6,S132,شركة النسيم الجديد المحدودة,ديزل,MK007
2026-02-16,7257753431,31990.5,S132,شركة القوة المتجددة للوقود,ديزل,MK046
2026-02-16,7257753391,32002.1,S132,شركة القوة المتجددة للوقود,ديزل,MK029
2026-02-16,7257754827,31998.0,S091,مؤسسه عفراء امحمد ناصر المنجحي للنقليات,95,JA056
2026-02-16,7257754793,31995.0,S091,Al-Nassar Transport Company,ديزل,JA053
2026-02-16,7257754879,32992.5,S132,شركة النسيم الجديد المحدودة,91,MK072
2026-02-16,7257757048,33005.1,S132,شركة النسيم الجديد المحدودة,95,MK003
2026-02-16,7257760088,33002.0,S132,شركة النسيم الجديد المحدودة,95,MK007
2026-02-16,7257760036,32989.2,S132,شركة تزويد السعودية المحدودة,95,MK004
2026-02-16,7257760078,32999.0,S132,مؤسسة سامي بن سلمان بن عامر الصاعدي للنقليات,95,MK015
2026-02-16,7257760106,32999.9,S132,شركة النسيم الجديد المحدودة,95,MK016
2026-02-16,7257752098,33014.5,S132,شركة النسيم الجديد المحدودة,ديزل,MK008
2026-02-16,7257760115,32993.2,S132,شركة النسيم الجديد المحدودة,95,MK023
2026-02-16,7257760132,33002.0,S132,شركة النسيم الجديد المحدودة,95,MK003
2026-02-16,7257760178,32004.7,S132,شركة القوة المتجددة للوقود,95,MK068
2026-02-16,7257760231,32992.5,S132,شركة أفق الطائف,95,MK001
2026-02-16,7257760528,32970.1,S132,شركة أفق الطائف,95,MK033
2026-02-16,7257760616,33001.6,S132,مؤسسة سامي بن سلمان بن عامر الصاعدي للنقليات,91,MK015
2026-02-16,7257759999,32998.3,S132,شركة نايف الدعجاني لنقل البضائع والمهمات شركة شخص واحد,95,MK063
2026-02-16,7257754872,32992.4,S132,شركة النسيم الجديد المحدودة,91,MK008
2026-02-16,7257754854,32993.5,S132,شركة النسيم الجديد المحدودة,ديزل,MK007
2026-02-16,7257753417,32002.3,S132,شركة القوة المتجددة للوقود,ديزل,MK033
2026-02-16,7257754486,33001.0,S132,شركة تزويد السعودية المحدودة,91,MK006
2026-02-16,7257753478,32001.5,S132,شركة القوة المتجددة للوقود,ديزل,MK004
2026-02-16,7257753516,32001.8,S132,شركة القوة المتجددة للوقود,ديزل,MK014
2026-02-16,7257753536,31992.8,S132,شركة القوة المتجددة للوقود,ديزل,MK047
2026-02-17,7257762318,33001.9,S132,مؤسسة الدائرة للنقليات,91,MK064
2026-02-17,7257762333,33001.8,S132,شركة النسيم الجديد المحدودة,91,MK072
2026-02-17,7257762366,33001.8,S132,شركة أفق الطائف,91,MK017
2026-02-17,7257762390,32994.8,S132,شركة النسيم الجديد المحدودة,91,MK007
2026-02-17,7257762417,33001.3,S132,شركة النسيم الجديد المحدودة,91,MK003
2026-02-17,7257762435,33008.0,S132,شركة النسيم الجديد المحدودة,91,MK029
2026-02-17,7257762612,32991.1,S132,شركة النسيم الجديد المحدودة,91,MK016
2026-02-17,7257763166,33008.6,S132,شركة أفق الطائف,91,MK033
2026-02-17,7257763180,32009.3,S132,شركة القوة المتجددة للوقود,91,MK068
2026-02-17,7257763224,31993.9,S132,شركة القوة المتجددة للوقود,91,MK093
2026-02-17,7257763256,32001.7,S132,شركة القوة المتجددة للوقود,91,MK099
2026-02-17,7257763270,32001.5,S132,شركة أسطول النادر للنقليات شركة شخص واحد,91,MK005
2026-02-17,7257762292,33001.5,S132,مؤسسة الدائرة للنقليات,91,MK047
2026-02-17,7257762266,33001.6,S132,شركة تزويد السعودية المحدودة,91,MK006
2026-02-17,7257762242,32993.0,S132,شركة نايف الدعجاني لنقل البضائع والمهمات شركة شخص واحد,91,MK028
2026-02-16,7257745690,32023.0,S012,شركة القوة المتجددة للوقود,91,RY075
2026-02-16,7257751725,31996.3,S133,شركة القوة المتجددة للوقود,95,RY024
2026-02-17,7257762744,32027.0,S012,محطة منير سفير المطيري,91,RY025
2026-02-17,7257744194,32011.0,S184,شركة القوة المتجددة للوقود,95,RY075
2026-02-17,7257744201,32033.7,S184,محطة منير سفير المطيري,95,RY042
2026-02-17,7257751588,32047.6,S142,مؤسسة مسار الطريق للنقليات,95,HA043
2026-02-17,7257754782,32007.4,S133,شركة القوة المتجددة للوقود,91,RY075
2026-02-17,7257761373,32992.3,S132,شركة النسيم الجديد المحدودة,95,MK003
2026-02-17,7257762109,33002.2,S132,شركة النسيم الجديد المحدودة,ديزل,MK008
2026-02-17,7257762083,32992.4,S132,شركة النسيم الجديد المحدودة,ديزل,MK007
2026-02-17,7257762064,33001.5,S132,شركة النسيم الجديد المحدودة,ديزل,MK007
2026-02-17,7257761979,32002.3,S132,شركة القوة المتجددة للوقود,ديزل,MK028
2026-02-17,7257761957,31992.0,S132,شركة القوة المتجددة للوقود,ديزل,MK046
2026-02-17,7257761926,32001.4,S132,شركة القوة المتجددة للوقود,ديزل,MK063
2026-02-17,7257761906,32002.2,S132,شركة القوة المتجددة للوقود,ديزل,MK031
2026-02-17,7257761878,32001.3,S132,شركة القوة المتجددة للوقود,ديزل,MK064
2026-02-17,7257761857,32002.5,S132,شركة القوة المتجددة للوقود,ديزل,MK072
2026-02-17,7257763303,32979.0,S132,شركة النسيم الجديد المحدودة,91,MK020
2026-02-17,7257763297,33001.9,S132,شركة النسيم الجديد المحدودة,91,MK007
2026-02-17,7257763287,32975.7,S132,شركة أفق الطائف,91,MK001
2026-02-17,7257768980,31997.0,S091,مؤسسه عفراء امحمد ناصر المنجحي للنقليات,91,JA060
2026-02-17,7257769088,31997.0,S091,Al-Nassar Transport Company,91,JA053
2026-02-17,7257773819,33011.5,S183,شركة النسيم الجديد المحدودة,95,MK007
2026-02-18,7257775207,31992.3,S132,شركة القوة المتجددة للوقود,91,MK035
2026-02-18,7257774238,32001.5,S132,شركة القوة المتجددة للوقود,91,MK063
2026-02-18,7257774033,32002.3,S132,شركة القوة المتجددة للوقود,ديزل,MK047
2026-02-18,7257774011,31993.7,S132,شركة القوة المتجددة للوقود,ديزل,MK007
2026-02-18,7257770154,31992.2,S132,شركة النسيم الجديد المحدودة,ديزل,MK008
2026-02-18,7257774381,31999.0,S091,Al-Nassar Transport Company,91,JA069
2026-02-18,7257774371,31996.0,S091,Al-Nassar Transport Company,95,JA061
2026-02-18,7257774302,31994.0,S091,Al-Nassar Transport Company,ديزل,JA069
2026-02-18,7257769112,31997.0,S091,مؤسسه عفراء امحمد ناصر المنجحي للنقليات,91,JA056
2026-02-18,7257773856,33000.8,S183,شركة النسيم الجديد المحدودة,95,MK003
2026-02-17,7257768330,33004.5,S132,شركة النسيم الجديد المحدودة,95,MK008
2026-02-17,7257768783,32991.9,S132,شركة نايف الدعجاني لنقل البضائع والمهمات شركة شخص واحد,95,MK005
2026-02-17,7257768787,32998.5,S132,شركة النسيم الجديد المحدودة,95,MK072
2026-02-17,7257768788,33004.3,S132,شركة النسيم الجديد المحدودة,95,MK007
2026-02-17,7257768790,32999.3,S132,شركة النسيم الجديد المحدودة,95,MK047
2026-02-17,7257768792,33090.2,S132,شركة أفق الطائف,95,MK017
2026-02-17,7257768884,32973.9,S132,شركة أسطول النادر للنقليات شركة شخص واحد,91,MK003
2026-02-17,7257768886,32991.5,S132,شركة أفق الطائف,91,MK001
2026-02-17,7257768887,33002.0,S132,شركة النسيم الجديد المحدودة,91,MK031
2026-02-17,7257768889,33001.6,S132,شركة النسيم الجديد المحدودة,91,MK003
2026-02-18,7257772503,32001.4,S132,شركة القوة المتجددة للوقود,ديزل,MK014
2026-02-18,7257772543,32002.3,S132,شركة القوة المتجددة للوقود,ديزل,MK035
2026-02-18,7257772845,32980.5,S132,شركة النسيم الجديد المحدودة,91,MK072
2026-02-18,7257772908,33002.9,S132,شركة النسيم الجديد المحدودة,91,MK007
2026-02-18,7257772935,32989.9,S132,شركة النسيم الجديد المحدودة,91,MK023
2026-02-18,7257772952,32992.9,S132,شركة النسيم الجديد المحدودة,91,MK084
2026-02-18,7257772976,32992.7,S132,شركة النسيم الجديد المحدودة,91,MK003
2026-02-18,7257773042,33001.2,S132,شركة النسيم الجديد المحدودة,91,MK018
2026-02-18,7257773070,33002.0,S132,شركة النسيم الجديد المحدودة,91,MK008
2026-02-18,7257773078,33001.4,S132,شركة أفق الطائف,91,MK017
2026-02-18,7257773097,33001.8,S132,مؤسسة سامي بن سلمان بن عامر الصاعدي للنقليات,91,MK015
2026-02-18,7257773144,33002.6,S132,شركة أسطول النادر للنقليات شركة شخص واحد,91,MK005
2026-02-18,7257773165,33001.7,S132,شركة تزويد السعودية المحدودة,91,MK006
2026-02-18,7257773173,33007.3,S132,شركة نايف الدعجاني لنقل البضائع والمهمات شركة شخص واحد,91,MK046
2026-02-18,7257776723,33004.1,S132,شركة نايف الدعجاني لنقل البضائع والمهمات شركة شخص واحد,95,MK028
2026-02-18,7257776724,33004.8,S132,شركة أفق الطائف,95,MK001
2026-02-18,7257776736,32004.0,S132,شركة القوة المتجددة للوقود,95,MK014
2026-02-17,7257762742,31989.0,S032,شركة هال للنقليات,91,EP051
2026-02-18,7257775438,33001.4,S132,مؤسسة الدائرة للنقليات,91,MK004
2026-02-18,7257781962,31992.1,S132,شركة القوة المتجددة للوقود,91,MK014
2026-02-18,7257782101,32893.4,S132,شركة النسيم الجديد المحدودة,91,MK015
2026-02-18,7257771239,32993.6,S132,شركة النسيم الجديد المحدودة,ديزل,MK033
2026-02-18,7257773897,32992.4,S132,شركة النسيم الجديد المحدودة,ديزل,MK007
2026-02-18,7257773923,33001.5,S132,شركة النسيم الجديد المحدودة,ديزل,MK008
2026-02-18,7257774152,32001.3,S132,شركة القوة المتجددة للوقود,ديزل,MK100
2026-02-18,7257774187,31992.9,S132,شركة القوة المتجددة للوقود,ديزل,MK022
2026-02-18,7257782127,31998.0,S091,شركة ناقلين المحدودة,91,JA061
2026-02-19,7257776585,31991.7,S132,شركة القوة المتجددة للوقود,ديزل,MK064
2026-02-19,7257776602,32001.6,S132,شركة القوة المتجددة للوقود,ديزل,MK046
2026-02-19,7257782550,31991.2,S132,شركة القوة المتجددة للوقود,ديزل,MK071
2026-02-19,7257782662,31992.2,S132,شركة القوة المتجددة للوقود,ديزل,MK004
2026-02-19,7257776578,33002.0,S132,شركة النسيم الجديد المحدودة,ديزل,MK084
2026-02-19,7257776576,32991.4,S132,شركة النسيم الجديد المحدودة,ديزل,MK033
2026-02-19,7257776568,31993.1,S132,شركة القوة المتجددة للوقود,ديزل,MK029
2026-02-19,7257776562,32002.3,S132,شركة القوة المتجددة للوقود,ديزل,MK033
2026-02-19,7257776657,31994.0,S091,Al-Nassar Transport Company,95,JA069
2026-02-19,7257786058,33001.7,S132,شركة النسيم الجديد المحدودة,91,MK072
2026-02-19,7257786051,32990.7,S132,شركة النسيم الجديد المحدودة,91,MK008
2026-02-19,7257786041,33001.6,S132,شركة النسيم الجديد المحدودة,91,MK002
2026-02-19,7257782702,33017.7,S132,شركة النسيم الجديد المحدودة,ديزل,MK008
2026-02-19,7257782674,32001.7,S132,شركة القوة المتجددة للوقود,ديزل,MK014
2026-02-20,7257794422,31997.0,S091,Al-Nassar Transport Company,ديزل,JA056
2026-02-20,7257776540,31995.0,S091,Al-Nassar Transport Company,95,JA053
2026-02-20,7257794465,33001.5,S132,مؤسسة الدائرة للنقليات,91,MK064
2026-02-20,7257794468,31990.3,S132,شركة القوة المتجددة للوقود,95,MK099
2026-02-20,7257791679,32001.3,S132,شركة القوة المتجددة للوقود,ديزل,MK004
2026-02-20,7257791519,32002.2,S132,شركة القوة المتجددة للوقود,ديزل,MK007
2026-02-20,7257794470,32003.8,S132,شركة القوة المتجددة للوقود,95,MK093
2026-02-20,7257792181,31991.1,S132,شركة القوة المتجددة للوقود,ديزل,MK047
2026-02-20,7257794515,33009.1,S132,شركة النسيم الجديد المحدودة,91,MK072
2026-02-20,7257798889,33001.6,S132,شركة النسيم الجديد المحدودة,ديزل,MK007
2026-02-20,7257792242,32002.3,S132,شركة القوة المتجددة للوقود,ديزل,MK029
2026-02-20,7257786027,33003.6,S132,شركة أفق الطائف,95,MK017
2026-02-20,7257776515,32989.4,S132,شركة النسيم الجديد المحدودة,95,MK019
2026-02-20,7257776511,33003.6,S132,شركة النسيم الجديد المحدودة,95,MK018
2026-02-20,7257792294,32002.2,S132,شركة القوة المتجددة للوقود,ديزل,MK022
2026-02-20,7257792151,32002.1,S132,شركة القوة المتجددة للوقود,ديزل,MK004
2026-02-21,7257799726,33003.9,S132,شركة تزويد السعودية المحدودة,91,MK046
2026-02-21,7257799730,33007.3,S132,شركة أفق الطائف,91,MK017
2026-02-21,7257795937,31993.0,S132,شركة القوة المتجددة للوقود,ديزل,MK046
2026-02-21,7257795933,32001.5,S132,شركة القوة المتجددة للوقود,ديزل,MK004
2026-02-21,7257795930,31991.2,S132,شركة القوة المتجددة للوقود,ديزل,MK072
2026-02-21,7257799893,32990.5,S132,شركة النسيم الجديد المحدودة,ديزل,MK033
2026-02-18,7257745838,32010.2,S184,شركة القوة المتجددة للوقود,95,RY075
2026-02-18,7257773491,32024.0,S012,محطة منير سفير المطيري,91,RY024
2026-02-19,7257773548,32005.0,S012,محطة منير سفير المطيري,ديزل,RY042
2026-02-19,7257773566,31985.7,S133,شركة القوة المتجددة للوقود,91,RY075
2026-02-19,7257783833,32028.0,S012,محطة منير سفير المطيري,91,RY025
2026-02-19,7257781520,31985.4,S133,شركة القوة المتجددة للوقود,91,RY042
2026-02-20,7257794150,31979.4,S133,شركة القوة المتجددة للوقود,91,RY024
2026-02-21,7257793834,32000.1,S142,مؤسسة مسار الطريق للنقليات,91,QS055
2026-02-21,7257799107,32003.6,S142,مؤسسة مسار الطريق للنقليات,91,HA043
2026-02-21,7257794016,31991.2,S184,محطة منير سفير المطيري,95,RY025
2026-02-18,7257772294,33000.0,S132,شركة النسيم الجديد المحدودة,95,MK084
2026-02-19,7257772769,33004.0,S132,شركة النسيم الجديد المحدودة,95,MK007
2026-02-18,7257773190,33001.7,S132,شركة النسيم الجديد المحدودة,91,MK007
2026-02-18,7257773208,32993.0,S132,شركة النسيم الجديد المحدودة,91,MK003
2026-02-20,7257773341,33004.5,S132,شركة النسيم الجديد المحدودة,95,MK072
2026-02-20,7257773363,33003.3,S132,شركة النسيم الجديد المحدودة,95,MK007
2026-02-20,7257773400,33014.5,S132,شركة النسيم الجديد المحدودة,95,MK020
2026-02-18,7257776698,32993.9,S132,شركة النسيم الجديد المحدودة,95,MK029
2026-02-18,7257776699,33002.3,S132,شركة النسيم الجديد المحدودة,95,MK003
2026-02-18,7257776701,33003.6,S132,مؤسسة سامي بن سلمان بن عامر الصاعدي للنقليات,95,MK015
2026-02-18,7257776717,32992.5,S132,شركة تزويد السعودية المحدودة,95,MK004
2026-02-18,7257776727,33000.4,S132,مؤسسة الدائرة للنقليات,95,MK047
2026-02-18,7257776731,33090.5,S132,مؤسسة الدائرة للنقليات,95,MK006
2026-02-19,7257776741,31999.1,S132,شركة القوة المتجددة للوقود,95,MK068
2026-02-19,7257776753,31989.9,S132,شركة القوة المتجددة للوقود,95,MK046
2026-02-19,7257776756,33000.5,S132,شركة النسيم الجديد المحدودة,95,MK008
2026-02-19,7257776761,33004.4,S132,شركة النسيم الجديد المحدودة,95,MK003
2026-02-19,7257776766,32991.8,S132,شركة أفق الطائف,95,MK022
2026-02-19,7257776771,32993.6,S132,شركة النسيم الجديد المحدودة,ديزل,MK018
2026-02-19,7257776779,33001.7,S132,شركة النسيم الجديد المحدودة,ديزل,MK007
2026-02-19,7257776794,33001.6,S132,شركة النسيم الجديد المحدودة,91,MK072
2026-02-19,7257776797,33001.7,S132,شركة النسيم الجديد المحدودة,91,MK007
2026-02-19,7257776804,32992.1,S132,شركة النسيم الجديد المحدودة,91,MK016
2026-02-19,7257776810,32988.6,S132,شركة النسيم الجديد المحدودة,91,MK020
2026-02-19,7257776811,33006.8,S132,شركة النسيم الجديد المحدودة,91,MK029
2026-02-19,7257782793,33004.9,S132,مؤسسة الدائرة للنقليات,95,MK004
2026-02-19,7257782861,33002.3,S132,شركة النسيم الجديد المحدودة,91,MK003
2026-02-19,7257782924,33001.6,S132,شركة نايف الدعجاني لنقل البضائع والمهمات شركة شخص واحد,91,MK005
2026-02-19,7257782997,33002.0,S132,شركة أفق الطائف,91,MK001
2026-02-19,7257783041,32990.7,S132,شركة أفق الطائف,91,MK033
2026-02-19,7257783063,32994.2,S132,مؤسسة سامي بن سلمان بن عامر الصاعدي للنقليات,91,MK071
2026-02-19,7257783083,33002.1,S132,مؤسسة الدائرة للنقليات,91,MK047
2026-02-19,7257783104,33001.5,S132,مؤسسة الدائرة للنقليات,91,MK004
2026-02-19,7257783146,33007.9,S132,شركة تزويد السعودية المحدودة,91,MK006
2026-02-19,7257783158,32980.2,S132,مؤسسة سامي بن سلمان بن عامر الصاعدي للنقليات,91,MK015
2026-02-19,7257783184,32001.8,S132,شركة القوة المتجددة للوقود,91,MK093
2026-02-19,7257783237,33004.6,S132,شركة أسطول النادر للنقليات شركة شخص واحد,95,MK004
2026-02-19,7257783252,33004.5,S132,شركة تزويد السعودية المحدودة,95,MK005
2026-02-19,7257783274,32990.2,S132,مؤسسة سامي بن سلمان بن عامر الصاعدي للنقليات,95,MK071
2026-02-20,7257783283,33003.9,S132,شركة تزويد السعودية المحدودة,95,MK006
2026-02-20,7257783305,32997.8,S132,شركة تزويد السعودية المحدودة,95,MK028
2026-02-21,7257783340,31997.0,S132,شركة القوة المتجددة للوقود,95,MK063
2026-02-21,7257783371,32004.9,S132,شركة القوة المتجددة للوقود,95,MK005
2026-02-21,7257783380,33013.8,S132,شركة النسيم الجديد المحدودة,95,MK007
2026-02-21,7257783386,33004.2,S132,شركة النسيم الجديد المحدودة,95,MK003
2026-02-21,7257783395,33003.9,S132,شركة النسيم الجديد المحدودة,95,MK016
2026-02-21,7257783409,32998.6,S132,شركة النسيم الجديد المحدودة,95,MK031
2026-02-21,7257783417,33004.0,S132,شركة النسيم الجديد المحدودة,95,MK029
2026-02-21,7257783425,33006.1,S132,شركة أفق الطائف,95,MK020
2026-02-21,7257783433,33001.2,S132,شركة النسيم الجديد المحدودة,95,MK003
2026-02-20,7257783456,33001.6,S132,شركة النسيم الجديد المحدودة,91,MK018
2026-02-20,7257783465,32980.2,S132,شركة النسيم الجديد المحدودة,91,MK016
2026-02-20,7257783476,32991.4,S132,شركة النسيم الجديد المحدودة,91,MK003
2026-02-20,7257783482,32993.4,S132,شركة النسيم الجديد المحدودة,91,MK029
2026-02-20,7257783546,32994.2,S132,شركة النسيم الجديد المحدودة,ديزل,MK007
2026-02-20,7257792594,33001.7,S132,شركة النسيم الجديد المحدودة,91,MK007
2026-02-20,7257792612,32979.6,S132,شركة النسيم الجديد المحدودة,91,MK033
2026-02-20,7257792637,32992.2,S132,شركة النسيم الجديد المحدودة,91,MK003
2026-02-20,7257793121,32002.2,S132,شركة القوة المتجددة للوقود,91,MK004
2026-02-20,7257793141,32001.4,S132,شركة القوة المتجددة للوقود,91,MK063
2026-02-20,7257793181,32001.4,S132,شركة القوة المتجددة للوقود,91,MK028
2026-02-20,7257793436,33001.4,S132,شركة أفق الطائف,91,MK001
2026-02-20,7257793478,32992.5,S132,شركة أفق الطائف,91,MK022
2026-02-20,7257793643,31989.9,S132,شركة القوة المتجددة للوقود,95,MK100
2026-02-21,7257795281,33012.9,S132,شركة النسيم الجديد المحدودة,91,MK007
2026-02-21,7257795288,33007.0,S132,شركة النسيم الجديد المحدودة,91,MK002
2026-02-21,7257795346,33001.5,S132,شركة النسيم الجديد المحدودة,91,MK084
2026-02-21,7257795951,33001.9,S132,شركة النسيم الجديد المحدودة,91,MK003
2026-02-21,7257795955,33007.7,S132,شركة النسيم الجديد المحدودة,91,MK008
2026-02-21,7257795989,31996.5,S132,شركة القوة المتجددة للوقود,91,MK028
2026-02-21,7257795997,31993.0,S132,شركة القوة المتجددة للوقود,91,MK014
2026-02-21,7257796004,32003.9,S132,شركة القوة المتجددة للوقود,91,MK005
2026-02-21,7257796009,31981.4,S132,شركة القوة المتجددة للوقود,91,MK004
2026-02-20,7257797279,33003.4,S132,مؤسسة الدائرة للنقليات,95,MK064
2026-02-21,7257797315,32992.2,S132,شركة النسيم الجديد المحدودة,ديزل,MK007
2026-02-21,7257797326,32991.5,S132,شركة النسيم الجديد المحدودة,ديزل,MK007
2026-02-20,7257798725,33003.6,S132,شركة تزويد السعودية المحدودة,95,MK035
2026-02-20,7257798739,33003.7,S132,مؤسسة سامي بن سلمان بن عامر الصاعدي للنقليات,95,MK015
2026-02-20,7257799309,33004.0,S132,شركة أفق الطائف,95,MK001
2026-02-20,7257799318,33004.7,S132,شركة أفق الطائف,95,MK033
2026-02-21,7257799357,33001.6,S132,مؤسسة الدائرة للنقليات,91,MK047
2026-02-21,7257801632,33004.0,S132,شركة أفق الطائف,95,MK022
2026-02-21,7257801604,31989.9,S132,شركة القوة المتجددة للوقود,95,MK046
2026-02-21,7257803734,33002.3,S132,شركة النسيم الجديد المحدودة,91,MK072
2026-02-21,7257804414,33011.9,S132,مؤسسة سامي بن سلمان بن عامر الصاعدي للنقليات,91,MK015
2026-02-21,7257799743,32993.2,S132,شركة أفق الطائف,91,MK001
2026-02-22,7257799939,31992.7,S132,شركة القوة المتجددة للوقود,ديزل,MK035
2026-02-22,7257799929,31991.5,S132,شركة القوة المتجددة للوقود,ديزل,MK004
2026-02-22,7257799923,32002.9,S132,شركة القوة المتجددة للوقود,ديزل,MK047
2026-02-22,7257799770,32001.8,S132,شركة القوة المتجددة للوقود,ديزل,MK029
2026-02-22,7257807057,32005.0,S132,شركة القوة المتجددة للوقود,95,MK014
2026-02-22,7257807056,32001.7,S132,شركة القوة المتجددة للوقود,ديزل,MK014
2026-02-22,7257804510,32992.8,S132,شركة النسيم الجديد المحدودة,91,MK003
2026-02-22,7257805671,33004.8,S132,شركة النسيم الجديد المحدودة,95,MK007
2026-02-22,7257804486,32990.7,S132,شركة النسيم الجديد المحدودة,95,MK008
2026-02-22,7257799942,31991.7,S132,شركة القوة المتجددة للوقود,ديزل,MK046
2026-02-22,7257807058,32000.0,S091,مؤسسه عفراء امحمد ناصر المنجحي للنقليات,ديزل,JA061
2026-02-23,7257806459,32001.6,S132,شركة القوة المتجددة للوقود,ديزل,MK029
2026-02-23,7257806450,32002.4,S132,شركة القوة المتجددة للوقود,ديزل,MK022
2026-02-23,7257806446,31995.0,S132,شركة القوة المتجددة للوقود,ديزل,MK047
2026-02-23,7257806442,31994.2,S132,شركة القوة المتجددة للوقود,ديزل,MK064
2026-02-23,7257806338,32991.3,S132,شركة النسيم الجديد المحدودة,ديزل,MK007
2026-02-23,7257806272,32002.9,S132,شركة القوة المتجددة للوقود,91,MK014
2026-02-23,7257811588,31992.0,S091,شركة ناقلين المحدودة,95,JA061
2026-02-21,7257793813,32007.0,S012,محطة منير سفير المطيري,ديزل,RY025
2026-02-21,7257793850,32002.0,S142,مؤسسة مسار الطريق للنقليات,95,QS055
2026-02-21,7257794269,31988.9,S133,شركة القوة المتجددة للوقود,91,RY075
2026-02-21,7257799185,31991.1,S184,محطة منير سفير المطيري,95,RY024
2026-02-23,7257805273,31997.0,S142,مؤسسة مسار الطريق للنقليات,ديزل,QS055
2026-02-21,7257783351,32041.1,S132,شركة القوة المتجددة للوقود,95,MK004
2026-02-21,7257795965,33001.4,S132,شركة النسيم الجديد المحدودة,91,MK020
2026-02-21,7257795967,33002.5,S132,شركة النسيم الجديد المحدودة,91,MK016
2026-02-21,7257795984,31972.3,S132,شركة القوة المتجددة للوقود,91,MK068
2026-02-22,7257799326,33004.1,S132,شركة النسيم الجديد المحدودة,95,MK003
2026-02-22,7257799332,33005.0,S132,شركة النسيم الجديد المحدودة,95,MK023
2026-02-22,7257799337,32993.5,S132,شركة النسيم الجديد المحدودة,95,MK007
2026-02-22,7257799343,33006.6,S132,شركة النسيم الجديد المحدودة,95,MK072
2026-02-22,7257799348,31989.8,S132,شركة القوة المتجددة للوقود,95,MK004
2026-02-22,7257799354,32004.6,S132,شركة القوة المتجددة للوقود,95,MK006
2026-02-22,7257800639,32991.0,S132,شركة النسيم الجديد المحدودة,ديزل,MK007
2026-02-22,7257800661,32994.4,S132,شركة النسيم الجديد المحدودة,ديزل,MK033
2026-02-22,7257800678,33002.2,S132,شركة النسيم الجديد المحدودة,ديزل,MK007
2026-02-22,7257800693,33005.3,S132,شركة النسيم الجديد المحدودة,91,MK007
2026-02-22,7257800697,33002.0,S132,شركة النسيم الجديد المحدودة,91,MK072
2026-02-22,7257800705,32975.9,S132,شركة النسيم الجديد المحدودة,91,MK018
2026-02-22,7257800718,32911.1,S132,شركة النسيم الجديد المحدودة,91,MK003
2026-02-22,7257800721,32001.7,S132,شركة القوة المتجددة للوقود,91,MK004
2026-02-22,7257800725,32001.8,S132,شركة القوة المتجددة للوقود,91,MK035
2026-02-23,7257800737,33004.6,S132,شركة النسيم الجديد المحدودة,95,MK007
2026-02-23,7257800741,33004.1,S132,شركة النسيم الجديد المحدودة,95,MK016
2026-02-23,7257800767,32989.7,S132,شركة النسيم الجديد المحدودة,95,MK029
2026-02-21,7257801622,33003.8,S132,شركة تزويد السعودية المحدودة,95,MK028
2026-02-21,7257804552,33027.1,S132,مؤسسة سامي بن سلمان بن عامر الصاعدي للنقليات,95,MK015
2026-02-22,7257804838,33002.6,S132,مؤسسة الدائرة للنقليات,95,MK047
2026-02-22,7257804941,33002.1,S132,شركة أفق الطائف,91,MK022
2026-02-22,7257805073,32002.0,S132,شركة القوة المتجددة للوقود,91,MK028
2026-02-22,7257805092,32001.8,S132,شركة القوة المتجددة للوقود,91,MK006
2026-02-22,7257805418,33001.7,S132,شركة النسيم الجديد المحدودة,91,MK029
2026-02-22,7257805434,33001.7,S132,شركة النسيم الجديد المحدودة,91,MK023
2026-02-22,7257806178,32990.0,S132,شركة تزويد السعودية المحدودة,95,MK005
2026-02-23,7257810855,33002.9,S132,شركة أفق الطائف,95,MK001
2026-02-23,7257810899,33003.8,S132,شركة أفق الطائف,95,MK017
2026-02-23,7257810956,32997.6,S132,شركة النسيم الجديد المحدودة,95,MK003
2026-02-22,7257811476,33000.0,S132,مؤسسة سامي بن سلمان بن عامر الصاعدي للنقليات,91,MK015
2026-02-23,7257811907,32001.4,S132,شركة القوة المتجددة للوقود,91,MK005
2026-02-23,7257811983,33001.8,S132,مؤسسة سامي بن سلمان بن عامر الصاعدي للنقليات,91,MK071
2026-02-23,7257812011,32992.3,S132,شركة تزويد السعودية المحدودة,91,MK004
2026-02-23,7257812405,32985.7,S132,شركة النسيم الجديد المحدودة,91,MK007
2026-02-23,7257812407,33000.5,S132,شركة النسيم الجديد المحدودة,91,MK072
2026-02-23,7257812413,32755.8,S132,شركة النسيم الجديد المحدودة,91,MK008
2026-02-23,7257812418,32985.3,S132,شركة النسيم الجديد المحدودة,91,MK016
2026-02-23,7257812424,33001.6,S132,شركة النسيم الجديد المحدودة,91,MK031
2026-02-23,7257812715,32008.4,S132,شركة القوة المتجددة للوقود,91,MK017
2026-02-23,7257810987,33004.8,S132,مؤسسة الدائرة للنقليات,95,MK047
2026-02-23,7257811045,32001.3,S132,شركة القوة المتجددة للوقود,91,MK001
2026-02-24,7257814309,33001.4,S132,شركة النسيم الجديد المحدودة,91,MK003
2026-02-24,7257814312,32997.4,S132,شركة النسيم الجديد المحدودة,91,MK018
2026-02-24,7257814316,33007.6,S132,شركة النسيم الجديد المحدودة,91,MK072
2026-02-24,7257814320,32002.3,S132,شركة القوة المتجددة للوقود,91,MK064
2026-02-24,7257814324,31840.5,S132,شركة القوة المتجددة للوقود,91,MK033
2026-02-24,7257814327,32008.4,S132,شركة القوة المتجددة للوقود,91,MK006
2026-02-24,7257819598,32001.6,S132,شركة القوة المتجددة للوقود,91,MK028
2026-02-24,7257819622,32999.2,S132,شركة النسيم الجديد المحدودة,95,MK007
2026-02-24,7257819680,32003.8,S132,شركة القوة المتجددة للوقود,95,MK005
2026-02-24,7257819695,31998.0,S132,شركة القوة المتجددة للوقود,95,MK063
2026-02-24,7257819764,33003.5,S132,مؤسسة سامي بن سلمان بن عامر الصاعدي للنقليات,91,MK015
2026-02-24,7257820106,31992.6,S132,شركة القوة المتجددة للوقود,91,MK063
2026-02-23,7257820145,32990.4,S132,مؤسسة سامي بن سلمان بن عامر الصاعدي للنقليات,95,MK015
2026-02-23,7257812834,32001.6,S132,شركة القوة المتجددة للوقود,91,MK047
2026-02-23,7257812161,32994.6,S132,شركة النسيم الجديد المحدودة,ديزل,MK007
2026-02-23,7257805115,33003.9,S132,شركة النسيم الجديد المحدودة,95,MK002
2026-02-23,7257820662,31995.0,S091,Al-Nassar Transport Company,95,JA069
2026-02-24,7257821073,33001.5,S132,شركة النسيم الجديد المحدودة,ديزل,MK007
2026-02-24,7257814291,32001.9,S132,شركة القوة المتجددة للوقود,ديزل,MK004
2026-02-24,7257814289,32001.3,S132,شركة القوة المتجددة للوقود,ديزل,MK014
2026-02-24,7257814285,32002.5,S132,شركة القوة المتجددة للوقود,ديزل,MK018
2026-02-24,7257814273,33000.7,S132,شركة النسيم الجديد المحدودة,ديزل,MK008
2026-02-24,7257818952,31999.5,S133,شركة القوة المتجددة للوقود,95,RY075
2026-02-24,7257819112,31990.6,S184,محطة منير سفير المطيري,95,RY025
2026-02-21,7257793750,32003.4,S032,شركة هال للنقليات,95,EP051
2026-02-22,7257801494,31986.0,S032,شركة هال للنقليات,91,EP051
2026-02-24,7257826776,32975.5,S132,شركة تزويد السعودية المحدودة,91,MK046
2026-02-24,7257814262,32988.8,S132,شركة النسيم الجديد المحدودة,95,MK003
2026-02-24,7257814281,33001.4,S132,شركة النسيم الجديد المحدودة,ديزل,MK007
2026-02-24,7257821281,33002.1,S132,شركة النسيم الجديد المحدودة,ديزل,MK008
2026-02-24,7257824733,31999.0,S091,Al-Nassar Transport Company,91,JA053
2026-02-24,7257824706,31998.0,S091,مؤسسه عفراء امحمد ناصر المنجحي للنقليات,91,JA060
2026-02-25,7257830405,31994.9,S132,شركة القوة المتجددة للوقود,ديزل,MK072
2026-02-25,7257830673,32001.5,S132,شركة القوة المتجددة للوقود,ديزل,MK004
2026-02-25,7257830687,32001.4,S132,شركة القوة المتجددة للوقود,ديزل,MK046
2026-02-25,7257830743,32007.4,S132,شركة القوة المتجددة للوقود,91,MK099
2026-02-25,7257830763,32005.4,S132,شركة القوة المتجددة للوقود,91,MK093
2026-02-25,7257830790,33003.0,S132,شركة تزويد السعودية المحدودة,91,MK004
2026-02-25,7257830820,31994.0,S091,مؤسسه عفراء امحمد ناصر المنجحي للنقليات,ديزل,JA061
2026-02-25,7257824678,31994.0,S091,مؤسسه عفراء امحمد ناصر المنجحي للنقليات,95,JA060
2026-02-25,7257824746,31996.0,S091,Al-Nassar Transport Company,91,JA069
2026-02-25,7257830851,32975.4,S132,مؤسسة سامي بن سلمان بن عامر الصاعدي للنقليات,91,MK015
2026-02-25,7257830711,32001.5,S132,شركة القوة المتجددة للوقود,ديزل,MK029
2026-02-26,7257839316,32989.7,S132,مؤسسة سامي بن سلمان بن عامر الصاعدي للنقليات,91,MK071
2026-02-26,7257839171,32002.3,S132,شركة القوة المتجددة للوقود,ديزل,MK022
2026-02-26,7257839150,31993.7,S132,شركة القوة المتجددة للوقود,ديزل,MK004
2026-02-26,7257839085,31995.0,S132,شركة القوة المتجددة للوقود,ديزل,MK014
2026-02-26,7257839106,32001.6,S132,شركة القوة المتجددة للوقود,ديزل,MK068
2026-02-26,7257839118,32002.1,S132,شركة القوة المتجددة للوقود,ديزل,MK004
2026-02-26,7257839921,31997.0,S091,شركة ناقلين المحدودة,91,JA061
2026-02-23,7257800748,32996.6,S132,شركة النسيم الجديد المحدودة,95,MK018
2026-02-23,7257800794,32004.1,S132,شركة القوة المتجددة للوقود,95,MK046
2026-02-24,7257814298,31998.1,S132,شركة القوة المتجددة للوقود,95,MK064
2026-02-24,7257814299,32004.7,S132,شركة القوة المتجددة للوقود,95,MK068
2026-02-24,7257814303,33003.9,S132,شركة النسيم الجديد المحدودة,95,MK008
2026-02-24,7257814306,32992.9,S132,شركة النسيم الجديد المحدودة,95,MK003
2026-02-24,7257814328,32003.1,S132,شركة القوة المتجددة للوقود,91,MK005
2026-02-24,7257819637,31997.7,S132,شركة القوة المتجددة للوقود,95,MK028
2026-02-24,7257819748,33003.8,S132,شركة تزويد السعودية المحدودة,95,MK004
2026-02-24,7257819788,33001.4,S132,شركة النسيم الجديد المحدودة,91,MK008
2026-02-24,7257819926,32984.4,S132,شركة النسيم الجديد المحدودة,91,MK072
2026-02-24,7257819945,33001.2,S132,شركة النسيم الجديد المحدودة,91,MK007
2026-02-24,7257819977,31583.2,S132,شركة القوة المتجددة للوقود,91,MK007
2026-02-24,7257820604,32001.3,S132,شركة القوة المتجددة للوقود,ديزل,MK047
2026-02-25,7257824227,33001.6,S132,شركة النسيم الجديد المحدودة,ديزل,MK007
2026-02-25,7257824303,32992.9,S132,شركة النسيم الجديد المحدودة,ديزل,MK033
2026-02-25,7257824356,32991.8,S132,شركة النسيم الجديد المحدودة,ديزل,MK007
2026-02-25,7257824466,33004.0,S132,شركة النسيم الجديد المحدودة,95,MK007
2026-02-25,7257827267,33003.7,S132,شركة النسيم الجديد المحدودة,95,MK072
2026-02-25,7257827320,32998.8,S132,شركة النسيم الجديد المحدودة,95,MK020
2026-02-25,7257827337,33003.8,S132,شركة النسيم الجديد المحدودة,95,MK016
2026-02-25,7257827388,32004.5,S132,شركة القوة المتجددة للوقود,95,MK001
2026-02-25,7257827467,31998.2,S132,شركة القوة المتجددة للوقود,95,MK033
2026-02-25,7257827495,31997.4,S132,شركة القوة المتجددة للوقود,95,MK006
2026-02-25,7257827583,32004.3,S132,شركة القوة المتجددة للوقود,95,MK093
2026-02-25,7257827620,33004.3,S132,شركة النسيم الجديد المحدودة,95,MK003
2026-02-25,7257827661,33004.6,S132,شركة النسيم الجديد المحدودة,95,MK029
2026-02-25,7257827758,32991.1,S132,شركة النسيم الجديد المحدودة,91,MK007
2026-02-25,7257827783,32977.2,S132,شركة النسيم الجديد المحدودة,91,MK003
2026-02-25,7257827794,32992.3,S132,شركة النسيم الجديد المحدودة,91,MK007
2026-02-25,7257827801,1156.8,S132,شركة النسيم الجديد المحدودة,91,MK007
2026-02-25,7257827832,32999.0,S132,شركة النسيم الجديد المحدودة,91,MK020
2026-02-25,7257827872,32998.8,S132,شركة النسيم الجديد المحدودة,91,MK072
2026-02-25,7257827895,33001.6,S132,شركة النسيم الجديد المحدودة,91,MK016
2026-02-25,7257828687,33004.3,S132,شركة النسيم الجديد المحدودة,95,MK007
2026-02-25,7257829605,32975.1,S132,شركة النسيم الجديد المحدودة,91,MK029
2026-02-25,7257829647,32000.9,S132,شركة القوة المتجددة للوقود,91,MK001
2026-02-25,7257829663,32002.6,S132,شركة القوة المتجددة للوقود,91,MK047
2026-02-25,7257829684,32001.6,S132,شركة القوة المتجددة للوقود,91,MK068
2026-02-25,7257829717,32001.8,S132,شركة القوة المتجددة للوقود,91,MK028
2026-02-25,7257830301,32998.2,S132,شركة تزويد السعودية المحدودة,95,MK004
2026-02-26,7257835703,33003.5,S132,شركة النسيم الجديد المحدودة,95,MK031
2026-02-26,7257835783,31997.1,S132,شركة القوة المتجددة للوقود,95,MK017
2026-02-26,7257835826,32056.5,S132,شركة القوة المتجددة للوقود,95,MK047
2026-02-26,7257835851,31998.8,S132,شركة القوة المتجددة للوقود,95,MK035
2026-02-26,7257835875,31988.7,S132,شركة القوة المتجددة للوقود,95,MK001
2026-02-26,7257835949,33003.6,S132,شركة النسيم الجديد المحدودة,95,MK007
2026-02-26,7257836040,33002.7,S132,شركة النسيم الجديد المحدودة,ديزل,MK007
2026-02-26,7257836166,31997.4,S132,شركة القوة المتجددة للوقود,ديزل,MK031
2026-02-26,7257836298,33003.4,S132,شركة النسيم الجديد المحدودة,91,MK008
2026-02-26,7257836324,32903.8,S132,شركة النسيم الجديد المحدودة,91,MK003
2026-02-26,7257836415,32986.1,S132,شركة النسيم الجديد المحدودة,91,MK023
2026-02-26,7257836438,32991.8,S132,شركة النسيم الجديد المحدودة,91,MK007
2026-02-26,7257836476,32992.7,S132,شركة تزويد السعودية المحدودة,91,MK004
2026-02-26,7257836523,31990.3,S132,شركة القوة المتجددة للوقود,91,MK001
2026-02-26,7257836590,31991.6,S132,شركة القوة المتجددة للوقود,91,MK046
2026-02-26,7257837289,33003.6,S132,شركة النسيم الجديد المحدودة,95,MK084
2026-02-24,7257794332,31990.4,S184,شركة القوة المتجددة للوقود,95,RY075
2026-02-25,7257830089,32018.0,S012,محطة منير سفير المطيري,91,RY025
2026-02-25,7257822104,31985.3,S133,شركة القوة المتجددة للوقود,91,RY075
2026-02-26,7257830155,32024.0,S012,شركة القوة المتجددة للوقود,ديزل,RY075
2026-02-26,7257838494,32000.3,S133,شركة القوة المتجددة للوقود,91,RY075
2026-02-27,7257839029,32009.3,S142,مؤسسة مسار الطريق للنقليات,ديزل,QS055
2026-02-27,7257850815,31997.2,S142,مؤسسة مسار الطريق للنقليات,ديزل,HA043
2026-02-27,7257799088,31932.9,S184,محطة منير سفير المطيري,95,RY042
2026-02-27,7257838860,32004.9,S133,شركة القوة المتجددة للوقود,95,RY075
2026-02-27,7257838977,32022.0,S012,شركة القوة المتجددة للوقود,91,RY042
2026-02-28,7257863904,32025.0,S012,محطة منير سفير المطيري,91,RY024
2026-02-27,7257840231,31990.0,S032,شركة هال للنقليات,91,EP051
2026-02-28,7257864782,32001.9,S032,شركة هال للنقليات,95,EP051
2026-02-26,7257835976,33004.7,S132,شركة النسيم الجديد المحدودة,95,MK003
2026-02-26,7257836088,33002.9,S132,شركة النسيم الجديد المحدودة,ديزل,MK007
2026-02-26,7257836429,165.0,S132,شركة النسيم الجديد المحدودة,91,MK008
2026-02-26,7257836564,32002.1,S132,شركة القوة المتجددة للوقود,91,MK022
2026-02-26,7257836621,31996.1,S132,شركة القوة المتجددة للوقود,91,MK017
2026-02-26,7257836864,32001.9,S132,شركة القوة المتجددة للوقود,91,MK005
2026-02-26,7257836896,33001.6,S132,شركة النسيم الجديد المحدودة,91,MK003
2026-02-26,7257837475,32976.6,S132,شركة النسيم الجديد المحدودة,91,MK072
2026-02-26,7257851503,33003.9,S132,مؤسسة سامي بن سلمان بن عامر الصاعدي للنقليات,95,MK015
2026-02-26,7257852692,31998.9,S132,شركة القوة المتجددة للوقود,95,MK028
2026-02-26,7257852845,32971.5,S132,شركة تزويد السعودية المحدودة,91,MK004
2026-02-27,7257841108,32993.3,S132,شركة النسيم الجديد المحدودة,ديزل,MK007
2026-02-27,7257841114,32991.7,S132,شركة النسيم الجديد المحدودة,ديزل,MK033
2026-02-27,7257841127,32994.2,S132,شركة النسيم الجديد المحدودة,ديزل,MK007
2026-02-27,7257841135,33002.6,S132,شركة النسيم الجديد المحدودة,91,MK007
2026-02-27,7257841141,33008.2,S132,شركة النسيم الجديد المحدودة,91,MK018
2026-02-27,7257841147,32975.0,S132,شركة النسيم الجديد المحدودة,91,MK084
2026-02-27,7257841151,33005.9,S132,شركة النسيم الجديد المحدودة,91,MK019
2026-02-27,7257841158,32001.7,S132,شركة القوة المتجددة للوقود,91,MK033
2026-02-27,7257841164,32001.6,S132,شركة القوة المتجددة للوقود,91,MK005
2026-02-27,7257841168,32001.6,S132,شركة القوة المتجددة للوقود,91,MK006
2026-02-27,7257852020,32999.1,S132,شركة تزويد السعودية المحدودة,95,MK004
2026-02-27,7257852103,32989.5,S132,شركة النسيم الجديد المحدودة,95,MK003
2026-02-27,7257852249,32999.4,S132,شركة النسيم الجديد المحدودة,95,MK008
2026-02-27,7257852314,33046.6,S132,شركة النسيم الجديد المحدودة,95,MK007
2026-02-27,7257852350,32992.7,S132,شركة النسيم الجديد المحدودة,95,MK023
2026-02-27,7257852385,33004.3,S132,مؤسسة سامي بن سلمان بن عامر الصاعدي للنقليات,95,MK018
2026-02-27,7257852430,31989.6,S132,شركة القوة المتجددة للوقود,95,MK063
2026-02-27,7257852480,32002.4,S132,شركة القوة المتجددة للوقود,95,MK063
2026-02-27,7257852590,32004.8,S132,شركة القوة المتجددة للوقود,95,MK046
2026-02-27,7257852817,33001.7,S132,مؤسسة سامي بن سلمان بن عامر الصاعدي للنقليات,91,MK015
2026-02-27,7257852902,33001.4,S132,شركة النسيم الجديد المحدودة,91,MK003
2026-02-27,7257852938,32992.7,S132,شركة النسيم الجديد المحدودة,91,MK008
2026-02-27,7257852996,33000.2,S132,شركة النسيم الجديد المحدودة,91,MK016
2026-02-27,7257853017,33001.5,S132,شركة النسيم الجديد المحدودة,91,MK072
2026-02-27,7257853056,33001.6,S132,شركة النسيم الجديد المحدودة,91,MK007
2026-02-27,7257858033,31988.2,S132,شركة القوة المتجددة للوقود,95,MK005
2026-02-27,7257859130,32999.4,S132,شركة النسيم الجديد المحدودة,95,MK007
2026-02-27,7257862909,32004.9,S132,شركة القوة المتجددة للوقود,95,MK006
2026-02-27,7257863405,32999.2,S132,مؤسسة سامي بن سلمان بن عامر الصاعدي للنقليات,95,MK015
2026-02-27,7257863437,33005.2,S132,شركة تزويد السعودية المحدودة,95,MK004
2026-02-27,7257863470,33037.3,S132,شركة حسين زين العطاس وسعد عوض العصيمي وشركائهم,95,MK047
2026-02-27,7257863474,33005.3,S132,شركة حسين زين العطاس وسعد عوض العصيمي وشركائهم,95,MK015
2026-02-27,7257863478,33005.0,S132,شركة حسين زين العطاس وسعد عوض العصيمي وشركائهم,95,MK068
2026-02-28,7257863373,32007.8,S132,شركة القوة المتجددة للوقود,91,MK047
2026-02-28,7257863557,32995.1,S132,شركة النسيم الجديد المحدودة,ديزل,MK007
2026-02-28,7257863570,32991.8,S132,شركة النسيم الجديد المحدودة,ديزل,MK007
2026-02-28,7257863970,32003.8,S132,شركة حسين زين العطاس وسعد عوض العصيمي وشركائهم,95,MK022
2026-02-28,7257863973,32004.2,S132,شركة القوة المتجددة للوقود,95,MK064
2026-02-28,7257864035,31998.3,S132,شركة القوة المتجددة للوقود,95,MK005
2026-02-28,7257864041,31997.2,S132,شركة القوة المتجددة للوقود,95,MK099
2026-02-28,7257864086,32998.5,S132,شركة النسيم الجديد المحدودة,95,MK020
2026-02-28,7257864153,32987.5,S132,شركة النسيم الجديد المحدودة,91,MK007
2026-02-28,7257864175,33001.9,S132,شركة النسيم الجديد المحدودة,91,MK029
2026-02-28,7257864182,33008.3,S132,شركة النسيم الجديد المحدودة,91,MK072
2026-02-28,7257864199,32993.6,S132,شركة النسيم الجديد المحدودة,91,MK003
2026-02-28,7257864207,33001.7,S132,شركة النسيم الجديد المحدودة,91,MK007
2026-02-28,7257864219,33001.4,S132,شركة النسيم الجديد المحدودة,91,MK020
2026-02-28,7257864228,33001.6,S132,شركة النسيم الجديد المحدودة,91,MK031
2026-02-28,7257864267,33002.2,S132,مؤسسة سامي بن سلمان بن عامر الصاعدي للنقليات,91,MK015
2026-02-28,7257864276,32992.7,S132,شركة تزويد السعودية المحدودة,91,MK004
2026-02-28,7257864282,31991.5,S132,شركة القوة المتجددة للوقود,91,MK028
2026-02-28,7257864390,32001.5,S132,شركة القوة المتجددة للوقود,91,MK006
2026-02-22,7257800729,31992.9,S133,شركة القوة المتجددة للوقود,91,MK046
2026-02-28,7257863582,33004.0,S132,شركة النسيم الجديد المحدودة,95,MK072
2026-02-28,7257864369,32008.4,S132,شركة القوة المتجددة للوقود,91,MK033
2026-02-26,7257839239,33002.0,S132,شركة النسيم الجديد المحدودة,91,MK007
2026-02-26,7257839325,33003.6,S132,مؤسسة سامي بن سلمان بن عامر الصاعدي للنقليات,95,MK071
2026-02-26,7257839213,32992.1,S132,شركة النسيم الجديد المحدودة,ديزل,MK008
2026-02-26,7257839199,32002.4,S132,شركة القوة المتجددة للوقود,ديزل,MK029
2026-02-26,7257839181,32001.5,S132,شركة القوة المتجددة للوقود,ديزل,MK047
2026-02-27,7257856247,31991.1,S132,شركة القوة المتجددة للوقود,ديزل,MK046
2026-02-27,7257856161,32001.9,S132,شركة القوة المتجددة للوقود,ديزل,MK033
2026-02-27,7257856139,32001.5,S132,شركة القوة المتجددة للوقود,ديزل,MK004
2026-02-27,7257855989,33001.3,S132,شركة النسيم الجديد المحدودة,91,MK002
2026-02-27,7257855885,31993.0,S132,شركة القوة المتجددة للوقود,91,MK035
2026-02-27,7257855667,31993.7,S132,شركة القوة المتجددة للوقود,91,MK100
2026-02-27,7257855595,32023.5,S132,شركة القوة المتجددة للوقود,91,MK014
2026-02-27,7257856314,32001.6,S132,شركة القوة المتجددة للوقود,91,MK001
2026-02-27,7257856271,31991.2,S132,شركة القوة المتجددة للوقود,ديزل,MK064
2026-02-27,7257856190,32002.8,S132,شركة القوة المتجددة للوقود,ديزل,MK014
2026-02-28,7257864642,32002.0,S132,شركة القوة المتجددة للوقود,ديزل,MK028
2026-02-28,7257864630,31991.4,S132,شركة القوة المتجددة للوقود,ديزل,MK033
2026-02-28,7257864627,32001.6,S132,شركة القوة المتجددة للوقود,ديزل,MK072
2026-02-28,7257864739,32002.2,S132,شركة القوة المتجددة للوقود,ديزل,MK035
2026-02-28,7257864792,32949.5,S132,شركة تزويد السعودية المحدودة,91,MK063
2026-02-28,7257865391,33007.9,S132,شركة حسين زين العطاس وسعد عوض العصيمي وشركائهم,91,MK005
2026-02-28,7257864622,32001.3,S132,شركة القوة المتجددة للوقود,ديزل,MK022
2026-02-28,7257864994,31998.0,S091,Al-Nassar Transport Company,91,JA069
2026-02-28,7257859125,33004.2,S132,شركة النسيم الجديد المحدودة,95,MK002
2026-02-28,7257863587,33004.4,S132,شركة النسيم الجديد المحدودة,95,MK016
2026-02-28,7257863595,32998.9,S132,شركة النسيم الجديد المحدودة,95,MK029
2026-02-28,7257863599,33003.8,S132,شركة النسيم الجديد المحدودة,95,MK003
2026-02-28,7257863603,32988.5,S132,شركة النسيم الجديد المحدودة,95,MK007
2026-02-28,7257863705,32005.1,S132,شركة القوة المتجددة للوقود,95,MK093
2026-02-28,7257863688,31992.3,S132,شركة القوة المتجددة للوقود,95,MK035
2026-02-28,7257865303,32003.6,S132,شركة القوة المتجددة للوقود,91,MK064
2026-02-28,7257865317,32008.1,S132,شركة القوة المتجددة للوقود,91,MK014
2026-02-28,7257864925,32976.0,S132,شركة النسيم الجديد المحدودة,91,MK003
2026-02-28,7257871148,33003.9,S132,شركة حسين زين العطاس وسعد عوض العصيمي وشركائهم,95,MK014
2026-02-28,7257864881,32001.5,S132,شركة القوة المتجددة للوقود,91,MK093
2026-02-28,7257864870,32082.5,S132,شركة القوة المتجددة للوقود,91,MK046
2026-02-28,7257864851,32002.0,S132,شركة القوة المتجددة للوقود,91,MK017
2026-02-28,7257864824,31996.9,S132,شركة القوة المتجددة للوقود,91,MK001
2026-02-28,7257864775,32001.4,S132,شركة القوة المتجددة للوقود,ديزل,MK029
2026-02-28,7257864749,32001.7,S132,شركة القوة المتجددة للوقود,ديزل,MK004
2026-02-28,7257864721,32001.8,S132,شركة القوة المتجددة للوقود,ديزل,MK046
2026-02-28,7257864948,33001.6,S132,شركة النسيم الجديد المحدودة,91,MK008
2026-02-28,7257865541,31997.0,S091,مؤسسه عفراء امحمد ناصر المنجحي للنقليات,ديزل,JA061
2026-03-01,7257838882,32005.9,S133,شركة القوة المتجددة للوقود,95,RY075
2026-03-01,7257870019,32017.0,S012,محطة منير سفير المطيري,91,RY025
2026-03-01,7257871732,32007.2,S184,شركة القوة المتجددة للوقود,95,RY024
2026-03-01,7257872064,33001.3,S132,شركة النسيم الجديد المحدودة,91,MK007
2026-03-01,7257872032,32066.4,S132,شركة القوة المتجددة للوقود,ديزل,MK033
2026-03-01,7257872028,31992.9,S132,شركة القوة المتجددة للوقود,ديزل,MK004
2026-03-01,7257865550,32000.0,S091,مؤسسه عفراء امحمد ناصر المنجحي للنقليات,ديزل,JA060
2026-03-01,7257864977,31996.0,S091,Al-Nassar Transport Company,95,JA069
2026-03-01,7257864959,31995.0,S091,Al-Nassar Transport Company,95,JA053
2026-03-01,7257871970,31993.0,S091,شركة ناقلين المحدودة,95,JA061
2026-03-01,7257871967,31995.0,S091,مؤسسه عفراء امحمد ناصر المنجحي للنقليات,91,JA056
2026-03-01,7257871382,31993.7,S132,شركة القوة المتجددة للوقود,ديزل,MK018
2026-03-01,7257871365,33001.5,S132,شركة النسيم الجديد المحدودة,ديزل,MK007
2026-03-01,7257873685,33001.4,S132,شركة النسيم الجديد المحدودة,91,MK072
2026-03-01,7257878741,33007.4,S132,شركة النسيم الجديد المحدودة,91,MK071
2026-03-01,7257872061,32993.6,S132,شركة النسيم الجديد المحدودة,91,MK007
2026-03-01,7257872047,32003.1,S132,شركة القوة المتجددة للوقود,ديزل,MK014
2026-03-01,7257872041,31994.0,S132,شركة القوة المتجددة للوقود,ديزل,MK046
2026-03-01,7257871950,31991.2,S132,شركة القوة المتجددة للوقود,91,MK035
2026-03-01,7257871946,32001.6,S132,شركة القوة المتجددة للوقود,91,MK063
2026-03-01,7257871941,32002.7,S132,شركة القوة المتجددة للوقود,91,MK068
2026-03-01,7257871916,31992.8,S132,شركة القوة المتجددة للوقود,91,MK001
2026-03-01,7257871369,33002.2,S132,شركة النسيم الجديد المحدودة,ديزل,MK007
2026-03-01,7257878329,31995.0,S091,مؤسسه عفراء امحمد ناصر المنجحي للنقليات,95,JA056
2026-03-02,7257874447,32003.2,S142,مؤسسة مسار الطريق للنقليات,91,QS055
2026-03-02,7257881478,32988.8,S132,شركة النسيم الجديد المحدودة,95,MK084
2026-03-02,7257881466,33059.6,S132,شركة النسيم الجديد المحدودة,95,MK007
2026-03-02,7257881454,33004.4,S132,شركة النسيم الجديد المحدودة,95,MK003
2026-03-02,7257878638,32002.4,S132,شركة القوة المتجددة للوقود,ديزل,MK100
2026-03-02,7257878595,32002.2,S132,شركة القوة المتجددة للوقود,ديزل,MK071
2026-03-02,7257878530,31994.5,S132,شركة القوة المتجددة للوقود,ديزل,MK047
2026-03-02,7257878476,32001.5,S132,شركة القوة المتجددة للوقود,ديزل,MK064
2026-03-02,7257878454,32001.7,S132,شركة القوة المتجددة للوقود,91,MK033
2026-03-02,7257878425,32003.0,S132,شركة القوة المتجددة للوقود,ديزل,MK033
2026-03-01,7257871487,31992.3,S132A,شركة حسين زين العطاس وسعد عوض العصيمي وشركائهم,95,MK017
2026-03-01,7257871494,31997.9,S132A,شركة القوة المتجددة للوقود,95,MK001
2026-03-01,7257871500,32998.6,S132A,شركة النسيم الجديد المحدودة,95,MK007
2026-03-01,7257871504,33003.8,S132A,شركة النسيم الجديد المحدودة,95,MK003
2026-03-01,7257871513,31987.8,S132A,شركة القوة المتجددة للوقود,95,MK033
2026-03-01,7257871528,32004.0,S132A,شركة القوة المتجددة للوقود,91,MK047
2026-03-01,7257871541,32001.5,S132A,شركة القوة المتجددة للوقود,91,MK028
2026-03-01,7257871556,32008.0,S132A,شركة القوة المتجددة للوقود,91,MK022
2026-03-01,7257871567,32001.9,S132A,شركة القوة المتجددة للوقود,91,MK006
2026-03-01,7257871576,31976.4,S132A,شركة حسين زين العطاس وسعد عوض العصيمي وشركائهم,91,MK005
2026-03-01,7257871606,32990.8,S132A,شركة النسيم الجديد المحدودة,91,MK029
2026-03-01,7257871628,32991.6,S132A,شركة النسيم الجديد المحدودة,91,MK072
2026-03-01,7257871639,32983.7,S132A,مؤسسة سامي بن سلمان بن عامر الصاعدي للنقليات,91,MK003
2026-03-01,7257871646,32982.4,S132A,شركة النسيم الجديد المحدودة,91,MK016
2026-03-01,7257871669,32996.4,S132A,شركة النسيم الجديد المحدودة,91,MK023
2026-03-01,7257871676,33001.6,S132A,شركة النسيم الجديد المحدودة,91,MK018
2026-03-01,7257871683,32952.4,S132A,شركة النسيم الجديد المحدودة,91,MK003
2026-03-01,7257871691,33002.9,S132A,مؤسسة سامي بن سلمان بن عامر الصاعدي للنقليات,91,MK015
2026-03-01,7257871696,32991.2,S132A,شركة تزويد السعودية المحدودة,91,MK004
2026-03-01,7257872276,32046.8,S132A,شركة القوة المتجددة للوقود,95,MK005
2026-03-01,7257872295,32004.9,S132A,شركة القوة المتجددة للوقود,95,MK028
2026-03-01,7257872323,32030.9,S132A,شركة القوة المتجددة للوقود,95,MK063
2026-03-01,7257872342,33004.1,S132A,شركة تزويد السعودية المحدودة,95,MK004
2026-03-02,7257879510,32999.2,S132A,شركة تزويد السعودية المحدودة,95,MK004
2026-03-02,7257879618,32004.0,S132A,شركة القوة المتجددة للوقود,95,MK046
2026-03-02,7257879819,32004.7,S132A,شركة القوة المتجددة للوقود,95,MK001
2026-03-02,7257879879,32003.6,S132A,شركة القوة المتجددة للوقود,95,MK047
2026-03-02,7257879979,33004.4,S132A,شركة النسيم الجديد المحدودة,95,MK003
2026-03-02,7257880004,32997.7,S132A,شركة النسيم الجديد المحدودة,95,MK008
2026-03-02,7257880039,32999.8,S132A,شركة النسيم الجديد المحدودة,95,MK019
2026-03-02,7257880057,32990.9,S132A,شركة النسيم الجديد المحدودة,95,MK007
2026-03-02,7257880381,32984.9,S132A,شركة النسيم الجديد المحدودة,91,MK002
2026-03-02,7257880426,33001.5,S132A,شركة النسيم الجديد المحدودة,91,MK003
2026-03-02,7257880509,32901.6,S132A,شركة النسيم الجديد المحدودة,91,MK029
2026-03-02,7257880649,32997.2,S132A,شركة النسيم الجديد المحدودة,91,MK016
2026-03-02,7257880686,33001.7,S132A,شركة النسيم الجديد المحدودة,91,MK020
2026-03-02,7257880737,32979.5,S132A,شركة النسيم الجديد المحدودة,91,MK084
2026-03-02,7257880784,33001.2,S132A,شركة النسيم الجديد المحدودة,91,MK007
2026-03-02,7257880920,32001.3,S132A,شركة القوة المتجددة للوقود,91,MK001
2026-03-02,7257880973,32001.8,S132A,شركة القوة المتجددة للوقود,91,MK028
2026-03-02,7257881085,31983.5,S132A,شركة القوة المتجددة للوقود,91,MK046
2026-03-02,7257881120,32975.2,S132A,شركة النسيم الجديد المحدودة,91,MK072
2026-03-02,7257881141,33002.0,S132A,شركة النسيم الجديد المحدودة,91,MK003
2026-03-02,7257881154,33002.1,S132A,شركة النسيم الجديد المحدودة,91,MK008
2026-03-02,7257881191,33002.7,S132A,شركة النسيم الجديد المحدودة,ديزل,MK007
2026-03-02,7257881197,33004.6,S132A,شركة النسيم الجديد المحدودة,ديزل,MK008
2026-03-02,7257881210,32991.9,S132A,شركة النسيم الجديد المحدودة,ديزل,MK007
2026-03-02,7257881230,33002.7,S132A,مؤسسة سامي بن سلمان بن عامر الصاعدي للنقليات,91,MK015
2026-03-02,7257887298,31985.0,S032,شركة هال للنقليات,91,EP051
2026-03-02,7257883476,31998.0,S132,شركة القوة المتجددة للوقود,95,MK006
2026-03-02,7257889371,33003.3,S132,مؤسسة سامي بن سلمان بن عامر الصاعدي للنقليات,95,MK015
2026-03-02,7257881539,32001.9,S132,شركة القوة المتجددة للوقود,ديزل,MK033
2026-03-02,7257881525,31993.8,S132,شركة القوة المتجددة للوقود,ديزل,MK004
2026-03-02,7257881502,33003.3,S132,شركة النسيم الجديد المحدودة,ديزل,MK008
2026-03-02,7257881492,33008.3,S132,شركة النسيم الجديد المحدودة,91,MK007
2026-03-02,7257878686,32001.9,S132,شركة القوة المتجددة للوقود,ديزل,MK029
2026-03-03,7257891880,33003.3,S132,شركة النسيم الجديد المحدودة,95,MK016
2026-03-03,7257891878,32997.3,S132,شركة النسيم الجديد المحدودة,95,MK003
2026-03-03,7257891691,32981.7,S132,شركة تزويد السعودية المحدودة,91,MK004
2026-03-03,7257888903,31994.0,S132,شركة القوة المتجددة للوقود,ديزل,MK033
2026-03-03,7257888864,31929.2,S132,شركة القوة المتجددة للوقود,ديزل,MK072
2026-03-03,7257889525,31998.0,S091,مؤسسه عفراء امحمد ناصر المنجحي للنقليات,ديزل,JA061
2026-03-03,7257888545,33005.5,S183,مؤسسة سامي بن سلمان بن عامر الصاعدي للنقليات,98,MK015
2026-03-02,7257879177,31993.7,S133,شركة القوة المتجددة للوقود,91,RY075
2026-03-03,7257890048,31997.0,S142,مؤسسة مسار الطريق للنقليات,ديزل,QS055
2026-03-02,7257880087,33003.9,S132A,شركة النسيم الجديد المحدودة,95,MK072
2026-03-03,7257886946,33000.8,S132A,شركة النسيم الجديد المحدودة,ديزل,MK007
2026-03-03,7257886969,33002.3,S132A,شركة النسيم الجديد المحدودة,ديزل,MK008
2026-03-03,7257887333,33002.7,S132A,شركة النسيم الجديد المحدودة,91,MK003
2026-03-03,7257887364,32992.8,S132A,شركة النسيم الجديد المحدودة,91,MK018
2026-03-03,7257887392,32971.9,S132A,شركة النسيم الجديد المحدودة,91,MK029
2026-03-03,7257887550,32001.6,S132A,شركة القوة المتجددة للوقود,91,MK017
2026-03-03,7257887597,31994.1,S132A,شركة القوة المتجددة للوقود,91,MK064
2026-03-03,7257887625,32002.0,S132A,شركة القوة المتجددة للوقود,91,MK093
2026-03-03,7257887658,31994.7,S132A,شركة القوة المتجددة للوقود,91,MK099
2026-03-03,7257887897,33004.1,S132A,شركة النسيم الجديد المحدودة,95,MK007
2026-03-03,7257887964,31997.5,S132A,شركة القوة المتجددة للوقود,95,MK017
2026-03-03,7257887014,33001.9,S132A,شركة النسيم الجديد المحدودة,ديزل,MK007
2026-03-03,7257887441,33001.5,S132A,شركة النسيم الجديد المحدودة,91,MK008
2026-03-03,7257889603,32011.4,S184,شركة القوة المتجددة للوقود,95,RY075
2026-03-04,7257892975,32025.0,S012,محطة منير سفير المطيري,ديزل,RY042
2026-03-03,7257893389,33003.7,S132,شركة تزويد السعودية المحدودة,95,MK004
2026-03-03,7257900834,32989.6,S132,مؤسسة سامي بن سلمان بن عامر الصاعدي للنقليات,95,MK071
2026-03-03,7257891856,33001.5,S132,شركة تزويد السعودية المحدودة,91,MK028
2026-03-03,7257891833,32001.6,S132,شركة القوة المتجددة للوقود,91,MK046
2026-03-03,7257891812,32001.3,S132,شركة القوة المتجددة للوقود,91,MK005
2026-03-03,7257889293,31992.3,S132,شركة القوة المتجددة للوقود,ديزل,MK047
2026-03-03,7257889255,31992.9,S132,شركة القوة المتجددة للوقود,ديزل,MK033
2026-03-04,7257900469,32001.9,S132,شركة القوة المتجددة للوقود,ديزل,MK046
2026-03-04,7257900494,31994.0,S132,شركة القوة المتجددة للوقود,ديزل,MK004
2026-03-04,7257900526,31992.7,S132,شركة القوة المتجددة للوقود,ديزل,MK022
2026-03-04,7257900421,31993.5,S132,شركة القوة المتجددة للوقود,ديزل,MK035
2026-03-04,7257901647,31997.0,S091,Al-Nassar Transport Company,91,JA053
2026-03-04,7257901642,31997.0,S091,Al-Nassar Transport Company,91,JA069
2026-03-04,7257901633,31994.0,S091,Al-Nassar Transport Company,95,JA069
2026-03-03,7257887421,33007.8,S132A,شركة النسيم الجديد المحدودة,91,MK007
2026-03-03,7257887482,33003.5,S132A,شركة النسيم الجديد المحدودة,91,MK016
2026-03-03,7257887509,33006.0,S132A,شركة النسيم الجديد المحدودة,91,MK020
2026-03-03,7257887532,33000.5,S132A,شركة النسيم الجديد المحدودة,91,MK072
2026-03-03,7257887583,32001.6,S132A,شركة القوة المتجددة للوقود,91,MK047
2026-03-03,7257887674,32000.7,S132A,شركة القوة المتجددة للوقود,91,MK006
2026-03-03,7257887716,33004.2,S132A,شركة النسيم الجديد المحدودة,95,MK003
2026-03-03,7257887743,33001.8,S132A,شركة النسيم الجديد المحدودة,95,MK029
2026-03-03,7257888069,31986.7,S132A,شركة القوة المتجددة للوقود,95,MK064
2026-03-03,7257888092,32001.9,S132A,شركة القوة المتجددة للوقود,95,MK068
2026-03-03,7257888127,32003.9,S132A,شركة القوة المتجددة للوقود,95,MK006
2026-03-03,7257888198,32029.4,S132A,شركة القوة المتجددة للوقود,95,MK001
2026-03-03,7257888232,32004.2,S132A,شركة القوة المتجددة للوقود,95,MK005
2026-03-03,7257888250,31993.3,S132A,شركة القوة المتجددة للوقود,95,MK046
2026-03-04,7257898436,32002.5,S132A,شركة القوة المتجددة للوقود,ديزل,MK064
2026-03-04,7257898541,32002.2,S132A,شركة القوة المتجددة للوقود,ديزل,MK014
2026-03-04,7257899086,32001.5,S132A,شركة القوة المتجددة للوقود,91,MK014
2026-03-04,7257899216,31978.5,S132A,شركة القوة المتجددة للوقود,91,MK001
2026-03-04,7257899420,32992.1,S132A,شركة النسيم الجديد المحدودة,91,MK072
2026-03-04,7257899453,32985.6,S132A,شركة النسيم الجديد المحدودة,91,MK031
2026-03-04,7257899764,32993.1,S132A,مؤسسة سامي بن سلمان بن عامر الصاعدي للنقليات,91,MK015
2026-03-04,7257899834,33003.6,S132A,شركة النسيم الجديد المحدودة,95,MK023
2026-03-04,7257901694,32992.3,S132A,شركة النسيم الجديد المحدودة,95,MK018
2026-03-04,7257901712,33004.9,S132A,شركة تزويد السعودية المحدودة,95,MK028
2026-03-04,7257901745,32003.9,S132A,شركة القوة المتجددة للوقود,95,MK014
2026-03-04,7257901750,31992.2,S132A,شركة القوة المتجددة للوقود,95,MK022
2026-03-04,7257901755,32004.4,S132A,شركة القوة المتجددة للوقود,95,MK035
2026-03-04,7257904095,32977.7,S132,شركة تزويد السعودية المحدودة,91,MK004
2026-03-04,7257904254,32004.0,S132,شركة القوة المتجددة للوقود,95,MK063
2026-03-04,7257904281,33004.7,S132,شركة النسيم الجديد المحدودة,95,MK008
2026-03-04,7257906220,32989.7,S132,شركة النسيم الجديد المحدودة,95,MK020
2026-03-04,7257909862,32988.0,S132,مؤسسة سامي بن سلمان بن عامر الصاعدي للنقليات,95,MK015
2026-03-04,7257910090,32003.8,S132,شركة القوة المتجددة للوقود,95,MK047
2026-03-04,7257900594,31993.6,S132,شركة القوة المتجددة للوقود,ديزل,MK047
2026-03-04,7257900623,32001.6,S132,شركة القوة المتجددة للوقود,ديزل,MK029
2026-03-04,7257900672,31940.3,S132,شركة القوة المتجددة للوقود,ديزل,MK004
2026-03-04,7257912112,31994.0,S091,Al-Nassar Transport Company,95,JA053
2026-03-05,7257911998,32001.6,S132,شركة القوة المتجددة للوقود,ديزل,MK004
2026-03-05,7257911862,32994.1,S132,شركة تزويد السعودية المحدودة,91,MK004
2026-03-05,7257911937,31998.0,S091,شركة ناقلين المحدودة,91,JA061
2026-03-05,7257916236,32997.2,S132,شركة النسيم الجديد المحدودة,95,MK007
2026-03-05,7257921243,33004.2,S132,مؤسسة سامي بن سلمان بن عامر الصاعدي للنقليات,95,MK015
2026-03-05,7257912188,32992.7,S132,شركة النسيم الجديد المحدودة,ديزل,MK008
2026-03-05,7257912067,32001.6,S132,شركة القوة المتجددة للوقود,ديزل,MK046
2026-03-05,7257912040,32002.6,S132,شركة القوة المتجددة للوقود,ديزل,MK064
2026-03-05,7257911951,32992.5,S132,شركة النسيم الجديد المحدودة,ديزل,MK007
2026-03-05,7257911911,33003.9,S132,شركة النسيم الجديد المحدودة,91,MK007
2026-03-05,7257911895,33006.6,S132,شركة النسيم الجديد المحدودة,91,MK003
2026-03-06,7257923275,32993.0,S132,شركة النسيم الجديد المحدودة,ديزل,MK008
2026-03-06,7257916616,32002.0,S132,شركة القوة المتجددة للوقود,ديزل,MK033
2026-03-06,7257928360,33071.2,S132,مؤسسة سامي بن سلمان بن عامر الصاعدي للنقليات,91,MK015
2026-03-06,7257928276,33001.2,S132,شركة تزويد السعودية المحدودة,91,MK004
2026-03-06,7257928247,33001.5,S132,شركة تزويد السعودية المحدودة,95,MK004
2026-03-06,7257916636,32002.1,S132,شركة القوة المتجددة للوقود,ديزل,MK072
2026-03-06,7257916675,32002.6,S132,شركة القوة المتجددة للوقود,ديزل,MK047
2026-03-06,7257922747,33003.4,S132,شركة النسيم الجديد المحدودة,91,MK008
2026-03-06,7257916722,31998.0,S091,مؤسسه عفراء امحمد ناصر المنجحي للنقليات,ديزل,JA061
2026-03-07,7257923056,32002.2,S132,شركة القوة المتجددة للوقود,ديزل,MK014
2026-03-07,7257923035,31994.0,S132,شركة القوة المتجددة للوقود,ديزل,MK022
2026-03-07,7257923011,33002.1,S132,شركة النسيم الجديد المحدودة,ديزل,MK033
2026-03-07,7257922988,33001.6,S132,شركة النسيم الجديد المحدودة,ديزل,MK007
2026-03-07,7257929217,31999.0,S091,Al-Nassar Transport Company,95,JA069
2026-03-07,7257929451,31994.0,S091,شركة ناقلين المحدودة,95,JA061
2026-03-06,7257919671,31993.0,S032,شركة هال للنقليات,91,EP051
2026-03-07,7257927948,32002.5,S032,شركة هال للنقليات,95,EP051
2026-03-04,7257897821,32017.0,S012,محطة منير سفير المطيري,91,RY025
2026-03-04,7257897889,32201.6,S184,شركة القوة المتجددة للوقود,95,RY075
2026-03-04,7257899950,32005.0,S133,شركة القوة المتجددة للوقود,91,RY075
2026-03-05,7257906935,32003.8,S142,مؤسسة مسار الطريق للنقليات,91,HA043
2026-03-05,7257906962,32019.0,S012,محطة منير سفير المطيري,91,RY024
2026-03-05,7257913557,32142.8,S184,محطة منير سفير المطيري,95,RY025
2026-03-06,7257916785,32065.3,S184,محطة منير سفير المطيري,95,RY024
2026-03-06,7257916807,31985.6,S133,شركة القوة المتجددة للوقود,91,RY075
2026-03-06,7257920494,32026.0,S012,محطة منير سفير المطيري,91,RY025
2026-03-07,7257924501,32006.3,S133,شركة القوة المتجددة للوقود,95,RY075
2026-03-06,7257898059,32999.3,S132A,شركة النسيم الجديد المحدودة,95,MK072
2026-03-06,7257898108,33003.6,S132A,شركة النسيم الجديد المحدودة,95,MK007
2026-03-06,7257898195,31990.2,S132A,شركة القوة المتجددة للوقود,95,MK028
2026-03-04,7257898392,33002.8,S132A,شركة النسيم الجديد المحدودة,ديزل,MK007
2026-03-04,7257899115,32007.8,S132A,شركة القوة المتجددة للوقود,91,MK033
2026-03-04,7257899349,32001.7,S132A,شركة القوة المتجددة للوقود,91,MK005
2026-03-04,7257899540,33001.7,S132A,شركة النسيم الجديد المحدودة,91,MK019
2026-03-04,7257899734,32993.8,S132A,شركة النسيم الجديد المحدودة,91,MK007
2026-03-04,7257901722,32989.1,S132A,شركة النسيم الجديد المحدودة,95,MK003
2026-03-04,7257901726,33000.0,S132A,شركة النسيم الجديد المحدودة,95,MK007
2026-03-04,7257901740,32990.3,S132A,شركة النسيم الجديد المحدودة,95,MK029
2026-03-04,7257909633,33004.6,S132A,شركة النسيم الجديد المحدودة,95,MK002
2026-03-04,7257909738,32998.0,S132A,شركة حسين زين العطاس وسعد عوض العصيمي وشركائهم,91,MK071
2026-03-04,7257910395,32988.0,S132A,شركة النسيم الجديد المحدودة,91,MK016
2026-03-05,7257910460,32998.3,S132A,شركة النسيم الجديد المحدودة,95,MK007
2026-03-05,7257910554,32002.6,S132A,شركة القوة المتجددة للوقود,95,MK033
2026-03-07,7257910677,32004.2,S132A,شركة القوة المتجددة للوقود,95,MK064
2026-03-07,7257910754,31992.2,S132A,شركة القوة المتجددة للوقود,95,MK047
2026-03-05,7257910976,33001.7,S132A,شركة النسيم الجديد المحدودة,ديزل,MK007
2026-03-05,7257911020,33002.0,S132A,شركة النسيم الجديد المحدودة,ديزل,MK008
2026-03-05,7257911041,32001.3,S132A,شركة القوة المتجددة للوقود,ديزل,MK004
2026-03-05,7257911136,33001.7,S132A,شركة النسيم الجديد المحدودة,91,MK003
2026-03-05,7257911188,33001.9,S132A,شركة النسيم الجديد المحدودة,91,MK008
2026-03-05,7257911215,33001.9,S132A,شركة النسيم الجديد المحدودة,91,MK023
2026-03-05,7257911232,33002.3,S132A,شركة النسيم الجديد المحدودة,91,MK018
2026-03-05,7257911267,32992.1,S132A,شركة النسيم الجديد المحدودة,91,MK072
2026-03-05,7257911317,33001.6,S132A,شركة النسيم الجديد المحدودة,91,MK007
2026-03-05,7257911357,32001.4,S132A,شركة القوة المتجددة للوقود,91,MK001
2026-03-05,7257911367,31994.5,S132A,شركة القوة المتجددة للوقود,91,MK022
2026-03-05,7257911386,32001.9,S132A,شركة القوة المتجددة للوقود,91,MK017
2026-03-05,7257911393,32002.0,S132A,شركة القوة المتجددة للوقود,91,MK047
2026-03-05,7257911413,32001.5,S132A,شركة القوة المتجددة للوقود,91,MK006
2026-03-05,7257911518,31921.4,S132A,شركة القوة المتجددة للوقود,91,MK046
2026-03-05,7257911658,33007.3,S132A,مؤسسة سامي بن سلمان بن عامر الصاعدي للنقليات,91,MK015
2026-03-05,7257912559,32992.3,S132A,شركة تزويد السعودية المحدودة,95,MK004
2026-03-05,7257912562,31990.3,S132A,شركة القوة المتجددة للوقود,95,MK005
2026-03-05,7257912566,32004.4,S132A,شركة القوة المتجددة للوقود,95,MK046
2026-03-05,7257912571,31998.0,S132A,شركة القوة المتجددة للوقود,95,MK001
2026-03-05,7257912576,32005.2,S132A,شركة القوة المتجددة للوقود,95,MK028
2026-03-05,7257912581,33028.2,S132A,شركة النسيم الجديد المحدودة,95,MK003
2026-03-05,7257915434,33004.5,S132A,شركة النسيم الجديد المحدودة,95,MK016
2026-03-06,7257915474,33001.7,S132A,شركة النسيم الجديد المحدودة,ديزل,MK007
2026-03-06,7257915488,31992.8,S132A,شركة القوة المتجددة للوقود,ديزل,MK018
2026-03-06,7257919456,32003.7,S132A,شركة القوة المتجددة للوقود,95,MK006
2026-03-06,7257919487,31992.7,S132A,شركة القوة المتجددة للوقود,95,MK017
2026-03-06,7257921398,32998.5,S132A,شركة النسيم الجديد المحدودة,91,MK003
2026-03-06,7257921546,33001.3,S132A,شركة النسيم الجديد المحدودة,91,MK020
2026-03-06,7257921695,33001.6,S132A,شركة النسيم الجديد المحدودة,91,MK072
2026-03-06,7257921798,32986.5,S132A,شركة النسيم الجديد المحدودة,91,MK029
2026-03-06,7257921875,32002.6,S132A,شركة القوة المتجددة للوقود,91,MK064
2026-03-06,7257921912,32017.0,S132A,شركة القوة المتجددة للوقود,91,MK068
2026-03-06,7257922061,32001.8,S132A,شركة القوة المتجددة للوقود,91,MK100
2026-03-06,7257922126,31994.4,S132A,شركة القوة المتجددة للوقود,91,MK063
2026-03-06,7257922195,32007.1,S132A,شركة القوة المتجددة للوقود,91,MK035
2026-03-06,7257922365,32001.7,S132A,شركة القوة المتجددة للوقود,91,MK006
2026-03-06,7257922383,32001.5,S132A,شركة القوة المتجددة للوقود,91,MK005
2026-03-06,7257922408,31979.0,S132A,شركة القوة المتجددة للوقود,91,MK028
2026-03-06,7257922517,33002.8,S132A,مؤسسة سامي بن سلمان بن عامر الصاعدي للنقليات,91,MK015
2026-03-06,7257922604,33001.4,S132A,شركة النسيم الجديد المحدودة,91,MK003
2026-03-06,7257922614,33001.7,S132A,شركة النسيم الجديد المحدودة,91,MK072
2026-03-06,7257922636,33008.3,S132A,شركة النسيم الجديد المحدودة,91,MK007
2026-03-06,7257922658,33001.9,S132A,شركة تزويد السعودية المحدودة,91,MK004
2026-03-06,7257924592,33004.8,S132A,شركة النسيم الجديد المحدودة,95,MK003
2026-03-06,7257924658,32003.6,S132A,شركة القوة المتجددة للوقود,95,BH050
2026-03-06,7257924760,32999.1,S132A,شركة النسيم الجديد المحدودة,95,MK020
2026-03-07,7257928489,31992.7,S132A,شركة القوة المتجددة للوقود,ديزل,MK028
2026-03-07,7257928506,32001.3,S132A,شركة القوة المتجددة للوقود,91,MK001
2026-03-07,7257928540,32002.0,S132A,شركة القوة المتجددة للوقود,91,MK033
2026-03-07,7257928550,32003.2,S132A,شركة القوة المتجددة للوقود,91,MK028
2026-03-07,7257928559,32001.9,S132A,شركة القوة المتجددة للوقود,91,MK093
2026-03-07,7257928583,32988.3,S132A,مؤسسة سامي بن سلمان بن عامر الصاعدي للنقليات,91,MK015
2026-03-07,7257928597,32992.2,S132A,شركة تزويد السعودية المحدودة,91,MK004
2026-03-07,7257928610,32994.5,S132A,شركة النسيم الجديد المحدودة,91,MK002
2026-03-07,7257928629,33008.0,S132A,شركة النسيم الجديد المحدودة,91,MK003
2026-03-07,7257928674,33002.4,S132A,شركة النسيم الجديد المحدودة,91,MK016
2026-03-07,7257928694,33001.5,S132A,شركة النسيم الجديد المحدودة,91,MK084
2026-03-07,7257928707,32996.1,S132A,شركة النسيم الجديد المحدودة,91,MK007
2026-03-07,7257930662,31989.1,S132A,شركة القوة المتجددة للوقود,95,MK046
2026-03-07,7257930665,32003.5,S132A,شركة القوة المتجددة للوقود,95,MK028
2026-03-07,7257930667,32004.4,S132A,شركة القوة المتجددة للوقود,95,MK005
2026-03-06,7257915461,33002.0,S132A,شركة النسيم الجديد المحدودة,ديزل,MK007
2026-03-08,7257919594,32998.6,S132A,شركة النسيم الجديد المحدودة,95,MK003
2026-03-07,7257928455,32004.7,S132A,شركة القوة المتجددة للوقود,91,MK046
2026-03-07,7257928480,31992.5,S132A,شركة القوة المتجددة للوقود,ديزل,MK046
2026-03-07,7257928500,31993.5,S132A,شركة القوة المتجددة للوقود,91,MK001
2026-03-07,7257928521,32008.5,S132A,شركة القوة المتجددة للوقود,91,MK047
2026-03-07,7257930659,33004.7,S132A,شركة النسيم الجديد المحدودة,95,MK016
2026-03-07,7257930660,33000.4,S132A,شركة النسيم الجديد المحدودة,95,MK003
2026-03-07,7257930671,32999.8,S132A,شركة النسيم الجديد المحدودة,95,MK007
2026-03-07,7257930674,33004.4,S132A,شركة النسيم الجديد المحدودة,95,MK072
2026-03-07,7257930677,32991.8,S132A,شركة النسيم الجديد المحدودة,95,MK008
2026-03-08,7257934922,33005.6,S132A,شركة النسيم الجديد المحدودة,95,MK084
2026-03-08,7257934954,33004.6,S132A,شركة النسيم الجديد المحدودة,95,MK007
2026-03-08,7257935153,31989.9,S132A,شركة القوة المتجددة للوقود,95,MK022
2026-03-08,7257935195,32003.6,S132A,شركة القوة المتجددة للوقود,95,MK017
2026-03-08,7257935835,32000.4,S132A,شركة القوة المتجددة للوقود,95,MK006
2026-03-08,7257935839,33004.0,S132A,شركة النسيم الجديد المحدودة,95,MK003
2026-03-08,7257935865,32001.5,S132A,شركة القوة المتجددة للوقود,ديزل,MK068
2026-03-08,7257935872,32001.4,S132A,شركة القوة المتجددة للوقود,ديزل,MK064
2026-03-08,7257935880,32001.7,S132A,شركة القوة المتجددة للوقود,ديزل,MK047
2026-03-08,7257935969,31993.6,S132A,شركة القوة المتجددة للوقود,91,MK017
2026-03-08,7257936000,31993.7,S132A,شركة القوة المتجددة للوقود,91,MK022
2026-03-08,7257936017,31993.6,S132A,شركة القوة المتجددة للوقود,91,MK033
2026-03-08,7257936075,32001.3,S132A,شركة القوة المتجددة للوقود,91,MK005
2026-03-08,7257936079,32001.2,S132A,شركة القوة المتجددة للوقود,91,MK028
2026-03-08,7257936083,32001.8,S132A,شركة القوة المتجددة للوقود,91,MK046
2026-03-08,7257936245,32979.1,S132A,شركة النسيم الجديد المحدودة,91,MK008
2026-03-08,7257936250,32998.1,S132A,شركة النسيم الجديد المحدودة,91,MK031
2026-03-08,7257936260,33002.0,S132A,شركة النسيم الجديد المحدودة,91,MK018
2026-03-08,7257936273,32980.6,S132A,شركة النسيم الجديد المحدودة,91,MK072
2026-03-08,7257936285,33001.5,S132A,شركة النسيم الجديد المحدودة,91,MK007
2026-03-08,7257936361,32992.3,S132A,شركة تزويد السعودية المحدودة,91,MK004
2026-03-08,7257936386,32995.5,S132A,شركة تزويد السعودية المحدودة,91,MK004
2026-03-08,7257937884,32001.7,S132A,شركة القوة المتجددة للوقود,91,MK006
2026-03-09,7257943178,32004.6,S132A,شركة القوة المتجددة للوقود,95,MK063
2026-03-09,7257943199,31966.4,S132A,شركة القوة المتجددة للوقود,95,MK006
2026-03-09,7257943227,32003.4,S132A,شركة القوة المتجددة للوقود,95,MK033
2026-03-09,7257943280,32000.2,S132A,شركة القوة المتجددة للوقود,95,MK035
2026-03-09,7257944789,33001.5,S132A,شركة النسيم الجديد المحدودة,ديزل,MK007
2026-03-09,7257944818,32992.2,S132A,شركة النسيم الجديد المحدودة,ديزل,MK008
2026-03-09,7257944894,32993.2,S132A,شركة النسيم الجديد المحدودة,91,MK020
2026-03-09,7257945284,32994.4,S132A,شركة النسيم الجديد المحدودة,91,MK007
2026-03-09,7257945329,33002.0,S132A,شركة النسيم الجديد المحدودة,91,MK008
2026-03-09,7257945400,32993.7,S132A,شركة حسين زين العطاس وسعد عوض العصيمي وشركائهم,91,MK016
2026-03-09,7257945957,33004.3,S132A,مؤسسة سامي بن سلمان بن عامر الصاعدي للنقليات,95,MK015
2026-03-09,7257945974,33003.8,S132A,شركة النسيم الجديد المحدودة,95,MK020
2026-03-09,7257946033,32979.4,S132A,شركة تزويد السعودية المحدودة,91,MK004
2026-03-07,7257935335,32001.5,S132,شركة القوة المتجددة للوقود,ديزل,MK004
2026-03-07,7257930992,33005.2,S132,شركة تزويد السعودية المحدودة,95,MK004
2026-03-07,7257935447,31990.5,S132,شركة القوة المتجددة للوقود,95,MK093
2026-03-07,7257935694,32990.0,S132,مؤسسة سامي بن سلمان بن عامر الصاعدي للنقليات,95,MK029
2026-03-07,7257935723,33005.5,S132,مؤسسة سامي بن سلمان بن عامر الصاعدي للنقليات,95,MK018
2026-03-07,7257935782,32004.6,S132,شركة القوة المتجددة للوقود,95,MK001
2026-03-07,7257923021,33001.5,S132,شركة النسيم الجديد المحدودة,ديزل,MK007
2026-03-07,7257923065,31993.9,S132,شركة القوة المتجددة للوقود,ديزل,MK033
2026-03-07,7257923086,32002.3,S132,شركة القوة المتجددة للوقود,ديزل,MK029
2026-03-07,7257928751,33001.4,S132,شركة النسيم الجديد المحدودة,91,MK007
2026-03-07,7257928744,33001.9,S132,شركة النسيم الجديد المحدودة,91,MK029
2026-03-07,7257928741,33001.1,S132,شركة النسيم الجديد المحدودة,91,MK072
2026-03-07,7257928729,33001.9,S132,شركة النسيم الجديد المحدودة,91,MK003
2026-03-07,7257923290,31991.7,S132,شركة القوة المتجددة للوقود,ديزل,MK004
2026-03-07,7257935541,32004.0,S132,شركة القوة المتجددة للوقود,95,MK068
2026-03-08,7257928873,31992.3,S132,شركة القوة المتجددة للوقود,ديزل,MK029
2026-03-08,7257928825,33001.6,S132,شركة النسيم الجديد المحدودة,ديزل,MK007
2026-03-08,7257923549,33003.6,S132,شركة تزويد السعودية المحدودة,95,MK004
2026-03-08,7257923513,32992.0,S132,شركة النسيم الجديد المحدودة,95,MK031
2026-03-08,7257943813,32989.9,S132,شركة النسيم الجديد المحدودة,95,MK007
2026-03-08,7257928862,33001.3,S132,شركة النسيم الجديد المحدودة,ديزل,MK007
2026-03-08,7257935853,32003.5,S132,شركة القوة المتجددة للوقود,95,MK047
2026-03-08,7257944344,31995.0,S091,Al-Nassar Transport Company,ديزل,JA053
2026-03-09,7257943878,31993.2,S132,شركة القوة المتجددة للوقود,ديزل,MK031
2026-03-09,7257943862,32001.6,S132,شركة القوة المتجددة للوقود,ديزل,MK022
2026-03-09,7257946146,32988.2,S132,مؤسسة سامي بن سلمان بن عامر الصاعدي للنقليات,91,MK071
2026-03-09,7257947441,32001.9,S132,شركة القوة المتجددة للوقود,ديزل,MK054
2026-03-09,7257947447,32001.2,S132,شركة القوة المتجددة للوقود,ديزل,MK054
2026-03-09,7257947495,32001.6,S132,شركة القوة المتجددة للوقود,ديزل,MK004
2026-03-09,7257928420,32997.8,S132,شركة النسيم الجديد المحدودة,95,MK003
2026-03-09,7257928810,32004.4,S132,شركة القوة المتجددة للوقود,95,MK005
2026-03-09,7257936990,32993.3,S132,شركة النسيم الجديد المحدودة,91,MK003
2026-03-09,7257937013,32993.2,S132,شركة النسيم الجديد المحدودة,91,MK072
2026-03-09,7257937023,33006.0,S132,شركة النسيم الجديد المحدودة,91,MK007
2026-03-09,7257937034,33002.4,S132,شركة النسيم الجديد المحدودة,91,MK023
2026-03-09,7257937041,31992.4,S132,شركة القوة المتجددة للوقود,91,MK054
2026-03-09,7257937044,32001.8,S132,شركة القوة المتجددة للوقود,91,MK005
2026-03-09,7257937052,31992.7,S132,شركة القوة المتجددة للوقود,ديزل,MK035
2026-03-09,7257944373,31995.0,S091,Al-Nassar Transport Company,ديزل,JA053
2026-03-07,7257912933,32008.0,S012,شركة القوة المتجددة للوقود,ديزل,RY075
2026-03-07,7257929319,32051.6,S184,محطة منير سفير المطيري,95,RY042
2026-03-08,7257929336,32001.7,S142,مؤسسة مسار الطريق للنقليات,95,HA043
2026-03-08,7257935359,32004.3,S133,شركة القوة المتجددة للوقود,95,RY025
2026-03-08,7257935404,32018.0,S012,محطة منير سفير المطيري,91,RY042
2026-03-08,7257935385,31993.8,S133,شركة القوة المتجددة للوقود,91,RY075
2026-03-09,7257936836,32002.0,S142,مؤسسة مسار الطريق للنقليات,91,QS055
2026-03-10,7257935115,32000.7,S132A,شركة القوة المتجددة للوقود,95,MK099
2026-03-10,7257935165,31998.6,S132A,شركة تزويد السعودية المحدودة,95,MK004
2026-03-10,7257935215,31999.8,S132A,شركة القوة المتجددة للوقود,95,MK046
2026-03-11,7257943291,32003.8,S132A,شركة القوة المتجددة للوقود,95,MK001
2026-03-11,7257943299,32002.3,S132A,شركة القوة المتجددة للوقود,95,MK064
2026-03-09,7257944840,32993.2,S132A,شركة النسيم الجديد المحدودة,ديزل,MK007
2026-03-09,7257945256,33004.3,S132A,شركة النسيم الجديد المحدودة,95,MK008
2026-03-09,7257945360,32993.4,S132A,شركة النسيم الجديد المحدودة,91,MK003
2026-03-09,7257945412,32993.3,S132A,شركة النسيم الجديد المحدودة,91,MK002
2026-03-09,7257945668,31993.5,S132A,شركة القوة المتجددة للوقود,91,MK063
2026-03-09,7257945734,32001.6,S132A,شركة القوة المتجددة للوقود,91,MK035
2026-03-09,7257945761,32001.5,S132A,شركة القوة المتجددة للوقود,91,MK047
2026-03-09,7257946056,33002.5,S132A,شركة تزويد السعودية المحدودة,91,MK004
2026-03-09,7257947427,31992.1,S132A,شركة القوة المتجددة للوقود,91,MK054
2026-03-09,7257947708,31980.0,S132A,شركة القوة المتجددة للوقود,91,MK017
2026-03-09,7257948178,32005.3,S132A,شركة القوة المتجددة للوقود,95,MK047
2026-03-10,7257954820,32985.9,S132A,شركة النسيم الجديد المحدودة,91,MK003
2026-03-10,7257954898,32983.3,S132A,شركة النسيم الجديد المحدودة,91,MK016
2026-03-10,7257954926,32992.7,S132A,شركة النسيم الجديد المحدودة,91,MK084
2026-03-10,7257954951,33002.3,S132A,شركة النسيم الجديد المحدودة,91,MK072
2026-03-10,7257955173,33003.0,S132A,شركة النسيم الجديد المحدودة,91,MK018
2026-03-10,7257955462,31981.8,S132A,شركة القوة المتجددة للوقود,91,MK028
2026-03-10,7257955474,32002.5,S132A,شركة القوة المتجددة للوقود,91,MK068
2026-03-10,7257955485,32001.5,S132A,شركة القوة المتجددة للوقود,91,MK099
2026-03-10,7257955496,32001.5,S132A,شركة القوة المتجددة للوقود,91,BH050
2026-03-10,7257955520,32001.5,S132A,شركة القوة المتجددة للوقود,91,MK064
2026-03-10,7257955536,31995.8,S132A,شركة القوة المتجددة للوقود,91,MK006
2026-03-10,7257955544,31992.5,S132A,شركة القوة المتجددة للوقود,91,MK033
2026-03-10,7257955556,32005.8,S132A,شركة القوة المتجددة للوقود,91,MK005
2026-03-10,7257955568,32001.9,S132A,شركة القوة المتجددة للوقود,91,MK046
2026-03-10,7257955640,32993.6,S132A,شركة النسيم الجديد المحدودة,91,MK072
2026-03-10,7257955771,32994.1,S132A,شركة النسيم الجديد المحدودة,91,MK007
2026-03-10,7257957757,32998.0,S132A,شركة النسيم الجديد المحدودة,95,MK007
2026-03-10,7257957761,32993.1,S132A,شركة النسيم الجديد المحدودة,95,MK003
2026-03-10,7257957778,32985.9,S132A,شركة النسيم الجديد المحدودة,95,MK016
2026-03-10,7257957793,33004.5,S132A,شركة النسيم الجديد المحدودة,95,MK072
2026-03-10,7257957830,33003.5,S132A,مؤسسة سامي بن سلمان بن عامر الصاعدي للنقليات,95,MK071
2026-03-10,7257957930,32992.0,S132A,شركة النسيم الجديد المحدودة,95,MK029
2026-03-11,7257958468,32004.6,S132A,شركة القوة المتجددة للوقود,95,MK028
2026-03-11,7257963232,32003.7,S132A,شركة القوة المتجددة للوقود,95,MK005
2026-03-11,7257963257,33002.0,S132A,شركة النسيم الجديد المحدودة,95,MK003
2026-03-11,7257964117,33002.9,S132A,شركة النسيم الجديد المحدودة,ديزل,MK007
2026-03-11,7257964181,33001.7,S132A,شركة النسيم الجديد المحدودة,ديزل,MK084
2026-03-11,7257964214,33002.0,S132A,شركة النسيم الجديد المحدودة,ديزل,MK008
2026-03-11,7257964836,32998.7,S132A,شركة النسيم الجديد المحدودة,91,MK003
2026-03-11,7257964865,32996.7,S132A,شركة النسيم الجديد المحدودة,91,MK020
2026-03-11,7257964883,33005.5,S132A,شركة النسيم الجديد المحدودة,91,MK007
2026-03-11,7257965046,31997.0,S132A,شركة القوة المتجددة للوقود,91,MK022
2026-03-11,7257965149,31979.1,S132A,شركة القوة المتجددة للوقود,91,MK028
2026-03-11,7257965420,33004.2,S132A,شركة النسيم الجديد المحدودة,95,MK084
2026-03-11,7257965817,32991.4,S132A,شركة النسيم الجديد المحدودة,95,MK003
2026-03-11,7257965992,32991.3,S132A,شركة تزويد السعودية المحدودة,91,MK004
2026-03-09,7257948276,32003.8,S132,شركة القوة المتجددة للوقود,95,MK054
2026-03-09,7257949036,33004.0,S132,شركة النسيم الجديد المحدودة,95,MK007
2026-03-09,7257949040,33003.6,S132,شركة النسيم الجديد المحدودة,95,MK019
2026-03-09,7257953785,33005.4,S132,شركة النسيم الجديد المحدودة,95,MK023
2026-03-09,7257954079,32994.3,S132,شركة النسيم الجديد المحدودة,91,MK029
2026-03-09,7257955890,32003.2,S132,شركة القوة المتجددة للوقود,95,MK028
2026-03-09,7257943960,32002.1,S132,شركة القوة المتجددة للوقود,ديزل,MK046
2026-03-09,7257947511,32002.7,S132,شركة القوة المتجددة للوقود,ديزل,MK054
2026-03-09,7257947522,32002.6,S132,شركة القوة المتجددة للوقود,ديزل,MK054
2026-03-09,7257928782,33003.9,S132,شركة تزويد السعودية المحدودة,95,MK004
2026-03-09,7257954000,32998.9,S132,مؤسسة سامي بن سلمان بن عامر الصاعدي للنقليات,95,MK015
2026-03-10,7257954334,32001.6,S132,شركة القوة المتجددة للوقود,ديزل,MK072
2026-03-10,7257957367,32001.9,S132,شركة القوة المتجددة للوقود,ديزل,MK071
2026-03-10,7257957385,31992.6,S132,شركة القوة المتجددة للوقود,ديزل,MK004
2026-03-10,7257936948,32000.2,S132,شركة القوة المتجددة للوقود,95,MK005
2026-03-10,7257946210,32994.0,S132,شركة النسيم الجديد المحدودة,ديزل,MK007
2026-03-10,7257946224,33001.3,S132,شركة النسيم الجديد المحدودة,ديزل,MK007
2026-03-10,7257946258,31994.6,S132,شركة القوة المتجددة للوقود,ديزل,MK014
2026-03-10,7257954236,31995.0,S091,Al-Nassar Transport Company,95,JA053
2026-03-10,7257954135,31996.0,S091,شركة ناقلين المحدودة,ديزل,JA061
2026-03-10,7257954148,31997.0,S091,شركة ناقلين المحدودة,91,JA061
2026-03-10,7257954207,31997.0,S091,Al-Nassar Transport Company,91,JA053
2026-03-10,7257954180,31999.0,S091,Al-Nassar Transport Company,91,JA069
2026-03-10,7257958431,33004.3,S132,شركة النسيم الجديد المحدودة,95,MK007
2026-03-10,7257958437,32993.9,S132,مؤسسة سامي بن سلمان بن عامر الصاعدي للنقليات,91,MK015
2026-03-10,7257959279,33005.7,S132,شركة النسيم الجديد المحدودة,91,MK008
2026-03-10,7257963536,33001.8,S132,شركة النسيم الجديد المحدودة,ديزل,MK008
2026-03-10,7257957336,32001.1,S132,شركة القوة المتجددة للوقود,ديزل,MK033
2026-03-10,7257946246,33001.6,S132,شركة النسيم الجديد المحدودة,ديزل,MK007
2026-03-10,7257954346,31992.5,S132,شركة القوة المتجددة للوقود,ديزل,MK047
2026-03-10,7257954277,31997.0,S091,Al-Nassar Transport Company,91,JA060
2026-03-11,7257964458,32001.6,S132,شركة القوة المتجددة للوقود,ديزل,MK004
2026-03-11,7257964446,31993.9,S132,شركة القوة المتجددة للوقود,ديزل,MK018
2026-03-11,7257964417,31994.0,S132,شركة القوة المتجددة للوقود,ديزل,MK046
2026-03-11,7257964388,31993.5,S132,شركة القوة المتجددة للوقود,ديزل,MK033
2026-03-11,7257964334,32002.0,S132,شركة القوة المتجددة للوقود,ديزل,MK093
2026-03-09,7257946322,31986.0,S133,شركة القوة المتجددة للوقود,91,RY024
2026-03-10,7257936565,32024.0,S012,شركة القوة المتجددة للوقود,ديزل,RY075
2026-03-10,7257946341,32010.8,S184,شركة القوة المتجددة للوقود,95,RY075
2026-03-10,7257949027,32004.6,S142,مؤسسة مسار الطريق للنقليات,95,QS055
2026-03-10,7257956398,32001.5,S142,مؤسسة مسار الطريق للنقليات,ديزل,QS055
2026-03-11,7257946348,31952.1,S184,محطة منير سفير المطيري,95,RY025
2026-03-11,7257953951,31987.0,S032,شركة هال للنقليات,91,EP051
2026-03-12,7257955008,32990.7,S132A,شركة النسيم الجديد المحدودة,95,MK007
2026-03-11,7257964899,32991.2,S132A,شركة النسيم الجديد المحدودة,91,MK003
2026-03-11,7257964927,33001.9,S132A,شركة النسيم الجديد المحدودة,91,MK018
2026-03-11,7257964960,32978.3,S132A,شركة النسيم الجديد المحدودة,91,MK072
2026-03-11,7257964999,33003.5,S132A,شركة النسيم الجديد المحدودة,91,MK007
2026-03-11,7257965020,31991.9,S132A,شركة القوة المتجددة للوقود,91,MK017
2026-03-11,7257965076,31983.4,S132A,شركة القوة المتجددة للوقود,91,MK047
2026-03-11,7257965120,31998.5,S132A,شركة القوة المتجددة للوقود,91,MK014
2026-03-11,7257965930,32001.6,S132A,شركة القوة المتجددة للوقود,91,MK001
2026-03-11,7257973246,33003.3,S132A,شركة النسيم الجديد المحدودة,95,MK007
2026-03-12,7257973313,32001.9,S132A,شركة القوة المتجددة للوقود,95,MK068
2026-03-11,7257973365,32003.7,S132A,شركة القوة المتجددة للوقود,95,MK017
2026-03-12,7257974799,32002.0,S132A,شركة القوة المتجددة للوقود,91,MK001
2026-03-12,7257974838,32001.6,S132A,شركة القوة المتجددة للوقود,91,MK005
2026-03-12,7257974901,32001.7,S132A,شركة القوة المتجددة للوقود,91,MK063
2026-03-12,7257975114,33001.3,S132A,شركة النسيم الجديد المحدودة,91,MK003
2026-03-12,7257975181,33001.4,S132A,شركة النسيم الجديد المحدودة,91,MK008
2026-03-12,7257975238,32994.6,S132A,شركة النسيم الجديد المحدودة,91,MK019
2026-03-12,7257975304,33002.6,S132A,شركة النسيم الجديد المحدودة,91,MK023
2026-03-12,7257975516,33001.7,S132A,شركة النسيم الجديد المحدودة,91,MK007
2026-03-12,7257976332,32994.9,S132A,شركة النسيم الجديد المحدودة,ديزل,MK007
2026-03-12,7257976364,33001.8,S132A,شركة النسيم الجديد المحدودة,ديزل,MK008
2026-03-12,7257976963,31988.1,S132A,شركة القوة المتجددة للوقود,95,MK001
2026-03-12,7257977403,32001.8,S132A,شركة القوة المتجددة للوقود,95,MK063
2026-03-12,7257977405,31993.6,S132A,شركة القوة المتجددة للوقود,95,MK006
2026-03-12,7257969461,32010.1,S184,محطة منير سفير المطيري,95,RY024
2026-03-12,7257976582,32004.5,S133,شركة القوة المتجددة للوقود,95,RY075
2026-03-12,7257976616,32002.0,S133,شركة القوة المتجددة للوقود,91,RY075
2026-03-11,7257974606,32997.2,S132,شركة النسيم الجديد المحدودة,95,MK008
2026-03-11,7257974117,32030.1,S132,شركة القوة المتجددة للوقود,95,MK100
2026-03-11,7257976550,33007.3,S132,مؤسسة سامي بن سلمان بن عامر الصاعدي للنقليات,91,MK015
2026-03-11,7257964494,32034.9,S132,شركة القوة المتجددة للوقود,ديزل,MK022
2026-03-11,7257964548,32001.5,S132,شركة القوة المتجددة للوقود,ديزل,MK064
2026-03-11,7257964621,31994.0,S132,شركة القوة المتجددة للوقود,ديزل,MK004
2026-03-11,7257964252,32995.8,S132,شركة النسيم الجديد المحدودة,ديزل,MK008
2026-03-11,7257964280,32991.5,S132,شركة النسيم الجديد المحدودة,ديزل,MK007
2026-03-12,7257976887,33003.6,S132,شركة النسيم الجديد المحدودة,95,MK003
2026-03-12,7257976872,32920.3,S132,شركة تزويد السعودية المحدودة,91,MK004
2026-03-12,7257976857,31993.6,S132,شركة القوة المتجددة للوقود,ديزل,MK033
2026-03-12,7257976760,32002.2,S132,شركة القوة المتجددة للوقود,ديزل,MK100
2026-03-12,7257974669,32001.8,S132,شركة القوة المتجددة للوقود,ديزل,MK004
2026-03-13,7257963719,32990.1,S132A,شركة النسيم الجديد المحدودة,95,MK072
2026-03-13,7257963730,32997.7,S132A,شركة النسيم الجديد المحدودة,95,MK016
2026-03-14,7257973320,32004.9,S132A,شركة القوة المتجددة للوقود,95,MK028
2026-03-14,7257973331,33004.0,S132A,شركة النسيم الجديد المحدودة,95,MK003
2026-03-12,7257974877,32006.8,S132A,شركة القوة المتجددة للوقود,91,MK006
2026-03-12,7257974932,32002.0,S132A,شركة القوة المتجددة للوقود,91,MK093
2026-03-12,7257975565,33001.6,S132A,شركة النسيم الجديد المحدودة,91,MK016
2026-03-12,7257975607,33005.1,S132A,شركة النسيم الجديد المحدودة,91,MK031
2026-03-12,7257975657,32995.8,S132A,شركة النسيم الجديد المحدودة,91,MK072
2026-03-12,7257975696,33002.6,S132A,شركة النسيم الجديد المحدودة,91,MK007
2026-03-12,7257976520,32993.3,S132A,شركة النسيم الجديد المحدودة,ديزل,MK007
2026-03-12,7257977407,32004.2,S132A,شركة القوة المتجددة للوقود,95,MK047
2026-03-12,7257979425,33004.1,S132A,شركة النسيم الجديد المحدودة,95,MK020
2026-03-12,7257979444,33003.6,S132A,شركة النسيم الجديد المحدودة,95,MK018
2026-03-12,7257979462,32989.5,S132A,شركة النسيم الجديد المحدودة,95,MK007
2026-03-13,7257986100,31998.7,S132A,شركة القوة المتجددة للوقود,95,MK022
2026-03-13,7257986217,32004.7,S132A,شركة القوة المتجددة للوقود,95,MK005
2026-03-14,7257986311,32002.2,S132A,شركة القوة المتجددة للوقود,95,MK017
2026-03-13,7257986348,32994.6,S132A,شركة النسيم الجديد المحدودة,ديزل,MK007
2026-03-13,7257986428,33001.8,S132A,شركة النسيم الجديد المحدودة,ديزل,MK007
2026-03-13,7257986518,32002.4,S132A,شركة القوة المتجددة للوقود,ديزل,MK029
2026-03-13,7257986697,32992.2,S132A,مؤسسة سامي بن سلمان بن عامر الصاعدي للنقليات,91,MK071
2026-03-13,7257986890,33001.7,S132A,شركة النسيم الجديد المحدودة,91,MK003
2026-03-13,7257986979,32992.6,S132A,شركة النسيم الجديد المحدودة,91,MK072
2026-03-13,7257987045,33006.5,S132A,شركة النسيم الجديد المحدودة,91,MK007
2026-03-13,7257987116,33001.5,S132A,شركة النسيم الجديد المحدودة,91,MK029
2026-03-13,7257987188,31991.9,S132A,شركة القوة المتجددة للوقود,91,MK005
2026-03-13,7257987225,32001.1,S132A,شركة القوة المتجددة للوقود,91,MK046
2026-03-13,7257987244,31993.1,S132A,شركة القوة المتجددة للوقود,91,MK047
2026-03-13,7257987270,31991.8,S132A,شركة القوة المتجددة للوقود,91,MK035
2026-03-13,7257987289,32001.6,S132A,شركة القوة المتجددة للوقود,91,MK064
2026-03-13,7257987339,32003.1,S132A,شركة القوة المتجددة للوقود,91,MK028
2026-03-13,7257987609,32001.3,S132A,شركة القوة المتجددة للوقود,91,MK006
2026-03-13,7257987687,32009.5,S132A,شركة القوة المتجددة للوقود,91,MK001
2026-03-13,7257987756,33001.6,S132A,مؤسسة سامي بن سلمان بن عامر الصاعدي للنقليات,91,MK015
2026-03-13,7257987987,32992.1,S132A,شركة النسيم الجديد المحدودة,91,MK003
2026-03-13,7257988042,33003.9,S132A,شركة تزويد السعودية المحدودة,95,MK004
2026-03-13,7257988057,31993.0,S132A,شركة القوة المتجددة للوقود,95,MK028
2026-03-13,7257993777,32002.0,S132A,شركة القوة المتجددة للوقود,95,MK093
2026-03-13,7257993792,33003.9,S132A,شركة تزويد السعودية المحدودة,95,MK004
2026-03-14,7257993828,32993.1,S132A,شركة النسيم الجديد المحدودة,95,MK029
2026-03-14,7257993841,33004.8,S132A,شركة النسيم الجديد المحدودة,95,MK007
2026-03-14,7257993849,33004.5,S132A,شركة النسيم الجديد المحدودة,95,MK023
2026-03-14,7257993875,32090.2,S132A,شركة القوة المتجددة للوقود,95,MK005
2026-03-14,7257993892,33003.4,S132A,شركة النسيم الجديد المحدودة,ديزل,MK007
2026-03-14,7257993895,33001.8,S132A,شركة النسيم الجديد المحدودة,ديزل,MK007
2026-03-14,7257993948,32001.5,S132A,شركة القوة المتجددة للوقود,91,MK017
2026-03-14,7257993955,32001.3,S132A,شركة القوة المتجددة للوقود,91,MK001
2026-03-14,7257993977,32001.7,S132A,شركة القوة المتجددة للوقود,91,MK068
2026-03-14,7257993996,31922.9,S132A,شركة القوة المتجددة للوقود,91,MK046
2026-03-14,7257994164,33001.7,S132A,شركة النسيم الجديد المحدودة,91,MK002
2026-03-14,7257994170,33001.2,S132A,شركة النسيم الجديد المحدودة,91,MK072
2026-03-14,7257994172,32992.4,S132A,شركة النسيم الجديد المحدودة,91,MK019
2026-03-14,7257994174,33001.7,S132A,شركة النسيم الجديد المحدودة,91,MK016
2026-03-14,7257994176,32992.3,S132A,شركة النسيم الجديد المحدودة,91,MK084
2026-03-14,7257994178,33001.7,S132A,شركة النسيم الجديد المحدودة,91,MK007
2026-03-14,7257994224,33001.4,S132A,شركة النسيم الجديد المحدودة,91,MK003
2026-03-14,7257994255,32993.5,S132A,شركة النسيم الجديد المحدودة,91,MK029
2026-03-14,7257996216,31991.5,S132A,شركة القوة المتجددة للوقود,95,MK033
2026-03-12,7257987967,32001.9,S132,شركة القوة المتجددة للوقود,91,MK033
2026-03-12,7257985183,33003.9,S132,شركة النسيم الجديد المحدودة,95,MK029
2026-03-12,7257985134,32988.6,S132,شركة النسيم الجديد المحدودة,95,MK002
2026-03-12,7257985029,33003.8,S132,شركة تزويد السعودية المحدودة,95,MK004
2026-03-12,7257976811,32001.9,S132,شركة القوة المتجددة للوقود,ديزل,MK046
2026-03-12,7257976825,32002.0,S132,شركة القوة المتجددة للوقود,ديزل,MK004
2026-03-12,7257976838,31993.7,S132,شركة القوة المتجددة للوقود,ديزل,MK014
2026-03-12,7257976851,32002.0,S132,شركة القوة المتجددة للوقود,ديزل,MK047
2026-03-12,7257985375,32004.0,S132,شركة القوة المتجددة للوقود,95,MK046
2026-03-13,7257992318,32003.9,S132,شركة القوة المتجددة للوقود,95,MK014
2026-03-13,7257988684,32002.7,S132,شركة القوة المتجددة للوقود,ديزل,MK022
2026-03-13,7257988672,31993.3,S132,شركة القوة المتجددة للوقود,ديزل,MK028
2026-03-13,7257988884,31995.0,S091,Al-Nassar Transport Company,95,JA069
2026-03-13,7257990204,33004.3,S132,مؤسسة سامي بن سلمان بن عامر الصاعدي للنقليات,95,MK015
2026-03-13,7257992370,31998.0,S132,شركة القوة المتجددة للوقود,95,MK035
2026-03-13,7257993612,33003.3,S132,شركة النسيم الجديد المحدودة,95,MK007
2026-03-13,7257993617,32998.8,S132,شركة النسيم الجديد المحدودة,95,MK003
2026-03-13,7257988719,31993.4,S132,شركة القوة المتجددة للوقود,ديزل,MK047
2026-03-13,7257988700,32002.8,S132,شركة القوة المتجددة للوقود,ديزل,MK033
2026-03-13,7257988622,33024.1,S132,شركة النسيم الجديد المحدودة,91,MK020
2026-03-13,7257988607,33001.7,S132,شركة النسيم الجديد المحدودة,91,MK003
2026-03-13,7257988596,32992.5,S132,شركة النسيم الجديد المحدودة,91,MK008
2026-03-13,7257988892,31997.0,S091,Al-Nassar Transport Company,91,JA069
2026-03-14,7257994982,32002.1,S132,شركة القوة المتجددة للوقود,ديزل,MK004
2026-03-14,7257994916,31993.9,S132,شركة القوة المتجددة للوقود,ديزل,MK064
2026-03-14,7257994304,32001.0,S132,شركة القوة المتجددة للوقود,ديزل,MK029
2026-03-14,7257995121,31998.0,S091,شركة ناقلين المحدودة,ديزل,JA061
2026-03-12,7257969518,32002.1,S133,شركة القوة المتجددة للوقود,91,RY025
2026-03-13,7257979961,32017.8,S142,مؤسسة مسار الطريق للنقليات,91,HA043
2026-03-13,7257984011,31975.6,S142,مؤسسة مسار الطريق للنقليات,ديزل,QS055
2026-03-13,7257976669,32022.0,S012,محطة منير سفير المطيري,91,RY024
2026-03-13,7257984963,32001.9,S133,شركة القوة المتجددة للوقود,91,RY075
2026-03-14,7257993752,31998.0,S142,مؤسسة مسار الطريق للنقليات,91,QS055
2026-03-13,7257974728,36003.2,S143,شركة هال للنقليات,ديزل,EP051
2026-03-13,7257984091,32002.5,S032,شركة هال للنقليات,95,EP051
2026-03-14,7257999711,32004.4,S132,شركة القوة المتجددة للوقود,95,MK006
2026-03-14,7257996756,32991.3,S132,شركة تزويد السعودية المحدودة,91,MK004
2026-03-14,7257996307,32004.7,S132,شركة القوة المتجددة للوقود,95,MK001
2026-03-14,7257995265,32001.7,S132,شركة القوة المتجددة للوقود,ديزل,MK046
2026-03-14,7257995217,31989.0,S132,شركة القوة المتجددة للوقود,95,MK046
2026-03-14,7257995015,32002.3,S132,شركة القوة المتجددة للوقود,ديزل,MK004
2026-03-14,7257995113,31993.0,S091,شركة ناقلين المحدودة,95,JA061
2026-03-15,7258000942,32992.1,S132,شركة تزويد السعودية المحدودة,91,MK004
2026-03-15,7258000924,32002.0,S132,شركة القوة المتجددة للوقود,ديزل,MK033
2026-03-15,7258000907,32002.2,S132,شركة القوة المتجددة للوقود,ديزل,MK063
2026-03-15,7258000903,32001.7,S132,شركة القوة المتجددة للوقود,ديزل,MK035
2026-03-15,7258000892,33001.7,S132,مؤسسة سامي بن سلمان بن عامر الصاعدي للنقليات,91,MK015
2026-03-14,7257994067,32025.0,S012,محطة منير سفير المطيري,ديزل,RY024
2026-03-14,7257993757,32004.6,S133,شركة القوة المتجددة للوقود,95,RY075
2026-03-15,7257988423,32009.0,S012,محطة منير سفير المطيري,ديزل,RY025
2026-03-15,7258000592,31979.1,S133,شركة القوة المتجددة للوقود,91,RY075
2026-03-15,7258000835,32008.8,S133,شركة القوة المتجددة للوقود,95,RY025
2026-03-16,7258009192,32023.0,S012,محطة منير سفير المطيري,91,RY042
2026-03-14,7257994018,31998.2,S132A,شركة القوة المتجددة للوقود,91,MK005
2026-03-14,7257994247,33003.0,S132A,شركة النسيم الجديد المحدودة,91,MK018
2026-03-14,7257996205,32998.7,S132A,شركة النسيم الجديد المحدودة,95,MK008
2026-03-14,7257996210,33002.2,S132A,شركة النسيم الجديد المحدودة,95,MK003
2026-03-14,7257996213,33004.3,S132A,شركة النسيم الجديد المحدودة,95,MK020
2026-03-15,7257990317,33002.0,S132A,شركة تزويد السعودية المحدودة,95,MK004
2026-03-15,7257990322,31992.7,S132A,شركة القوة المتجددة للوقود,95,MK054
2026-03-15,7257990327,31997.9,S132A,شركة القوة المتجددة للوقود,95,MK064
2026-03-15,7257990338,32992.8,S132A,شركة النسيم الجديد المحدودة,95,MK007
2026-03-15,7257999443,31992.0,S132A,شركة القوة المتجددة للوقود,95,MK063
2026-03-15,7257999451,33003.5,S132A,شركة النسيم الجديد المحدودة,95,MK084
2026-03-15,7257999472,33001.8,S132A,شركة النسيم الجديد المحدودة,95,MK007
2026-03-15,7257999481,33003.8,S132A,شركة النسيم الجديد المحدودة,95,MK072
2026-03-15,7257999596,33002.0,S132A,شركة النسيم الجديد المحدودة,ديزل,MK007
2026-03-15,7257999637,32995.0,S132A,شركة النسيم الجديد المحدودة,ديزل,MK007
2026-03-15,7257999666,32002.5,S132A,شركة القوة المتجددة للوقود,ديزل,MK014
2026-03-15,7257999806,32001.6,S132A,شركة القوة المتجددة للوقود,91,MK028
2026-03-15,7257999839,31992.1,S132A,شركة القوة المتجددة للوقود,91,MK100
2026-03-15,7257999861,32006.4,S132A,شركة القوة المتجددة للوقود,91,MK022
2026-03-15,7257999889,31993.5,S132A,شركة القوة المتجددة للوقود,91,MK033
2026-03-15,7257999901,31993.5,S132A,شركة القوة المتجددة للوقود,91,MK093
2026-03-15,7257999951,32994.6,S132A,شركة النسيم الجديد المحدودة,91,MK008
2026-03-15,7258000110,32992.6,S132A,شركة النسيم الجديد المحدودة,91,MK016
2026-03-15,7258000126,33001.7,S132A,شركة النسيم الجديد المحدودة,91,MK029
2026-03-15,7258000148,33000.7,S132A,شركة النسيم الجديد المحدودة,91,MK072
2026-03-15,7258000169,32993.2,S132A,شركة النسيم الجديد المحدودة,91,MK003
2026-03-15,7258000188,32992.8,S132A,شركة النسيم الجديد المحدودة,91,MK003
2026-03-15,7258000194,32993.7,S132A,شركة النسيم الجديد المحدودة,91,MK007
2026-03-15,7258000446,31976.0,S132A,شركة القوة المتجددة للوقود,91,MK063
2026-03-15,7258000461,31992.4,S132A,شركة القوة المتجددة للوقود,91,MK046
2026-03-15,7258001327,31993.0,S132A,شركة القوة المتجددة للوقود,95,MK047
2026-03-15,7258004023,33002.5,S132A,شركة النسيم الجديد المحدودة,95,MK031
2026-03-15,7258004026,33004.8,S132A,شركة النسيم الجديد المحدودة,95,MK003
2026-03-16,7257996298,31998.1,S132A,شركة القوة المتجددة للوقود,95,MK035
2026-03-16,7257996299,32001.2,S132A,شركة القوة المتجددة للوقود,95,MK028
2026-03-16,7257996301,32992.0,S132A,شركة تزويد السعودية المحدودة,95,MK004
2026-03-16,7258010265,33001.5,S132A,شركة النسيم الجديد المحدودة,ديزل,MK033
2026-03-16,7258010325,33001.6,S132A,شركة النسيم الجديد المحدودة,ديزل,MK008
2026-03-16,7258010480,31991.5,S132A,شركة القوة المتجددة للوقود,95,MK068
2026-03-16,7258010515,31998.1,S132A,شركة القوة المتجددة للوقود,95,MK001
2026-03-16,7258010568,32003.4,S132A,شركة القوة المتجددة للوقود,95,MK047
2026-03-16,7258010643,31998.8,S132A,شركة القوة المتجددة للوقود,95,MK046
2026-03-16,7258010779,32999.1,S132A,شركة النسيم الجديد المحدودة,91,MK003
2026-03-16,7258010808,32987.3,S132A,شركة النسيم الجديد المحدودة,91,MK018
2026-03-16,7258010839,32993.0,S132A,شركة النسيم الجديد المحدودة,91,MK072
2026-03-16,7258010946,33001.5,S132A,شركة النسيم الجديد المحدودة,91,MK007
2026-03-16,7258011000,32991.8,S132A,مؤسسة سامي بن سلمان بن عامر الصاعدي للنقليات,91,MK071
2026-03-16,7258011051,32984.3,S132A,مؤسسة سامي بن سلمان بن عامر الصاعدي للنقليات,91,MK015
2026-03-16,7258011164,31994.0,S132A,شركة القوة المتجددة للوقود,91,MK064
2026-03-16,7258011252,31991.4,S132A,شركة القوة المتجددة للوقود,91,MK006
2026-03-16,7258011303,32006.1,S132A,شركة القوة المتجددة للوقود,91,MK028
2026-03-16,7258008519,31990.0,S032,شركة هال للنقليات,91,EP051
2026-03-15,7258008063,33003.7,S132,مؤسسة سامي بن سلمان بن عامر الصاعدي للنقليات,95,MK015
2026-03-15,7258003999,33002.2,S132,شركة النسيم الجديد المحدودة,ديزل,MK008
2026-03-15,7258003997,33002.3,S132,شركة النسيم الجديد المحدودة,ديزل,MK008
2026-03-15,7258003938,32991.9,S132,شركة النسيم الجديد المحدودة,91,MK072
2026-03-15,7258001842,32002.3,S132,شركة القوة المتجددة للوقود,ديزل,MK072
2026-03-15,7258000963,31975.7,S132,شركة القوة المتجددة للوقود,91,MK047
2026-03-16,7258012849,33001.6,S132,شركة تزويد السعودية المحدودة,91,MK004
2026-03-16,7258008153,32001.3,S132,شركة القوة المتجددة للوقود,ديزل,MK022
2026-03-16,7258008207,32001.6,S132,شركة القوة المتجددة للوقود,ديزل,MK018
2026-03-16,7258008232,31992.4,S132,شركة القوة المتجددة للوقود,ديزل,BH050
2026-03-16,7258012892,31995.0,S091,Al-Nassar Transport Company,91,JA056
2026-03-16,7258012878,31994.0,S091,Al-Nassar Transport Company,95,JA053
2026-03-16,7258020783,33005.6,S132,شركة تزويد السعودية المحدودة,95,MK005
2026-03-16,7258020579,32993.8,S132,مؤسسة سامي بن سلمان بن عامر الصاعدي للنقليات,95,MK015
2026-03-16,7258020467,33001.7,S132,مؤسسة سامي بن سلمان بن عامر الصاعدي للنقليات,91,MK015
2026-03-16,7258018876,32002.1,S132,شركة القوة المتجددة للوقود,ديزل,MK007
2026-03-16,7258018634,32001.9,S132,شركة القوة المتجددة للوقود,ديزل,MK047
2026-03-16,7258014614,32999.8,S132,شركة النسيم الجديد المحدودة,95,MK018
2026-03-16,7258014612,33006.5,S132,شركة النسيم الجديد المحدودة,95,MK016
2026-03-16,7258008297,31993.8,S132,شركة القوة المتجددة للوقود,ديزل,MK029
2026-03-17,7258022962,33001.7,S132,شركة النسيم الجديد المحدودة,91,MK020
2026-03-17,7258022885,32001.7,S132,شركة القوة المتجددة للوقود,ديزل,MK022
2026-03-17,7258020750,33001.8,S132,شركة النسيم الجديد المحدودة,ديزل,MK007
2026-03-17,7258021230,31994.8,S132,شركة القوة المتجددة للوقود,ديزل,MK033
2026-03-17,7258021247,32002.4,S132,شركة القوة المتجددة للوقود,ديزل,MK029
2026-03-17,7258031123,2448.9,S132,شركة القوة المتجددة للوقود,91,MK001
2026-03-17,7258030922,32004.9,S132,شركة القوة المتجددة للوقود,95,MK016
2026-03-17,7258024480,33003.9,S132,شركة حسين زين العطاس وسعد عوض العصيمي وشركائهم,95,MK029
2026-03-17,7258024458,32990.3,S132,شركة حسين زين العطاس وسعد عوض العصيمي وشركائهم,95,MK019
2026-03-17,7258024428,31991.3,S132,شركة القوة المتجددة للوقود,95,MK006
2026-03-17,7258023351,33003.6,S132,شركة النسيم الجديد المحدودة,95,MK007
2026-03-17,7258022970,32993.3,S132,شركة النسيم الجديد المحدودة,91,MK031
2026-03-17,7258022926,32002.5,S132,شركة القوة المتجددة للوقود,ديزل,MK004
2026-03-18,7258031846,31993.4,S132,شركة القوة المتجددة للوقود,ديزل,MK035
2026-03-18,7258031832,32002.7,S132,شركة القوة المتجددة للوقود,ديزل,MK004
2026-03-18,7258031819,32002.1,S132,شركة القوة المتجددة للوقود,ديزل,MK033
2026-03-18,7258031627,31992.8,S132,شركة القوة المتجددة للوقود,ديزل,MK064
2026-03-18,7258032674,31995.0,S091,Al-Nassar Transport Company,95,JA069
2026-03-18,7258032860,31996.0,S091,Al-Nassar Transport Company,91,JA053
2026-03-16,7258010448,33001.4,S132A,شركة النسيم الجديد المحدودة,ديزل,MK007
2026-03-16,7258011111,31993.0,S132A,شركة القوة المتجددة للوقود,91,MK001
2026-03-16,7258011433,31991.9,S132A,شركة القوة المتجددة للوقود,91,MK005
2026-03-16,7258011456,32001.4,S132A,شركة القوة المتجددة للوقود,91,MK046
2026-03-16,7258011479,33001.4,S132A,شركة النسيم الجديد المحدودة,91,MK003
2026-03-16,7258011529,32985.7,S132A,شركة النسيم الجديد المحدودة,91,MK008
2026-03-16,7258011544,33001.6,S132A,شركة النسيم الجديد المحدودة,91,MK007
2026-03-16,7258012030,32991.7,S132A,شركة النسيم الجديد المحدودة,95,MK008
2026-03-16,7258012072,33002.9,S132A,شركة النسيم الجديد المحدودة,95,MK007
2026-03-17,7258001330,31999.9,S132A,شركة القوة المتجددة للوقود,95,MK033
2026-03-17,7258001337,32003.3,S132A,شركة القوة المتجددة للوقود,95,MK001
2026-03-17,7258013839,32990.4,S132A,شركة النسيم الجديد المحدودة,95,MK072
2026-03-17,7258013846,33003.8,S132A,شركة النسيم الجديد المحدودة,95,MK020
2026-03-17,7258013849,32992.9,S132A,شركة النسيم الجديد المحدودة,95,MK003
2026-03-17,7258013852,32004.1,S132A,شركة القوة المتجددة للوقود,95,MK017
2026-03-17,7258014377,33020.2,S132A,شركة النسيم الجديد المحدودة,ديزل,MK007
2026-03-17,7258014382,32994.2,S132A,شركة النسيم الجديد المحدودة,ديزل,MK008
2026-03-17,7258015414,33001.3,S132A,شركة النسيم الجديد المحدودة,91,MK002
2026-03-17,7258015451,32993.9,S132A,شركة النسيم الجديد المحدودة,91,MK072
2026-03-17,7258015475,32998.9,S132A,شركة النسيم الجديد المحدودة,91,MK016
2026-03-17,7258015511,33007.3,S132A,شركة النسيم الجديد المحدودة,91,MK023
2026-03-17,7258015766,33001.8,S132A,شركة النسيم الجديد المحدودة,91,MK003
2026-03-17,7258015798,32991.4,S132A,شركة النسيم الجديد المحدودة,91,MK007
2026-03-17,7258015824,32992.2,S132A,شركة النسيم الجديد المحدودة,91,MK007
2026-03-17,7258018615,33007.4,S132A,شركة النسيم الجديد المحدودة,95,MK003
2026-03-17,7258018690,31999.4,S132A,شركة القوة المتجددة للوقود,95,MK022
2026-03-17,7258018927,31988.1,S132A,شركة القوة المتجددة للوقود,95,MK002
2026-03-17,7258018995,32001.4,S132A,شركة القوة المتجددة للوقود,91,MK054
2026-03-17,7258019035,31992.7,S132A,شركة القوة المتجددة للوقود,91,MK017
2026-03-17,7258019085,32011.1,S132A,شركة القوة المتجددة للوقود,91,MK006
2026-03-17,7258019140,31986.4,S132A,شركة القوة المتجددة للوقود,91,MK028
2026-03-17,7258019189,33001.4,S132A,شركة النسيم الجديد المحدودة,91,MK084
2026-03-17,7258019260,32001.5,S132A,شركة القوة المتجددة للوقود,91,MK033
2026-03-17,7258019301,32001.7,S132A,شركة القوة المتجددة للوقود,91,MK035
2026-03-17,7258021990,32001.6,S132A,شركة القوة المتجددة للوقود,ديزل,MK046
2026-03-18,7258013853,31993.2,S132A,شركة القوة المتجددة للوقود,95,MK071
2026-03-18,7258013856,31992.0,S132A,شركة القوة المتجددة للوقود,95,MK028
2026-03-18,7258020352,33001.5,S132A,شركة النسيم الجديد المحدودة,91,MK003
2026-03-18,7258020372,33001.0,S132A,شركة النسيم الجديد المحدودة,91,MK008
2026-03-18,7258020385,32993.1,S132A,شركة النسيم الجديد المحدودة,91,MK007
2026-03-18,7258020412,32979.4,S132A,شركة النسيم الجديد المحدودة,91,MK072
2026-03-18,7258020504,32001.9,S132A,شركة القوة المتجددة للوقود,91,MK001
2026-03-18,7258020562,32002.4,S132A,شركة القوة المتجددة للوقود,91,MK014
2026-03-18,7258020571,31993.7,S132A,شركة القوة المتجددة للوقود,91,MK047
2026-03-18,7258020797,33001.9,S132A,شركة النسيم الجديد المحدودة,ديزل,MK007
2026-03-16,7258009321,31999.1,S133,شركة القوة المتجددة للوقود,95,RY024
2026-03-16,7258012765,32007.0,S012,محطة منير سفير المطيري,ديزل,RY042
2026-03-16,7258000840,31990.6,S142,مؤسسة مسار الطريق للنقليات,95,HA043
2026-03-16,7258008979,32068.3,S184,محطة منير سفير المطيري,95,RY042
2026-03-17,7258013240,32024.0,S012,محطة منير سفير المطيري,91,RY025
2026-03-17,7258005185,32010.4,S184,شركة القوة المتجددة للوقود,95,RY075
2026-03-18,7258022010,32024.0,S012,شركة القوة المتجددة للوقود,91,RY075
2026-03-18,7258034437,33000.4,S132,شركة تزويد السعودية المحدودة,95,MK004
2026-03-18,7258034449,33001.5,S132,شركة حسين زين العطاس وسعد عوض العصيمي وشركائهم,91,MK029
2026-03-18,7258034653,31993.9,S132,شركة القوة المتجددة للوقود,91,MK046
2026-03-18,7258038893,31993.5,S132,شركة القوة المتجددة للوقود,ديزل,MK054
2026-03-18,7258038908,31992.3,S132,شركة القوة المتجددة للوقود,91,MK006
2026-03-18,7258039029,33001.5,S132,مؤسسة سامي بن سلمان بن عامر الصاعدي للنقليات,91,MK015
2026-03-18,7258031606,32002.2,S132,شركة القوة المتجددة للوقود,ديزل,MK047
2026-03-18,7258031862,31925.3,S132,شركة القوة المتجددة للوقود,ديزل,MK014
2026-03-18,7258032890,33001.7,S132,شركة تزويد السعودية المحدودة,91,MK004
2026-03-18,7258013858,32004.2,S132A,شركة القوة المتجددة للوقود,95,MK046
2026-03-18,7258013860,31993.2,S132A,شركة القوة المتجددة للوقود,95,MK047
2026-03-18,7258013865,33004.2,S132A,شركة النسيم الجديد المحدودة,95,MK003
2026-03-18,7258013878,32999.8,S132A,شركة النسيم الجديد المحدودة,95,MK003
2026-03-18,7258013890,33003.7,S132A,شركة النسيم الجديد المحدودة,95,MK008
2026-03-18,7258013899,33004.4,S132A,شركة النسيم الجديد المحدودة,95,MK072
2026-03-18,7258020619,32005.8,S132A,شركة القوة المتجددة للوقود,91,MK005
2026-03-18,7258020623,31976.5,S132A,شركة القوة المتجددة للوقود,91,MK099
2026-03-18,7258020627,31993.6,S132A,شركة القوة المتجددة للوقود,91,MK068
2026-03-18,7258020706,33003.0,S132A,شركة النسيم الجديد المحدودة,91,MK020
2026-03-18,7258020716,32992.3,S132A,شركة النسيم الجديد المحدودة,91,MK016
2026-03-18,7258020724,32993.0,S132A,شركة النسيم الجديد المحدودة,91,MK023
2026-03-18,7258020756,32993.4,S132A,شركة النسيم الجديد المحدودة,ديزل,MK033
2026-03-18,7258020763,33002.2,S132A,شركة النسيم الجديد المحدودة,ديزل,MK007
2026-03-18,7258024659,32996.2,S132A,شركة النسيم الجديد المحدودة,91,MK007
2026-03-18,7258028920,33003.6,S132A,شركة النسيم الجديد المحدودة,95,MK007
2026-03-18,7258028990,32990.9,S132A,شركة النسيم الجديد المحدودة,95,MK023
2026-03-19,7258013912,32992.3,S132A,شركة النسيم الجديد المحدودة,95,MK003
2026-03-19,7258013918,33003.6,S132A,شركة النسيم الجديد المحدودة,95,MK007
2026-03-19,7258013925,32998.5,S132A,شركة النسيم الجديد المحدودة,95,MK018
2026-03-19,7258013936,33004.0,S132A,شركة النسيم الجديد المحدودة,95,MK029
2026-03-19,7258013952,31999.8,S132A,شركة القوة المتجددة للوقود,95,MK099
2026-03-19,7258013962,32004.2,S132A,شركة القوة المتجددة للوقود,95,MK001
2026-03-19,7258013983,31991.1,S132A,شركة القوة المتجددة للوقود,95,MK063
2026-03-19,7258014175,32984.4,S132A,شركة النسيم الجديد المحدودة,91,MK072
2026-03-19,7258014177,33003.2,S132A,شركة النسيم الجديد المحدودة,91,MK008
2026-03-19,7258014179,33006.3,S132A,شركة النسيم الجديد المحدودة,91,MK029
2026-03-19,7258014180,33001.4,S132A,شركة النسيم الجديد المحدودة,91,MK018
2026-03-19,7258014181,32985.8,S132A,شركة النسيم الجديد المحدودة,91,MK003
2026-03-19,7258014187,32992.4,S132A,شركة النسيم الجديد المحدودة,91,MK007
2026-03-19,7258014193,33001.7,S132A,شركة النسيم الجديد المحدودة,91,MK072
2026-03-19,7258014201,32001.3,S132A,شركة القوة المتجددة للوقود,91,MK017
2026-03-19,7258014232,32002.8,S132A,شركة القوة المتجددة للوقود,91,MK001
2026-03-19,7258014234,31984.4,S132A,شركة القوة المتجددة للوقود,91,MK022
2026-03-19,7258014237,32006.2,S132A,شركة القوة المتجددة للوقود,91,MK005
2026-03-19,7258014241,32005.6,S132A,شركة القوة المتجددة للوقود,91,MK063
2026-03-19,7258014242,32007.6,S132A,شركة القوة المتجددة للوقود,91,MK093
2026-03-19,7258014248,31991.8,S132A,شركة القوة المتجددة للوقود,ديزل,MK072
2026-03-19,7258014253,32001.4,S132A,شركة القوة المتجددة للوقود,ديزل,MK004
2026-03-19,7258014257,32993.9,S132A,شركة النسيم الجديد المحدودة,ديزل,MK007
2026-03-19,7258039863,31993.3,S132A,شركة القوة المتجددة للوقود,95,MK005
2026-03-19,7258039934,32004.3,S132A,شركة حسين زين العطاس وسعد عوض العصيمي وشركائهم,95,MK006
2026-03-19,7258040007,32983.6,S132A,شركة تزويد السعودية المحدودة,91,MK004
2026-03-20,7258013973,32002.4,S132A,شركة القوة المتجددة للوقود,95,MK017
2026-03-20,7258014046,32993.5,S132A,شركة النسيم الجديد المحدودة,ديزل,MK007
2026-03-20,7258014060,33002.7,S132A,شركة النسيم الجديد المحدودة,ديزل,MK007
2026-03-20,7258014062,32001.7,S132A,شركة القوة المتجددة للوقود,ديزل,MK047
2026-03-20,7258014066,32001.4,S132A,شركة القوة المتجددة للوقود,91,MK046
2026-03-20,7258014103,31994.8,S132A,شركة القوة المتجددة للوقود,91,MK001
2026-03-20,7258014120,31975.7,S132A,شركة القوة المتجددة للوقود,91,MK005
2026-03-20,7258014129,33001.4,S132A,شركة النسيم الجديد المحدودة,91,MK064
2026-03-20,7258014136,33001.3,S132A,شركة النسيم الجديد المحدودة,91,MK003
2026-03-20,7258014143,33001.5,S132A,شركة النسيم الجديد المحدودة,91,MK016
2026-03-20,7258014151,33002.3,S132A,مؤسسة سامي بن سلمان بن عامر الصاعدي للنقليات,91,MK071
2026-03-20,7258014155,33001.8,S132A,مؤسسة سامي بن سلمان بن عامر الصاعدي للنقليات,91,MK015
2026-03-20,7258014158,33001.4,S132A,شركة النسيم الجديد المحدودة,91,MK072
2026-03-20,7258014172,33001.5,S132A,شركة النسيم الجديد المحدودة,91,MK007
2026-03-20,7258046484,32984.5,S132A,شركة النسيم الجديد المحدودة,91,MK007
2026-03-19,7258042446,32006.9,S132,شركة القوة المتجددة للوقود,95,MK007
2026-03-19,7258040699,32002.2,S132,شركة القوة المتجددة للوقود,ديزل,MK033
2026-03-19,7258039114,32002.0,S132,شركة القوة المتجددة للوقود,ديزل,MK046
2026-03-19,7258033154,31993.0,S091,Al-Nassar Transport Company,95,JA060
2026-03-19,7258033156,31996.0,S091,Al-Nassar Transport Company,95,JA056
2026-03-19,7258042471,32001.7,S132,شركة القوة المتجددة للوقود,ديزل,MK054
2026-03-19,7258047238,33004.4,S132,مؤسسة سامي بن سلمان بن عامر الصاعدي للنقليات,95,MK015
2026-03-19,7258047247,31989.7,S132,شركة القوة المتجددة للوقود,95,MK093
2026-03-19,7258047250,32992.7,S132,شركة تزويد السعودية المحدودة,95,MK004
2026-03-19,7258047344,32991.7,S132,شركة تزويد السعودية المحدودة,95,MK028
2026-03-19,7258047359,32998.3,S132,شركة حسين زين العطاس وسعد عوض العصيمي وشركائهم,95,MK064
2026-03-19,7258040920,32991.2,S132,شركة تزويد السعودية المحدودة,91,MK004
2026-03-19,7258040904,32998.6,S132,شركة النسيم الجديد المحدودة,95,MK003
2026-03-19,7258040888,33004.4,S132,شركة حسين زين العطاس وسعد عوض العصيمي وشركائهم,95,MK005
2026-03-19,7258040826,31993.0,S132,شركة القوة المتجددة للوقود,91,MK033
2026-03-19,7258040813,32001.5,S132,شركة القوة المتجددة للوقود,91,MK047
2026-03-19,7258040753,32003.4,S132,شركة القوة المتجددة للوقود,91,MK028
2026-03-19,7258040739,31996.9,S132,شركة القوة المتجددة للوقود,91,MK006
2026-03-19,7258039133,33001.8,S132,شركة النسيم الجديد المحدودة,ديزل,MK007
2026-03-20,7258040912,33004.7,S132,شركة النسيم الجديد المحدودة,95,MK007
2026-03-20,7258049946,31990.7,S132,شركة القوة المتجددة للوقود,95,MK033
2026-03-20,7258049935,32005.5,S132,شركة القوة المتجددة للوقود,95,MK046
2026-03-20,7258047405,32002.0,S132,شركة القوة المتجددة للوقود,ديزل,MK100
2026-03-20,7258048653,31999.0,S091,Al-Nassar Transport Company,ديزل,JA056
2026-03-19,7258032475,31996.8,S142,مؤسسة مسار الطريق للنقليات,91,HA043
2026-03-19,7258034856,31948.8,S142,مؤسسة مسار الطريق للنقليات,ديزل,QS055
2026-03-19,7258032470,32000.6,S133,شركة القوة المتجددة للوقود,95,RY075
2026-03-19,7258039514,32005.1,S133,شركة القوة المتجددة للوقود,91,RY075
2026-03-19,7258034853,32001.8,S142,مؤسسة مسار الطريق للنقليات,95,QS055
2026-03-19,7258039245,32079.1,S184,محطة منير سفير المطيري,95,RY025
2026-03-20,7258046704,32017.0,S012,محطة منير سفير المطيري,91,RY024
2026-03-20,7258048841,32179.7,S184,محطة منير سفير المطيري,95,RY024
2026-03-19,7258037753,32003.2,S032,شركة هال للنقليات,95,EP051
2026-03-19,7258037768,32005.0,S032,شركة هال للنقليات,91,EP051
2026-03-20,7258048660,31997.0,S091,شركة ناقلين المحدودة,ديزل,JA061
2026-03-20,7258048667,31998.0,S091,شركة ناقلين المحدودة,91,JA061
2026-03-20,7258050623,32993.9,S132,شركة حسين زين العطاس وسعد عوض العصيمي وشركائهم,95,MK054
2026-03-20,7258050565,33001.9,S132,شركة النسيم الجديد المحدودة,ديزل,MK008
2026-03-20,7258050425,33007.5,S132,شركة تزويد السعودية المحدودة,91,MK004
2026-03-20,7258049961,31990.9,S132,شركة القوة المتجددة للوقود,95,MK014
2026-03-20,7258049952,33005.5,S132,مؤسسة سامي بن سلمان بن عامر الصاعدي للنقليات,95,MK015
2026-03-20,7258049947,32999.6,S132,شركة تزويد السعودية المحدودة,95,MK004
2026-03-20,7258049943,32005.2,S132,شركة القوة المتجددة للوقود,95,MK006
2026-03-20,7258049940,31993.9,S132,شركة القوة المتجددة للوقود,95,MK035
2026-03-20,7258048823,31994.5,S133,شركة القوة المتجددة للوقود,91,RY025
2026-03-20,7258013994,32002.1,S132A,شركة القوة المتجددة للوقود,95,MK001
2026-03-20,7258014011,32003.9,S132A,شركة القوة المتجددة للوقود,95,MK022
2026-03-20,7258014012,32004.2,S132A,شركة القوة المتجددة للوقود,95,MK047
2026-03-20,7258014014,31993.9,S132A,شركة القوة المتجددة للوقود,95,MK068
2026-03-20,7258014018,32990.9,S132A,شركة النسيم الجديد المحدودة,95,MK002
2026-03-20,7258014025,33003.9,S132A,شركة النسيم الجديد المحدودة,95,MK003
2026-03-20,7258014042,32993.5,S132A,شركة النسيم الجديد المحدودة,95,MK016
2026-03-20,7258014045,33005.2,S132A,شركة النسيم الجديد المحدودة,95,MK020
2026-03-20,7258014095,31996.1,S132A,شركة القوة المتجددة للوقود,91,MK006
2026-03-20,7258014111,32005.8,S132A,شركة القوة المتجددة للوقود,91,MK033
2026-03-20,7258023890,33000.5,S132A,شركة النسيم الجديد المحدودة,95,MK007
2026-03-20,7258046352,33003.1,S132A,شركة النسيم الجديد المحدودة,91,MK008
2026-03-21,7258053775,32033.4,S132,شركة القوة المتجددة للوقود,91,MK054
2026-03-21,7258053828,33001.6,S132,شركة تزويد السعودية المحدودة,91,MK004
2026-03-21,7258053838,33006.0,S132,مؤسسة سامي بن سلمان بن عامر الصاعدي للنقليات,91,MK015
2026-03-21,7258051307,32001.7,S132,شركة القوة المتجددة للوقود,ديزل,MK029
2026-03-21,7258051268,32002.1,S132,شركة القوة المتجددة للوقود,ديزل,MK033
2026-03-21,7258051259,32001.5,S132,شركة القوة المتجددة للوقود,ديزل,MK004
2026-03-21,7258051145,32002.7,S132,شركة القوة المتجددة للوقود,ديزل,MK014
2026-03-21,7258051234,32001.7,S132,شركة القوة المتجددة للوقود,ديزل,MK004
2026-03-21,7258057482,31995.3,S132,شركة القوة المتجددة للوقود,ديزل,MK071
2026-03-21,7258057166,32992.6,S132,شركة النسيم الجديد المحدودة,95,MK031
2026-03-21,7258057157,33003.7,S132,شركة النسيم الجديد المحدودة,95,MK003
2026-03-21,7258057148,32993.4,S132,شركة النسيم الجديد المحدودة,95,MK007
2026-03-21,7258057138,33003.9,S132,شركة حسين زين العطاس وسعد عوض العصيمي وشركائهم,91,MK003
2026-03-21,7258057131,33001.5,S132,شركة حسين زين العطاس وسعد عوض العصيمي وشركائهم,91,MK029
2026-03-21,7258053812,31993.5,S132,شركة القوة المتجددة للوقود,91,MK068
2026-03-21,7258053800,32002.5,S132,شركة القوة المتجددة للوقود,91,MK033
2026-03-21,7258053783,32001.4,S132,شركة القوة المتجددة للوقود,91,MK035
2026-03-21,7258057312,31993.0,S091,Al-Nassar Transport Company,95,JA053
2026-03-21,7258057536,31994.0,S091,شركة ناقلين المحدودة,95,JA061
2026-03-22,7258060085,31995.0,S091,Al-Nassar Transport Company,95,JA069
2026-03-22,7258054373,31996.0,S091,Al-Nassar Transport Company,91,JA069
2026-03-22,7258057357,31997.0,S091,Al-Nassar Transport Company,91,JA053
2026-03-22,7258057340,31997.0,S091,Al-Nassar Transport Company,91,JA060
2026-03-22,7258060792,31950.3,S132,شركة القوة المتجددة للوقود,91,MK100
2026-03-22,7258059318,32991.9,S132,شركة تزويد السعودية المحدودة,91,MK004
2026-03-22,7258059240,32992.8,S132,مؤسسة سامي بن سلمان بن عامر الصاعدي للنقليات,91,MK071
2026-03-22,7258059170,32001.4,S132,شركة القوة المتجددة للوقود,ديزل,MK068
2026-03-22,7258059161,32001.9,S132,شركة القوة المتجددة للوقود,ديزل,MK031
2026-03-22,7258059154,31996.0,S132,شركة القوة المتجددة للوقود,ديزل,MK028
2026-03-22,7258059139,33001.7,S132,شركة النسيم الجديد المحدودة,ديزل,MK084
2026-03-22,7258059120,33001.7,S132,شركة النسيم الجديد المحدودة,91,MK018
2026-03-22,7258059118,32001.8,S132,شركة القوة المتجددة للوقود,91,MK006
2026-03-22,7258059107,31993.1,S132,شركة القوة المتجددة للوقود,91,MK063
2026-03-22,7258057802,32001.8,S132,شركة القوة المتجددة للوقود,91,MK047
2026-03-22,7258057835,32980.0,S132,شركة النسيم الجديد المحدودة,91,MK007
2026-03-21,7258011360,32001.7,S132A,شركة القوة المتجددة للوقود,91,MK017
2026-03-21,7258023875,33004.3,S132A,شركة النسيم الجديد المحدودة,95,MK003
2026-03-21,7258023960,32990.1,S132A,شركة النسيم الجديد المحدودة,91,MK002
2026-03-21,7258023987,33001.3,S132A,شركة النسيم الجديد المحدودة,91,MK007
2026-03-21,7258023992,32986.4,S132A,شركة النسيم الجديد المحدودة,91,MK003
2026-03-21,7258029103,33003.0,S132A,شركة النسيم الجديد المحدودة,91,MK020
2026-03-21,7258029119,33002.3,S132A,شركة النسيم الجديد المحدودة,91,MK072
2026-03-21,7258029137,33003.3,S132A,شركة النسيم الجديد المحدودة,91,MK008
2026-03-21,7258029153,32993.3,S132A,شركة النسيم الجديد المحدودة,91,MK016
2026-03-21,7258029357,33001.5,S132A,شركة النسيم الجديد المحدودة,91,MK007
2026-03-21,7258029451,32005.9,S132A,شركة القوة المتجددة للوقود,91,MK001
2026-03-21,7258029560,31991.8,S132A,شركة القوة المتجددة للوقود,91,MK014
2026-03-21,7258029630,32001.5,S132A,شركة القوة المتجددة للوقود,91,MK046
2026-03-21,7258029679,32020.7,S132A,شركة القوة المتجددة للوقود,91,MK022
2026-03-21,7258029726,32001.5,S132A,شركة القوة المتجددة للوقود,91,MK028
2026-03-21,7258048162,31988.8,S132A,شركة القوة المتجددة للوقود,95,MK028
2026-03-21,7258048207,33001.4,S132A,شركة النسيم الجديد المحدودة,ديزل,MK007
2026-03-21,7258048229,32991.3,S132A,شركة النسيم الجديد المحدودة,ديزل,MK007
2026-03-21,7258048309,32001.6,S132A,شركة القوة المتجددة للوقود,ديزل,MK046
2026-03-21,7258053340,32004.4,S132A,شركة القوة المتجددة للوقود,95,MK017
2026-03-21,7258053344,31997.0,S132A,شركة القوة المتجددة للوقود,95,MK006
2026-03-21,7258053354,33004.5,S132A,شركة النسيم الجديد المحدودة,95,MK029
2026-03-21,7258053364,33004.0,S132A,شركة النسيم الجديد المحدودة,95,MK007
2026-03-21,7258053438,33003.4,S132A,شركة النسيم الجديد المحدودة,95,MK008
2026-03-21,7258053441,33003.6,S132A,شركة تزويد السعودية المحدودة,95,MK004
2026-03-21,7258053443,31997.9,S132A,شركة القوة المتجددة للوقود,95,MK046
2026-03-22,7258048349,33003.8,S132A,شركة النسيم الجديد المحدودة,95,MK084
2026-03-22,7258048377,31991.7,S132A,شركة القوة المتجددة للوقود,95,MK063
2026-03-22,7258048989,31988.7,S132A,شركة القوة المتجددة للوقود,95,MK001
2026-03-22,7258049002,31989.5,S132A,شركة القوة المتجددة للوقود,95,MK054
2026-03-22,7258049015,33004.5,S132A,شركة النسيم الجديد المحدودة,95,MK007
2026-03-22,7258049023,33002.0,S132A,شركة النسيم الجديد المحدودة,95,MK003
2026-03-22,7258049035,33002.0,S132A,شركة تزويد السعودية المحدودة,95,MK004
2026-03-22,7258049044,32997.8,S132A,شركة النسيم الجديد المحدودة,95,MK008
2026-03-22,7258049114,32984.5,S132A,شركة النسيم الجديد المحدودة,91,MK031
2026-03-22,7258049125,33002.3,S132A,شركة النسيم الجديد المحدودة,91,MK072
2026-03-22,7258049133,33001.9,S132A,شركة النسيم الجديد المحدودة,91,MK003
2026-03-22,7258049142,32943.6,S132A,شركة النسيم الجديد المحدودة,91,MK084
2026-03-22,7258049157,33001.5,S132A,شركة النسيم الجديد المحدودة,91,MK023
2026-03-22,7258049189,32003.2,S132A,شركة القوة المتجددة للوقود,91,MK005
2026-03-22,7258049202,31878.7,S132A,شركة القوة المتجددة للوقود,91,MK022
2026-03-22,7258049302,32001.2,S132A,شركة القوة المتجددة للوقود,91,MK046
2026-03-22,7258049308,31992.3,S132A,شركة القوة المتجددة للوقود,91,MK099
2026-03-22,7258049323,31991.9,S132A,شركة القوة المتجددة للوقود,91,MK093
2026-03-22,7258049359,33001.8,S132A,شركة النسيم الجديد المحدودة,ديزل,MK007
2026-03-22,7258049369,33002.0,S132A,شركة النسيم الجديد المحدودة,ديزل,MK007
2026-03-22,7258049376,32001.5,S132A,شركة القوة المتجددة للوقود,ديزل,MK054
2026-03-22,7258054198,31939.2,S142,مؤسسة مسار الطريق للنقليات,91,QS055
2026-03-22,7258054210,32005.3,S133,شركة القوة المتجددة للوقود,91,RY075
2026-03-22,7258048388,31993.9,S132A,شركة القوة المتجددة للوقود,95,MK005
2026-03-22,7258049167,32979.8,S132A,شركة النسيم الجديد المحدودة,91,MK003
2026-03-22,7258064390,31990.7,S132A,شركة القوة المتجددة للوقود,95,MK064
2026-03-23,7258054627,31988.9,S132A,شركة القوة المتجددة للوقود,95,MK028
2026-03-23,7258054637,32991.1,S132A,شركة النسيم الجديد المحدودة,95,MK007
2026-03-23,7258054642,32993.4,S132A,شركة النسيم الجديد المحدودة,95,MK003
2026-03-23,7258054650,32999.0,S132A,شركة النسيم الجديد المحدودة,95,MK007
2026-03-23,7258054658,32004.5,S132A,شركة القوة المتجددة للوقود,95,MK001
2026-03-23,7258054669,32001.5,S132A,شركة القوة المتجددة للوقود,91,MK001
2026-03-23,7258054702,32001.6,S132A,شركة القوة المتجددة للوقود,91,MK017
2026-03-23,7258054703,32002.8,S132A,شركة القوة المتجددة للوقود,91,MK064
2026-03-23,7258054709,32005.3,S132A,شركة حسين زين العطاس وسعد عوض العصيمي وشركائهم,91,MK054
2026-03-23,7258054711,31980.8,S132A,شركة القوة المتجددة للوقود,91,MK006
2026-03-23,7258054716,33001.4,S132A,شركة النسيم الجديد المحدودة,91,MK008
2026-03-23,7258054722,32977.9,S132A,شركة النسيم الجديد المحدودة,91,MK020
2026-03-23,7258054725,33001.4,S132A,شركة النسيم الجديد المحدودة,91,MK029
2026-03-23,7258054727,32991.8,S132A,شركة النسيم الجديد المحدودة,91,MK007
2026-03-23,7258054730,33001.6,S132A,شركة النسيم الجديد المحدودة,91,MK084
2026-03-23,7258054734,33002.2,S132A,شركة النسيم الجديد المحدودة,ديزل,MK007
2026-03-23,7258054739,32993.4,S132A,شركة النسيم الجديد المحدودة,ديزل,MK007
2026-03-23,7258054741,32001.8,S132A,شركة القوة المتجددة للوقود,ديزل,MK029
2026-03-23,7258064745,33005.1,S132A,شركة النسيم الجديد المحدودة,95,MK003
2026-03-23,7258064764,32999.7,S132A,شركة النسيم الجديد المحدودة,95,MK023
2026-03-23,7258064772,32004.0,S132A,شركة القوة المتجددة للوقود,95,MK006
2026-03-23,7258064941,32001.7,S132A,شركة القوة المتجددة للوقود,91,MK035
2026-03-23,7258065431,33002.1,S132A,شركة تزويد السعودية المحدودة,91,MK004
2026-03-23,7258065520,33001.5,S132A,شركة النسيم الجديد المحدودة,91,MK016
2026-03-23,7258065524,32992.3,S132A,شركة النسيم الجديد المحدودة,91,MK003
2026-03-23,7258066119,32001.7,S132A,شركة القوة المتجددة للوقود,95,MK047
2026-03-23,7258067477,31990.0,S132A,شركة القوة المتجددة للوقود,95,MK047
2026-03-24,7258054778,31997.1,S132A,شركة القوة المتجددة للوقود,91,MK006
2026-03-24,7258054791,31993.1,S132A,شركة القوة المتجددة للوقود,91,MK028
2026-03-24,7258054795,31990.2,S132A,شركة القوة المتجددة للوقود,91,MK046
2026-03-24,7258054799,33001.4,S132A,شركة النسيم الجديد المحدودة,91,MK003
2026-03-24,7258054800,33001.6,S132A,شركة النسيم الجديد المحدودة,91,MK008
2026-03-24,7258054803,32993.7,S132A,شركة النسيم الجديد المحدودة,91,MK072
2026-03-24,7258054804,32979.5,S132A,شركة النسيم الجديد المحدودة,91,MK003
2026-03-24,7258054808,33001.5,S132A,شركة النسيم الجديد المحدودة,91,MK007
2026-03-24,7258054809,33001.9,S132A,شركة النسيم الجديد المحدودة,ديزل,MK007
2026-03-24,7258054830,33022.8,S132A,شركة النسيم الجديد المحدودة,ديزل,MK007
2026-03-24,7258054832,31994.2,S132A,شركة القوة المتجددة للوقود,ديزل,MK004
2026-03-24,7258064787,31994.3,S132A,شركة القوة المتجددة للوقود,95,MK017
2026-03-24,7258067639,32001.9,S132A,شركة القوة المتجددة للوقود,91,BH050
2026-03-24,7258067644,32992.7,S132A,شركة النسيم الجديد المحدودة,91,MK029
2026-03-24,7258067647,33001.7,S132A,شركة النسيم الجديد المحدودة,91,MK007
2026-03-24,7258072691,32993.0,S132A,مؤسسة سامي بن سلمان بن عامر الصاعدي للنقليات,91,MK015
2026-03-24,7258073937,31998.9,S132A,شركة القوة المتجددة للوقود,95,MK063
2026-03-22,7258064451,32002.6,S132,شركة القوة المتجددة للوقود,91,MK014
2026-03-22,7258061108,33002.0,S132,شركة حسين زين العطاس وسعد عوض العصيمي وشركائهم,95,MK020
2026-03-22,7258061066,32992.8,S132,شركة حسين زين العطاس وسعد عوض العصيمي وشركائهم,95,MK003
2026-03-22,7258060805,32981.0,S132,مؤسسة سامي بن سلمان بن عامر الصاعدي للنقليات,91,MK015
2026-03-22,7258060804,32999.5,S132,مؤسسة سامي بن سلمان بن عامر الصاعدي للنقليات,95,MK015
2026-03-22,7258060801,32999.1,S132,مؤسسة سامي بن سلمان بن عامر الصاعدي للنقليات,95,MK071
2026-03-22,7258060798,33004.0,S132,شركة النسيم الجديد المحدودة,95,MK072
2026-03-22,7258060791,31977.1,S132,شركة القوة المتجددة للوقود,91,MK028
2026-03-22,7258060450,32997.6,S132,شركة حسين زين العطاس وسعد عوض العصيمي وشركائهم,95,MK033
2026-03-22,7258059202,32001.7,S132,شركة القوة المتجددة للوقود,ديزل,MK018
2026-03-23,7258066483,33005.3,S132,شركة النسيم الجديد المحدودة,91,MK003
2026-03-23,7258064488,32003.4,S132,شركة القوة المتجددة للوقود,95,MK046
2026-03-23,7258066148,32005.4,S132,شركة القوة المتجددة للوقود,91,MK005
2026-03-23,7258071215,33002.4,S132,شركة النسيم الجديد المحدودة,95,MK029
2026-03-23,7258071115,33115.4,S132,شركة النسيم الجديد المحدودة,95,MK016
2026-03-23,7258071270,31993.7,S132,شركة القوة المتجددة للوقود,95,MK005
2026-03-23,7258067487,31992.3,S132,شركة القوة المتجددة للوقود,91,MK047
2026-03-23,7258071298,31990.6,S132,شركة القوة المتجددة للوقود,95,MK068
2026-03-23,7258066331,32992.7,S132,شركة النسيم الجديد المحدودة,91,MK007
2026-03-23,7258066292,33002.0,S132,شركة النسيم الجديد المحدودة,91,MK072
2026-03-23,7258066174,32000.1,S132,شركة القوة المتجددة للوقود,95,MK033
2026-03-23,7258064519,33004.5,S132,شركة تزويد السعودية المحدودة,95,MK004
2026-03-23,7258071567,31993.0,S091,Al-Nassar Transport Company,95,JA069
2026-03-24,7258073974,32001.9,S132,شركة القوة المتجددة للوقود,91,MK033
2026-03-24,7258073296,32002.3,S132,شركة القوة المتجددة للوقود,91,MK063
2026-03-24,7258073280,33001.6,S132,شركة تزويد السعودية المحدودة,91,MK004
2026-03-24,7258071758,32001.6,S132,شركة القوة المتجددة للوقود,ديزل,MK014
2026-03-24,7258071739,32002.7,S132,شركة القوة المتجددة للوقود,ديزل,MK072
2026-03-24,7258071719,32002.5,S132,شركة القوة المتجددة للوقود,ديزل,MK033
2026-03-24,7258071694,32002.3,S132,شركة القوة المتجددة للوقود,ديزل,MK046
2026-03-24,7258071437,32001.6,S132,شركة القوة المتجددة للوقود,91,MK001
2026-03-22,7258054220,31999.8,S133,شركة القوة المتجددة للوقود,95,RY075
2026-03-22,7258060346,31988.8,S184,محطة منير سفير المطيري,95,RY025
2026-03-24,7258066836,32023.0,S012,محطة منير سفير المطيري,91,RY025
2026-03-25,7258071839,31999.0,S032,شركة هال للنقليات,91,EP051
2026-03-25,7258071851,32002.7,S032,شركة هال للنقليات,95,EP051
2026-03-24,7258073987,32003.7,S132,شركة القوة المتجددة للوقود,95,MK028
2026-03-24,7258073954,31988.2,S132,شركة القوة المتجددة للوقود,95,MK099
2026-03-24,7258073946,31998.3,S132,شركة القوة المتجددة للوقود,95,MK035
2026-03-24,7258074194,33003.3,S132,شركة النسيم الجديد المحدودة,95,MK019
2026-03-24,7258077511,32999.3,S132,شركة النسيم الجديد المحدودة,91,MK003
2026-03-24,7258071795,33030.2,S132,شركة النسيم الجديد المحدودة,95,MK072
2026-03-24,7258071686,31993.0,S132,شركة القوة المتجددة للوقود,95,MK006
2026-03-24,7258071466,33004.6,S132,شركة النسيم الجديد المحدودة,95,MK007
2026-03-24,7258066191,31993.4,S132,شركة القوة المتجددة للوقود,95,MK005
2026-03-24,7258081482,31998.0,S091,Al-Nassar Transport Company,91,JA069
2026-03-25,7258082467,32992.9,S132,مؤسسة سامي بن سلمان بن عامر الصاعدي للنقليات,91,MK015
2026-03-25,7258084380,32003.2,S132,شركة القوة المتجددة للوقود,95,MK005
2026-03-25,7258084398,32004.0,S132,شركة القوة المتجددة للوقود,95,MK028
2026-03-25,7258087381,32001.9,S132,شركة القوة المتجددة للوقود,ديزل,MK022
2026-03-25,7258081591,31992.9,S132,شركة القوة المتجددة للوقود,ديزل,MK035
2026-03-25,7258081583,33001.9,S132,شركة النسيم الجديد المحدودة,ديزل,MK008
2026-03-25,7258081527,32992.2,S132,شركة النسيم الجديد المحدودة,91,MK003
2026-03-25,7258081516,33001.5,S132,شركة النسيم الجديد المحدودة,91,MK008
2026-03-25,7258078971,32002.4,S132,شركة القوة المتجددة للوقود,ديزل,MK004
2026-03-24,7258060353,31993.5,S133,شركة القوة المتجددة للوقود,95,RY075
2026-03-25,7258066864,32000.8,S133,شركة القوة المتجددة للوقود,91,RY024
2026-03-25,7258072217,32021.4,S133,شركة أسدال للخدمات البترولية,ديزل,RY075
2026-03-25,7258077732,32010.9,S184,محطة منير سفير المطيري,95,RY042
2026-03-24,7258054743,32993.0,S132A,شركة النسيم الجديد المحدودة,95,MK003
2026-03-24,7258054751,31993.0,S132A,شركة القوة المتجددة للوقود,95,MK022
2026-03-24,7258054787,31991.0,S132A,شركة القوة المتجددة للوقود,91,MK005
2026-03-24,7258064791,31998.8,S132A,شركة القوة المتجددة للوقود,95,MK093
2026-03-24,7258064804,33002.1,S132A,شركة النسيم الجديد المحدودة,95,MK084
2026-03-24,7258064816,33003.2,S132A,شركة النسيم الجديد المحدودة,95,MK020
2026-03-25,7258054744,32992.1,S132A,شركة النسيم الجديد المحدودة,95,MK008
2026-03-25,7258054766,32003.5,S132A,شركة القوة المتجددة للوقود,95,MK046
2026-03-25,7258073578,31991.6,S132A,شركة حسين زين العطاس وسعد عوض العصيمي وشركائهم,91,MK001
2026-03-25,7258073584,31837.8,S132A,شركة حسين زين العطاس وسعد عوض العصيمي وشركائهم,91,MK054
2026-03-25,7258073612,31994.9,S132A,شركة القوة المتجددة للوقود,91,MK017
2026-03-25,7258073625,32001.1,S132A,شركة تزويد السعودية المحدودة,91,MK004
2026-03-25,7258073681,31990.9,S132A,شركة القوة المتجددة للوقود,91,MK005
2026-03-25,7258073691,31974.6,S132A,شركة القوة المتجددة للوقود,91,MK028
2026-03-25,7258073795,32938.6,S132A,شركة النسيم الجديد المحدودة,91,MK007
2026-03-25,7258073801,33001.5,S132A,شركة النسيم الجديد المحدودة,91,MK003
2026-03-25,7258073866,33005.3,S132A,شركة النسيم الجديد المحدودة,91,MK084
2026-03-25,7258073876,33005.4,S132A,شركة النسيم الجديد المحدودة,91,MK019
2026-03-25,7258073884,32993.4,S132A,شركة النسيم الجديد المحدودة,91,MK018
2026-03-25,7258073913,33001.8,S132A,شركة النسيم الجديد المحدودة,ديزل,MK007
2026-03-25,7258073933,32002.5,S132A,شركة القوة المتجددة للوقود,ديزل,MK047
2026-03-25,7258078628,32993.7,S132A,شركة النسيم الجديد المحدودة,95,MK003
2026-03-25,7258081422,32996.1,S132A,شركة النسيم الجديد المحدودة,91,MK020
2026-03-25,7258084301,32998.2,S132A,شركة تزويد السعودية المحدودة,95,MK004
2026-03-25,7258067636,32005.5,S132A,شركة القوة المتجددة للوقود,91,MK006
2026-03-25,7258072921,32004.4,S132A,شركة القوة المتجددة للوقود,91,MK054
2026-03-25,7258073699,31994.6,S132A,شركة القوة المتجددة للوقود,91,MK093
2026-03-25,7258073925,33001.6,S132A,شركة النسيم الجديد المحدودة,ديزل,MK007
2026-03-25,7258078648,32987.8,S132A,شركة النسيم الجديد المحدودة,95,MK018
2026-03-25,7258078664,33004.0,S132A,شركة تزويد السعودية المحدودة,91,MK004
2026-03-25,7258084311,32993.6,S132A,شركة النسيم الجديد المحدودة,95,MK002
2026-03-25,7258084320,32990.8,S132A,شركة النسيم الجديد المحدودة,95,MK003
2026-03-25,7258084323,33004.0,S132A,شركة النسيم الجديد المحدودة,91,MK016
2026-03-25,7258084154,32996.4,S132,مؤسسة سامي بن سلمان بن عامر الصاعدي للنقليات,95,MK015
2026-03-25,7258084356,33004.9,S132,شركة النسيم الجديد المحدودة,95,MK007
2026-03-25,7258084369,33123.6,S132,شركة النسيم الجديد المحدودة,95,MK029
2026-03-25,7258084388,31998.1,S132,شركة القوة المتجددة للوقود,95,MK063
2026-03-25,7258066277,32000.9,S132,شركة القوة المتجددة للوقود,95,MK001
2026-03-25,7258082855,33002.2,S132,شركة النسيم الجديد المحدودة,ديزل,MK008
2026-03-25,7258081565,32991.7,S132,شركة النسيم الجديد المحدودة,91,MK002
2026-03-25,7258081559,32781.2,S132,شركة النسيم الجديد المحدودة,91,MK072
2026-03-25,7258081532,32994.4,S132,شركة النسيم الجديد المحدودة,91,MK007
2026-03-25,7258087949,31993.0,S091,Al-Nassar Transport Company,95,JA053
2026-03-26,7258095345,33001.9,S132,شركة النسيم الجديد المحدودة,ديزل,MK008
2026-03-26,7258095257,31992.6,S132,شركة تزويد السعودية المحدودة,91,MK004
2026-03-26,7258088902,31990.7,S132,شركة القوة المتجددة للوقود,91,MK047
2026-03-26,7258087164,31991.4,S132,شركة القوة المتجددة للوقود,91,MK046
2026-03-26,7258087910,32001.1,S132,شركة القوة المتجددة للوقود,ديزل,MK064
2026-03-26,7258088284,32001.8,S132,شركة القوة المتجددة للوقود,ديزل,MK004
2026-03-26,7258088154,31994.6,S132,شركة القوة المتجددة للوقود,ديزل,MK033
2026-03-26,7258087965,31995.0,S091,Al-Nassar Transport Company,95,JA069
2026-03-26,7258088068,31997.0,S091,شركة ناقلين المحدودة,91,JA061
2026-03-26,7258096484,32992.5,S132,شركة تزويد السعودية المحدودة,95,MK004
2026-03-26,7258096491,33002.5,S132,مؤسسة سامي بن سلمان بن عامر الصاعدي للنقليات,95,MK015
2026-03-26,7258096594,31973.4,S132,شركة القوة المتجددة للوقود,91,MK064
2026-03-26,7258104469,32005.5,S132,شركة القوة المتجددة للوقود,91,MK006
2026-03-26,7258096870,33002.3,S132,شركة النسيم الجديد المحدودة,91,MK031
2026-03-26,7258093446,32005.3,S132,شركة القوة المتجددة للوقود,95,MK017
2026-03-26,7258088840,31994.1,S132,شركة القوة المتجددة للوقود,95,MK014
2026-03-26,7258088400,32040.4,S132,شركة القوة المتجددة للوقود,95,MK064
2026-03-26,7258088347,32004.1,S132,شركة القوة المتجددة للوقود,95,MK100
2026-03-26,7258088304,31994.9,S132,شركة القوة المتجددة للوقود,ديزل,MK046
2026-03-26,7258095595,33001.7,S132,مؤسسة سامي بن سلمان بن عامر الصاعدي للنقليات,91,MK071
2026-03-26,7258104704,31997.0,S091,Al-Nassar Transport Company,ديزل,JA060
2026-03-27,7258107870,32988.5,S132,شركة تزويد السعودية المحدودة,95,MK004
2026-03-27,7258106670,32993.2,S132,شركة حسين زين العطاس وسعد عوض العصيمي وشركائهم,91,MK002
2026-03-27,7258106776,32980.6,S132,شركة تزويد السعودية المحدودة,91,MK004
2026-03-27,7258106865,32002.1,S132,شركة القوة المتجددة للوقود,ديزل,MK022
2026-03-27,7258106942,32002.6,S132,شركة القوة المتجددة للوقود,ديزل,MK033
2026-03-27,7258096910,32993.8,S132,شركة النسيم الجديد المحدودة,ديزل,MK008
2026-03-27,7258096936,31994.5,S132,شركة القوة المتجددة للوقود,ديزل,MK004
2026-03-27,7258105123,32001.4,S132,شركة القوة المتجددة للوقود,ديزل,MK047
2026-03-27,7258105102,32001.2,S132,شركة القوة المتجددة للوقود,ديزل,MK031
2026-03-27,7258104653,31997.0,S091,شركة ناقلين المحدودة,ديزل,JA061
2026-03-27,7258107864,32988.7,S132,شركة النسيم الجديد المحدودة,95,MK007
2026-03-27,7258107868,33003.9,S132,شركة النسيم الجديد المحدودة,95,MK007
2026-03-27,7258107930,32981.2,S132,مؤسسة سامي بن سلمان بن عامر الصاعدي للنقليات,91,MK015
2026-03-27,7258107046,32005.8,S132,شركة القوة المتجددة للوقود,91,MK046
2026-03-27,7258107005,32001.8,S132,شركة القوة المتجددة للوقود,ديزل,MK004
2026-03-27,7258106723,32001.6,S132,شركة القوة المتجددة للوقود,91,MK047
2026-03-27,7258106711,32006.1,S132,شركة القوة المتجددة للوقود,91,MK033
2026-03-27,7258104935,33001.4,S132,شركة النسيم الجديد المحدودة,91,MK072
2026-03-27,7258104901,32992.0,S132,شركة النسيم الجديد المحدودة,91,MK008
2026-03-27,7258104878,33000.7,S132,شركة النسيم الجديد المحدودة,91,MK003
2026-03-26,7258077656,32023.0,S012,محطة منير سفير المطيري,91,RY042
2026-03-26,7258077680,32019.0,S012,شركة القوة المتجددة للوقود,91,RY075
2026-03-26,7258089101,31931.5,S142,مؤسسة مسار الطريق للنقليات,ديزل,QS055
2026-03-27,7258089181,32014.3,S142,مؤسسة مسار الطريق للنقليات,91,HA043
2026-03-27,7258103343,31995.0,S133,شركة القوة المتجددة للوقود,95,RY025
2026-03-26,7258089604,32998.5,S132A,شركة النسيم الجديد المحدودة,91,MK003
2026-03-26,7258089669,33000.8,S132A,شركة تزويد السعودية المحدودة,91,MK004
2026-03-26,7258089764,33002.2,S132A,شركة النسيم الجديد المحدودة,91,MK016
2026-03-26,7258090605,32992.7,S132A,شركة النسيم الجديد المحدودة,91,MK029
2026-03-26,7258090649,33007.2,S132A,شركة النسيم الجديد المحدودة,91,MK003
2026-03-26,7258090755,33001.6,S132A,شركة النسيم الجديد المحدودة,91,MK008
2026-03-26,7258090824,32992.6,S132A,شركة النسيم الجديد المحدودة,91,MK007
2026-03-26,7258090974,33001.9,S132A,شركة النسيم الجديد المحدودة,91,MK072
2026-03-26,7258091063,31999.9,S132A,شركة القوة المتجددة للوقود,91,MK068
2026-03-26,7258091101,32001.6,S132A,شركة القوة المتجددة للوقود,91,MK033
2026-03-26,7258091278,32001.8,S132A,شركة القوة المتجددة للوقود,91,MK005
2026-03-26,7258091568,32000.5,S132A,شركة القوة المتجددة للوقود,91,MK001
2026-03-26,7258092130,32007.0,S132A,شركة القوة المتجددة للوقود,91,MK028
2026-03-26,7258092235,32001.7,S132A,شركة القوة المتجددة للوقود,91,MK035
2026-03-26,7258092404,33002.1,S132A,شركة النسيم الجديد المحدودة,ديزل,MK007
2026-03-26,7258096296,32988.5,S132A,شركة النسيم الجديد المحدودة,95,MK003
2026-03-26,7258096363,32993.5,S132A,شركة النسيم الجديد المحدودة,95,MK084
2026-03-26,7258096374,33006.2,S132A,شركة النسيم الجديد المحدودة,95,MK007
2026-03-26,7258096380,33003.5,S132A,شركة النسيم الجديد المحدودة,95,MK007
2026-03-26,7258096393,31999.1,S132A,شركة القوة المتجددة للوقود,95,MK046
2026-03-26,7258096401,32001.9,S132A,شركة القوة المتجددة للوقود,95,MK005
2026-03-26,7258096414,32004.4,S132A,شركة القوة المتجددة للوقود,95,MK028
2026-03-26,7258096419,31987.5,S132A,شركة القوة المتجددة للوقود,95,MK035
2026-03-26,7258096425,31990.2,S132A,شركة القوة المتجددة للوقود,95,BH050
2026-03-27,7258096165,33001.8,S132A,شركة النسيم الجديد المحدودة,91,MK003
2026-03-27,7258096176,32977.7,S132A,شركة النسيم الجديد المحدودة,91,MK016
2026-03-27,7258096182,32994.8,S132A,شركة النسيم الجديد المحدودة,91,MK023
2026-03-27,7258096193,32993.9,S132A,شركة النسيم الجديد المحدودة,91,MK020
2026-03-27,7258099036,32001.6,S132A,شركة القوة المتجددة للوقود,91,MK001
2026-03-27,7258099116,31994.5,S132A,شركة القوة المتجددة للوقود,91,MK054
2026-03-27,7258099141,31997.7,S132A,شركة القوة المتجددة للوقود,91,MK006
2026-03-27,7258099174,32006.6,S132A,شركة القوة المتجددة للوقود,91,MK046
2026-03-27,7258099238,31994.9,S132A,شركة القوة المتجددة للوقود,91,MK028
2026-03-27,7258099301,31991.5,S132A,شركة القوة المتجددة للوقود,91,MK063
2026-03-27,7258099395,31780.3,S132A,شركة القوة المتجددة للوقود,91,MK005
2026-03-27,7258099970,33001.6,S132A,شركة النسيم الجديد المحدودة,91,MK018
2026-03-27,7258100186,32991.7,S132A,شركة النسيم الجديد المحدودة,91,MK007
2026-03-27,7258100925,33001.5,S132A,شركة النسيم الجديد المحدودة,ديزل,MK007
2026-03-27,7258100940,33002.0,S132A,شركة النسيم الجديد المحدودة,ديزل,MK007
2026-03-27,7258101020,32001.7,S132A,شركة القوة المتجددة للوقود,ديزل,MK014
2026-03-27,7258102499,33000.3,S132A,شركة النسيم الجديد المحدودة,91,MK007
2026-03-27,7258107627,32003.4,S132A,شركة القوة المتجددة للوقود,95,MK068
2026-03-27,7258107638,32003.6,S132A,شركة القوة المتجددة للوقود,95,MK006
2026-03-27,7258107656,32003.9,S132A,شركة القوة المتجددة للوقود,95,MK005
2026-03-27,7258107672,32002.1,S132A,شركة القوة المتجددة للوقود,95,MK047
2026-03-27,7258107681,32004.3,S132A,شركة القوة المتجددة للوقود,95,MK028
2026-03-27,7258107688,33003.8,S132A,شركة النسيم الجديد المحدودة,95,MK003
2026-03-27,7258107700,33004.2,S132A,شركة النسيم الجديد المحدودة,95,MK008
2026-03-27,7258107723,33020.4,S132A,شركة حسين زين العطاس وسعد عوض العصيمي وشركائهم,95,MK023
2026-03-27,7258107728,32992.9,S132A,شركة حسين زين العطاس وسعد عوض العصيمي وشركائهم,95,MK020
2026-03-28,7258114058,33002.3,S132,شركة النسيم الجديد المحدودة,ديزل,MK008
2026-03-28,7258113717,33002.7,S132,شركة تزويد السعودية المحدودة,91,MK004
2026-03-28,7258113545,32001.8,S132,شركة القوة المتجددة للوقود,ديزل,MK004
2026-03-28,7258113523,32001.7,S132,شركة القوة المتجددة للوقود,ديزل,MK029
2026-03-28,7258113484,32992.7,S132,شركة تزويد السعودية المحدودة,91,MK004
2026-03-28,7258113408,32992.6,S132,مؤسسة سامي بن سلمان بن عامر الصاعدي للنقليات,91,MK015
2026-03-28,7258109451,31990.4,S132,شركة حسين زين العطاس وسعد عوض العصيمي وشركائهم,91,MK001
2026-03-28,7258113083,32000.0,S091,Al-Nassar Transport Company,91,JA069
2026-03-28,7258113093,31997.0,S091,Al-Nassar Transport Company,91,JA056
2026-03-28,7258096911,32998.5,S132,شركة تزويد السعودية المحدودة,95,MK005
2026-03-28,7258114124,32994.3,S132,شركة النسيم الجديد المحدودة,91,MK072
2026-03-28,7258114007,32001.6,S132,شركة القوة المتجددة للوقود,ديزل,MK047
2026-03-28,7258112976,31992.5,S132,شركة القوة المتجددة للوقود,91,MK063
2026-03-28,7258112993,32002.0,S132,شركة القوة المتجددة للوقود,91,MK035
2026-03-28,7258113074,32006.4,S132,شركة القوة المتجددة للوقود,91,MK022
2026-03-28,7258111986,31998.3,S132A,شركة القوة المتجددة للوقود,91,MK017
2026-03-28,7258112009,31992.1,S132A,شركة القوة المتجددة للوقود,91,MK028
2026-03-28,7258112022,32003.7,S132A,شركة القوة المتجددة للوقود,91,MK046
2026-03-28,7258112064,32001.6,S132A,شركة القوة المتجددة للوقود,91,MK054
2026-03-28,7258112101,31993.0,S132A,شركة القوة المتجددة للوقود,91,MK005
2026-03-28,7258112115,32001.6,S132A,شركة القوة المتجددة للوقود,91,MK099
2026-03-28,7258112135,31992.5,S132A,شركة القوة المتجددة للوقود,91,MK064
2026-03-28,7258112150,32007.6,S132A,شركة القوة المتجددة للوقود,91,MK006
2026-03-28,7258112191,32991.9,S132A,شركة النسيم الجديد المحدودة,91,MK084
2026-03-28,7258112295,33002.8,S132A,شركة النسيم الجديد المحدودة,91,MK003
2026-03-28,7258112333,33001.7,S132A,شركة النسيم الجديد المحدودة,91,MK003
2026-03-28,7258112347,33001.6,S132A,شركة النسيم الجديد المحدودة,91,MK029
2026-03-28,7258112368,33001.9,S132A,شركة النسيم الجديد المحدودة,91,MK016
2026-03-28,7258112386,32997.7,S132A,شركة النسيم الجديد المحدودة,91,MK007
2026-03-28,7258112435,33001.7,S132A,شركة النسيم الجديد المحدودة,ديزل,MK007
2026-03-28,7258112477,32993.3,S132A,شركة النسيم الجديد المحدودة,ديزل,MK007
2026-03-28,7258112487,31993.2,S132A,شركة القوة المتجددة للوقود,ديزل,MK046
2026-03-28,7258112530,31987.8,S132A,شركة القوة المتجددة للوقود,95,MK003
2026-03-28,7258091880,32009.9,S184,شركة القوة المتجددة للوقود,95,RY075
2026-03-28,7258102783,32022.1,S142,مؤسسة مسار الطريق للنقليات,91,QS055
2026-03-28,7258112823,32022.0,S012,محطة منير سفير المطيري,91,RY025
2026-03-28,7258089254,32001.9,S142,مؤسسة مسار الطريق للنقليات,95,QS055
2026-03-28,7258112830,32002.9,S133,شركة القوة المتجددة للوقود,91,RY075
2026-03-28,7258113819,32019.0,S012,محطة منير سفير المطيري,91,RY024
2026-03-29,7258121188,32993.1,S132,شركة النسيم الجديد المحدودة,ديزل,MK008
2026-03-29,7258121609,31995.1,S132,شركة القوة المتجددة للوقود,ديزل,MK033
2026-03-29,7258121614,32001.4,S132,شركة القوة المتجددة للوقود,ديزل,MK004
2026-03-29,7258113211,31993.0,S091,شركة ناقلين المحدودة,95,JA061
2026-03-29,7258113097,31993.0,S091,Al-Nassar Transport Company,95,JA069
2026-03-29,7258121886,32989.6,S132,شركة تزويد السعودية المحدودة,95,MK004
2026-03-29,7258121881,33003.8,S132,شركة النسيم الجديد المحدودة,95,MK031
2026-03-29,7258121889,32990.7,S132,شركة حسين زين العطاس وسعد عوض العصيمي وشركائهم,95,MK029
2026-03-29,7258121899,32991.0,S132,شركة النسيم الجديد المحدودة,95,MK003
2026-03-29,7258121904,31993.3,S132,شركة حسين زين العطاس وسعد عوض العصيمي وشركائهم,95,MK047
2026-03-29,7258121914,32002.1,S132,شركة القوة المتجددة للوقود,95,MK063
2026-03-29,7258121874,32004.0,S132,شركة القوة المتجددة للوقود,95,MK064
2026-03-29,7258121241,33001.6,S132,مؤسسة سامي بن سلمان بن عامر الصاعدي للنقليات,91,MK071
2026-03-29,7258121031,31993.1,S132,شركة القوة المتجددة للوقود,95,MK054
2026-03-29,7258121029,32004.4,S132,شركة القوة المتجددة للوقود,95,MK022
2026-03-29,7258121022,32999.4,S132,شركة النسيم الجديد المحدودة,95,MK008
2026-03-29,7258121019,33078.1,S132,شركة النسيم الجديد المحدودة,95,MK020
2026-03-29,7258121014,32004.7,S132,شركة القوة المتجددة للوقود,95,MK007
2026-03-29,7258116049,31993.7,S132,شركة القوة المتجددة للوقود,91,MK006
2026-03-29,7258109410,32987.2,S132,شركة النسيم الجديد المحدودة,95,MK007
2026-03-29,7258115863,32993.7,S132,شركة النسيم الجديد المحدودة,91,MK008
2026-03-29,7258115739,33002.5,S132,شركة النسيم الجديد المحدودة,91,MK072
2026-03-29,7258129910,32005.3,S183,شركة القوة المتجددة للوقود,95,MK093
2026-03-29,7258129858,33005.9,S183,شركة حسين زين العطاس وسعد عوض العصيمي وشركائهم,95,MK006
2026-03-30,7258133195,31999.0,S091,Al-Nassar Transport Company,91,JA069
2026-03-30,7258134510,32003.7,S132,شركة القوة المتجددة للوقود,95,MK005
2026-03-30,7258132302,33001.4,S132,شركة النسيم الجديد المحدودة,ديزل,MK008
2026-03-30,7258128638,32002.4,S132,شركة القوة المتجددة للوقود,ديزل,MK072
2026-03-30,7258128595,32002.3,S132,شركة القوة المتجددة للوقود,ديزل,MK064
2026-03-29,7258112518,31993.0,S132A,شركة القوة المتجددة للوقود,95,MK003
2026-03-29,7258112536,31989.3,S132A,شركة القوة المتجددة للوقود,95,MK028
2026-03-29,7258112543,32004.7,S132A,شركة القوة المتجددة للوقود,95,MK005
2026-03-29,7258112553,32993.5,S132A,شركة النسيم الجديد المحدودة,95,MK003
2026-03-29,7258112555,33004.3,S132A,شركة النسيم الجديد المحدودة,95,MK016
2026-03-29,7258116258,31991.1,S132A,شركة القوة المتجددة للوقود,91,MK005
2026-03-29,7258116366,32002.2,S132A,شركة القوة المتجددة للوقود,91,MK028
2026-03-29,7258116414,32001.4,S132A,شركة القوة المتجددة للوقود,91,MK033
2026-03-29,7258116455,31983.1,S132A,شركة القوة المتجددة للوقود,91,MK093
2026-03-29,7258116485,32002.2,S132A,شركة القوة المتجددة للوقود,91,MK047
2026-03-29,7258116557,32993.2,S132A,شركة النسيم الجديد المحدودة,91,MK003
2026-03-29,7258116583,33005.6,S132A,شركة النسيم الجديد المحدودة,91,MK003
2026-03-29,7258116614,33002.1,S132A,شركة النسيم الجديد المحدودة,91,MK007
2026-03-29,7258116644,33001.6,S132A,شركة النسيم الجديد المحدودة,91,MK003
2026-03-29,7258116684,33001.5,S132A,شركة النسيم الجديد المحدودة,91,MK020
2026-03-29,7258116756,33001.6,S132A,شركة النسيم الجديد المحدودة,ديزل,MK008
2026-03-29,7258116779,33001.9,S132A,شركة النسيم الجديد المحدودة,ديزل,MK007
2026-03-29,7258116811,32001.5,S132A,شركة القوة المتجددة للوقود,ديزل,MK018
2026-03-29,7258116845,33001.8,S132A,مؤسسة سامي بن سلمان بن عامر الصاعدي للنقليات,91,MK015
2026-03-29,7258121835,32003.8,S132A,شركة القوة المتجددة للوقود,95,MK046
2026-03-29,7258121846,31991.5,S132A,شركة القوة المتجددة للوقود,95,MK001
2026-03-29,7258121857,32999.4,S132A,مؤسسة سامي بن سلمان بن عامر الصاعدي للنقليات,95,MK015
2026-03-29,7258121860,33004.6,S132A,مؤسسة سامي بن سلمان بن عامر الصاعدي للنقليات,95,MK071
2026-03-29,7258121862,33004.5,S132A,شركة النسيم الجديد المحدودة,95,MK072
2026-03-30,7258112577,32993.9,S132A,شركة النسيم الجديد المحدودة,95,MK002
2026-03-30,7258112579,33004.2,S132A,شركة النسيم الجديد المحدودة,95,MK084
2026-03-30,7258116874,33002.0,S132A,شركة النسيم الجديد المحدودة,91,MK007
2026-03-30,7258116910,32989.3,S132A,شركة النسيم الجديد المحدودة,91,MK018
2026-03-30,7258116936,32987.8,S132A,شركة النسيم الجديد المحدودة,91,MK023
2026-03-30,7258116955,33001.6,S132A,مؤسسة سامي بن سلمان بن عامر الصاعدي للنقليات,91,MK015
2026-03-30,7258116984,33001.7,S132A,شركة تزويد السعودية المحدودة,91,MK004
2026-03-30,7258116997,32992.3,S132A,شركة النسيم الجديد المحدودة,91,MK002
2026-03-30,7258117020,32001.6,S132A,شركة القوة المتجددة للوقود,91,MK005
2026-03-30,7258117044,31992.7,S132A,شركة القوة المتجددة للوقود,91,MK005
2026-03-30,7258117165,32005.6,S132A,شركة القوة المتجددة للوقود,91,MK017
2026-03-30,7258117186,32001.5,S132A,شركة القوة المتجددة للوقود,91,MK046
2026-03-30,7258125539,32994.1,S132A,شركة النسيم الجديد المحدودة,ديزل,MK007
2026-03-30,7258125578,32001.3,S132A,شركة القوة المتجددة للوقود,ديزل,MK046
2026-03-30,7258134544,32999.6,S132A,شركة تزويد السعودية المحدودة,95,MK004
2026-03-29,7258120424,31981.0,S032,شركة هال للنقليات,91,EP051
2026-03-29,7258089292,32004.2,S142,مؤسسة مسار الطريق للنقليات,95,HA043
2026-03-29,7258114358,32023.0,S012,محطة منير سفير المطيري,ديزل,RY025
2026-03-29,7258115652,32009.0,S184,محطة منير سفير المطيري,95,RY024
2026-03-29,7258121395,31994.0,S133,شركة القوة المتجددة للوقود,91,RY075
2026-03-29,7258120714,22005.4,S183,مؤسسة سامي بن سلمان بن عامر الصاعدي للنقليات,98,MK015
2026-03-30,7258121559,31997.5,S142,مؤسسة مسار الطريق للنقليات,ديزل,QS055
2026-03-30,7258112586,33003.1,S132A,شركة النسيم الجديد المحدودة,95,MK029
2026-03-30,7258112592,32988.8,S132A,شركة النسيم الجديد المحدودة,95,MK003
2026-03-30,7258112599,31997.1,S132A,شركة القوة المتجددة للوقود,95,MK001
2026-03-30,7258112605,31997.8,S132A,شركة القوة المتجددة للوقود,95,MK063
2026-03-30,7258112613,32003.5,S132A,شركة القوة المتجددة للوقود,95,MK068
2026-03-30,7258117141,32006.1,S132A,شركة القوة المتجددة للوقود,91,MK001
2026-03-30,7258125479,32993.7,S132A,شركة النسيم الجديد المحدودة,ديزل,MK007
2026-03-30,7258128382,32973.5,S132A,شركة النسيم الجديد المحدودة,91,MK016
2026-03-30,7258128415,33001.7,S132A,شركة النسيم الجديد المحدودة,91,MK007
2026-03-30,7258128471,33003.0,S132A,شركة النسيم الجديد المحدودة,95,MK018
2026-03-30,7258134533,32993.5,S132A,شركة النسيم الجديد المحدودة,95,MK007
2026-03-30,7258134572,32997.1,S132A,مؤسسة سامي بن سلمان بن عامر الصاعدي للنقليات,95,MK015
2026-03-30,7258134600,33002.5,S132A,شركة النسيم الجديد المحدودة,95,MK003
2026-03-30,7258134606,32004.2,S132A,شركة القوة المتجددة للوقود,95,MK028
2026-03-30,7258134609,31989.0,S132A,شركة القوة المتجددة للوقود,95,MK099
2026-03-31,7258117218,32003.8,S132A,شركة القوة المتجددة للوقود,95,MK006
2026-03-31,7258117230,32998.1,S132A,شركة حسين زين العطاس وسعد عوض العصيمي وشركائهم,95,MK047
2026-03-31,7258117245,33003.3,S132A,شركة النسيم الجديد المحدودة,95,MK007
2026-03-31,7258117255,33003.3,S132A,شركة النسيم الجديد المحدودة,95,MK023
2026-03-31,7258117302,33003.3,S132A,شركة تزويد السعودية المحدودة,95,MK004
2026-03-31,7258117430,31977.4,S132A,شركة القوة المتجددة للوقود,91,MK001
2026-03-31,7258117454,31993.0,S132A,شركة القوة المتجددة للوقود,91,MK028
2026-03-31,7258117518,32001.5,S132A,شركة القوة المتجددة للوقود,91,MK022
2026-03-31,7258117552,32001.6,S132A,شركة القوة المتجددة للوقود,91,MK064
2026-03-31,7258117625,32992.9,S132A,شركة النسيم الجديد المحدودة,91,MK003
2026-03-31,7258117637,32992.4,S132A,شركة النسيم الجديد المحدودة,91,MK072
2026-03-31,7258117645,32976.1,S132A,شركة النسيم الجديد المحدودة,91,MK029
2026-03-31,7258117657,33002.1,S132A,شركة النسيم الجديد المحدودة,91,MK031
2026-03-31,7258117671,33017.0,S132A,شركة النسيم الجديد المحدودة,91,MK020
2026-03-31,7258117752,32994.3,S132A,شركة النسيم الجديد المحدودة,ديزل,MK008
2026-03-31,7258117778,32002.2,S132A,شركة القوة المتجددة للوقود,ديزل,MK028
2026-03-30,7258133268,32026.0,S012,شركة أسدال للخدمات البترولية,ديزل,RY075
2026-03-30,7258133290,32023.0,S012,محطة منير سفير المطيري,91,RY025
2026-03-30,7258132094,32008.5,S133,شركة القوة المتجددة للوقود,95,RY075
2026-03-31,7258143301,31994.7,S133,شركة القوة المتجددة للوقود,91,RY075
2026-03-31,7258120440,32003.4,S032,شركة هال للنقليات,95,EP051
2026-03-30,7258134491,31990.4,S132,شركة القوة المتجددة للوقود,95,MK035
2026-03-30,7258134483,32003.8,S132,شركة القوة المتجددة للوقود,95,MK046
2026-03-30,7258128669,32001.8,S132,شركة القوة المتجددة للوقود,ديزل,MK014
2026-03-30,7258128690,31995.2,S132,شركة القوة المتجددة للوقود,ديزل,MK047
2026-03-30,7258132260,32002.0,S132,شركة القوة المتجددة للوقود,ديزل,MK033
2026-03-30,7258133422,32001.6,S132,شركة القوة المتجددة للوقود,91,MK068
2026-03-30,7258128535,32992.1,S132,شركة النسيم الجديد المحدودة,91,MK008
2026-03-30,7258142250,31999.0,S091,شركة ناقلين المحدودة,91,JA061
2026-03-30,7258142267,31995.0,S091,شركة ناقلين المحدودة,ديزل,JA061
2026-03-31,7258142101,31994.4,S132,شركة القوة المتجددة للوقود,ديزل,MK054
2026-03-31,7258142160,31993.5,S132,شركة القوة المتجددة للوقود,ديزل,MK004
2026-03-31,7258142845,32994.1,S132,شركة النسيم الجديد المحدودة,ديزل,MK008
2026-03-31,7258142881,33001.8,S132,مؤسسة سامي بن سلمان بن عامر الصاعدي للنقليات,91,MK015
2026-03-31,7258142297,31997.0,S091,Al-Nassar Transport Company,91,JA053
2026-03-31,7258117262,33003.5,S132A,شركة النسيم الجديد المحدودة,95,MK072
2026-03-31,7258117312,31993.0,S132A,شركة القوة المتجددة للوقود,95,MK017
2026-03-31,7258117320,31993.2,S132A,شركة القوة المتجددة للوقود,95,MK001
2026-03-31,7258117340,32003.8,S132A,شركة القوة المتجددة للوقود,95,MK028
2026-03-31,7258117342,31990.1,S132A,شركة القوة المتجددة للوقود,95,MK033
2026-03-31,7258117499,32001.4,S132A,شركة القوة المتجددة للوقود,91,BH050
2026-03-31,7258117558,32001.6,S132A,شركة القوة المتجددة للوقود,91,MK047
2026-03-31,7258117583,32001.4,S132A,شركة القوة المتجددة للوقود,91,MK033
2026-03-31,7258117698,32979.2,S132A,شركة النسيم الجديد المحدودة,91,MK003
2026-03-31,7258117713,32991.9,S132A,شركة النسيم الجديد المحدودة,91,MK003
2026-03-31,7258117759,33002.2,S132A,شركة النسيم الجديد المحدودة,ديزل,MK007
2026-03-31,7258148731,32993.5,S132A,شركة النسيم الجديد المحدودة,95,MK016
2026-03-31,7258148775,31997.8,S132A,شركة القوة المتجددة للوقود,95,MK005
2026-03-31,7258121033,33004.3,S132,شركة النسيم الجديد المحدودة,95,MK008
2026-03-31,7258121060,33003.5,S132,شركة النسيم الجديد المحدودة,95,MK003
2026-03-31,7258142001,32002.3,S132,شركة القوة المتجددة للوقود,ديزل,MK046
2026-03-31,7258142048,32001.4,S132,شركة القوة المتجددة للوقود,ديزل,MK047
2026-03-31,7258142179,33001.2,S132,شركة النسيم الجديد المحدودة,91,MK007
2026-03-31,7258151245,32988.8,S132,شركة النسيم الجديد المحدودة,95,MK029
2026-03-31,7258136891,32010.0,S184,شركة القوة المتجددة للوقود,95,RY075
2026-03-31,7258143539,31997.9,S142,مؤسسة مسار الطريق للنقليات,91,QS055
2026-04-01,7258159036,32982.0,S132,شركة النسيم الجديد المحدودة,91,MK008
2026-04-01,7258158978,31979.9,S132,شركة تزويد السعودية المحدودة,91,MK004
2026-04-01,7258155121,32001.8,S132,شركة القوة المتجددة للوقود,ديزل,MK022
2026-04-01,7258155099,32001.9,S132,شركة القوة المتجددة للوقود,ديزل,MK029
2026-04-01,7258155072,32001.2,S132,شركة القوة المتجددة للوقود,ديزل,MK004
2026-04-01,7258121369,32992.9,S132,مؤسسة سامي بن سلمان بن عامر الصاعدي للنقليات,95,MK015
2026-04-01,7258121210,33003.9,S132,شركة النسيم الجديد المحدودة,95,MK019
2026-04-01,7258154768,31995.0,S091,Al-Nassar Transport Company,91,JA060
2026-04-01,7258161228,33004.8,S183,شركة أسطول النادر للنقليات شركة شخص واحد,95,MK015
2026-04-01,7258160355,33000.9,S183,شركة النسيم الجديد المحدودة,ديزل,MK008
2026-04-01,7258159091,33004.6,S183,شركة النسيم الجديد المحدودة,95,MK003
2026-04-01,7258166547,32001.6,S132,شركة القوة المتجددة للوقود,91,MK001
2026-04-01,7258166481,32003.0,S132,شركة القوة المتجددة للوقود,91,MK022
2026-04-01,7258166212,33001.6,S132,شركة النسيم الجديد المحدودة,ديزل,MK008
2026-04-01,7258121957,33022.5,S132,شركة حسين زين العطاس وسعد عوض العصيمي وشركائهم,95,MK002
2026-04-01,7258121970,33003.8,S132,شركة تزويد السعودية المحدودة,95,MK004
2026-04-01,7258122853,32004.4,S132,شركة حسين زين العطاس وسعد عوض العصيمي وشركائهم,95,MK033
2026-04-01,7258155147,32001.3,S132,شركة القوة المتجددة للوقود,ديزل,MK004
2026-04-01,7258122857,32004.3,S132,شركة القوة المتجددة للوقود,95,MK046
2026-04-01,7258122861,32004.3,S132,شركة القوة المتجددة للوقود,95,MK005
2026-04-01,7258122864,32003.5,S132,شركة القوة المتجددة للوقود,95,MK064
2026-04-01,7258166361,33000.9,S183,شركة النسيم الجديد المحدودة,95,MK031
2026-04-01,7258161449,33005.8,S183,شركة النسيم الجديد المحدودة,95,MK007
2026-04-01,7258153647,31980.7,S132A,شركة القوة المتجددة للوقود,91,MK035
2026-04-01,7258153781,31991.9,S132A,شركة القوة المتجددة للوقود,91,MK006
2026-04-01,7258153867,32001.5,S132A,شركة القوة المتجددة للوقود,91,MK063
2026-04-01,7258153931,32001.9,S132A,شركة القوة المتجددة للوقود,91,MK046
2026-04-01,7258156915,33001.6,S132A,شركة النسيم الجديد المحدودة,91,MK007
2026-04-01,7258140960,31992.4,S132A,شركة القوة المتجددة للوقود,91,MK033
2026-04-01,7258140947,32003.4,S132A,شركة القوة المتجددة للوقود,91,MK017
2026-04-01,7258140940,31992.8,S132A,شركة القوة المتجددة للوقود,91,MK100
2026-04-01,7258140934,31976.1,S132A,شركة القوة المتجددة للوقود,91,MK014
2026-04-01,7258140659,32993.8,S132A,شركة حسين زين العطاس وسعد عوض العصيمي وشركائهم,91,MK003
2026-04-01,7258140648,33002.0,S132A,شركة حسين زين العطاس وسعد عوض العصيمي وشركائهم,91,MK072
2026-04-01,7258140635,32994.2,S132A,شركة النسيم الجديد المحدودة,91,MK016
2026-04-01,7258140623,33000.9,S132A,شركة النسيم الجديد المحدودة,91,MK029
2026-04-01,7258140607,33002.9,S132A,مؤسسة سامي بن سلمان بن عامر الصاعدي للنقليات,91,MK015
2026-04-01,7258140499,32993.8,S132A,شركة النسيم الجديد المحدودة,ديزل,MK007
2026-04-01,7258140435,32994.4,S132A,شركة النسيم الجديد المحدودة,ديزل,MK007
2026-04-01,7258125655,32002.2,S132A,شركة القوة المتجددة للوقود,ديزل,MK035
2026-04-01,7258119937,31987.0,S132A,شركة القوة المتجددة للوقود,95,MK093
2026-04-01,7258119936,31997.2,S132A,شركة القوة المتجددة للوقود,95,MK047
2026-04-01,7258119914,33002.0,S132A,شركة أسطول النادر للنقليات شركة شخص واحد,95,MK018
2026-04-01,7258119913,33003.8,S132A,شركة النسيم الجديد المحدودة,95,MK023
2026-04-01,7258119912,32987.1,S132A,شركة أسطول النادر للنقليات شركة شخص واحد,95,MK016
2026-04-01,7258119910,32990.6,S132A,شركة أسطول النادر للنقليات شركة شخص واحد,95,MK020
2026-04-01,7258119296,32990.0,S132A,شركة النسيم الجديد المحدودة,95,MK007
2026-04-01,7258143654,31997.6,S142,مؤسسة مسار الطريق للنقليات,91,HA043
2026-04-01,7258152160,31990.1,S184,محطة منير سفير المطيري,95,RY025
2026-04-01,7258156032,31994.2,S133,شركة القوة المتجددة للوقود,91,RY075
2026-04-01,7258158730,32023.0,S012,محطة منير سفير المطيري,91,RY025
2026-04-01,7258153573,31990.0,S032,شركة هال للنقليات,91,EP051
2026-04-02,7258169050,32001.6,S132,شركة القوة المتجددة للوقود,ديزل,MK093
2026-04-02,7258166156,32002.0,S132,شركة القوة المتجددة للوقود,ديزل,MK014
2026-04-02,7258166146,32002.9,S132,شركة القوة المتجددة للوقود,ديزل,MK029
2026-04-02,7258166137,32001.5,S132,شركة القوة المتجددة للوقود,ديزل,MK072
2026-04-02,7258166119,31993.3,S132,شركة القوة المتجددة للوقود,ديزل,MK046
2026-04-02,7258166022,32986.6,S132,شركة تزويد السعودية المحدودة,91,MK004
2026-04-02,7258122870,33004.5,S132,شركة النسيم الجديد المحدودة,95,MK003
2026-04-02,7258154756,31992.0,S091,Al-Nassar Transport Company,95,JA056
2026-04-02,7258169751,32000.0,S091,Al-Nassar Transport Company,91,JA069
2026-04-02,7258154746,31995.0,S091,Al-Nassar Transport Company,95,JA060
2026-04-02,7258154733,31994.0,S091,Al-Nassar Transport Company,95,JA069
2026-04-02,7258154712,31994.0,S091,Al-Nassar Transport Company,95,JA053
2026-04-02,7258156120,32004.9,S183,شركة القوة المتجددة للوقود,95,MK017
2026-04-02,7258166126,32002.2,S132,شركة القوة المتجددة للوقود,ديزل,MK033
2026-04-02,7258172439,33006.2,S183,شركة النسيم الجديد المحدودة,95,MK003
2026-04-02,7258172440,33005.3,S183,شركة النسيم الجديد المحدودة,95,MK016
2026-04-02,7258177927,33010.4,S183,مؤسسة سامي بن سلمان بن عامر الصاعدي للنقليات,95,MK071
2026-04-02,7258177807,33000.5,S183,شركة النسيم الجديد المحدودة,95,MK007
2026-04-02,7258172438,32974.1,S132,شركة النسيم الجديد المحدودة,91,MK072
2026-04-02,7258169291,33001.4,S132,شركة النسيم الجديد المحدودة,ديزل,MK008
2026-04-02,7258169019,32001.9,S132,شركة القوة المتجددة للوقود,ديزل,MK004
2026-04-02,7258168899,32001.5,S132,شركة القوة المتجددة للوقود,ديزل,MK071
2026-04-02,7258165126,32999.1,S132A,شركة النسيم الجديد المحدودة,91,MK008
2026-04-02,7258165166,32973.4,S132A,شركة النسيم الجديد المحدودة,91,MK007
2026-04-02,7258165237,31994.6,S132A,شركة القوة المتجددة للوقود,91,MK047
2026-04-02,7258165276,32004.8,S132A,شركة القوة المتجددة للوقود,91,MK001
2026-04-02,7258167021,33004.5,S132A,شركة النسيم الجديد المحدودة,95,MK019
2026-04-02,7258167495,33003.5,S132A,مؤسسة سامي بن سلمان بن عامر الصاعدي للنقليات,91,MK071
2026-04-02,7258141890,33004.1,S132A,شركة حسين زين العطاس وسعد عوض العصيمي وشركائهم,95,MK022
2026-04-02,7258141869,31993.5,S132A,شركة حسين زين العطاس وسعد عوض العصيمي وشركائهم,95,MK017
2026-04-02,7258141638,31993.9,S132A,شركة القوة المتجددة للوقود,ديزل,MK047
2026-04-02,7258141610,33001.4,S132A,شركة النسيم الجديد المحدودة,ديزل,MK007
2026-04-02,7258141558,32992.5,S132A,شركة النسيم الجديد المحدودة,ديزل,MK007
2026-04-02,7258141385,33001.7,S132A,شركة النسيم الجديد المحدودة,91,MK016
2026-04-02,7258141370,33001.3,S132A,شركة النسيم الجديد المحدودة,91,MK072
2026-04-02,7258141362,33001.8,S132A,شركة النسيم الجديد المحدودة,91,MK002
2026-04-02,7258141354,33002.2,S132A,شركة النسيم الجديد المحدودة,91,MK023
2026-04-02,7258141348,32993.8,S132A,شركة النسيم الجديد المحدودة,91,MK003
2026-04-02,7258141287,32001.4,S132A,شركة القوة المتجددة للوقود,91,MK028
2026-04-02,7258141273,32001.4,S132A,شركة القوة المتجددة للوقود,91,MK006
2026-04-02,7258141260,32001.3,S132A,شركة القوة المتجددة للوقود,91,MK005
2026-04-02,7258141248,32001.4,S132A,شركة القوة المتجددة للوقود,91,MK093
2026-04-02,7258124769,32989.8,S132A,شركة النسيم الجديد المحدودة,95,MK008
2026-04-02,7258124738,31991.4,S132A,شركة القوة المتجددة للوقود,95,MK063
2026-04-02,7258124732,32004.3,S132A,شركة القوة المتجددة للوقود,95,MK054
2026-04-02,7258124725,31993.6,S132A,شركة القوة المتجددة للوقود,95,MK014
2026-04-02,7258124717,31998.6,S132A,شركة القوة المتجددة للوقود,95,MK002
2026-04-02,7258119967,31999.2,S132A,شركة القوة المتجددة للوقود,95,MK035
2026-04-02,7258149608,32001.7,S142,مؤسسة مسار الطريق للنقليات,95,QS055
2026-04-02,7258169525,31994.4,S133,شركة القوة المتجددة للوقود,95,RY075
2026-04-02,7258158784,32078.4,S184,محطة منير سفير المطيري,95,RY024
2026-04-02,7258165834,32119.6,S184,محطة منير سفير المطيري,95,RY042
2026-04-03,7258182364,32002.0,S132,شركة القوة المتجددة للوقود,ديزل,MK004
2026-04-03,7258182370,30226.2,S132,شركة القوة المتجددة للوقود,ديزل,MK022
2026-04-03,7258182375,31990.8,S132,شركة القوة المتجددة للوقود,ديزل,MK064
2026-04-03,7258182385,32001.7,S132,شركة القوة المتجددة للوقود,ديزل,MK004
2026-04-03,7258182464,33002.5,S132,شركة تزويد السعودية المحدودة,91,MK004
2026-04-03,7258182485,32999.4,S132,مؤسسة سامي بن سلمان بن عامر الصاعدي للنقليات,91,MK015
2026-04-03,7258178492,33006.9,S132,شركة النسيم الجديد المحدودة,91,MK007
2026-04-03,7258178868,33001.4,S132,شركة النسيم الجديد المحدودة,91,MK084
2026-04-03,7258182530,31997.6,S132,شركة القوة المتجددة للوقود,91,MK064
2026-04-03,7258182505,31993.3,S132,شركة القوة المتجددة للوقود,91,MK028
2026-04-03,7258182408,31993.5,S132,شركة القوة المتجددة للوقود,ديزل,MK047
2026-04-03,7258182396,32002.0,S132,شركة القوة المتجددة للوقود,ديزل,MK046
2026-04-03,7258179222,33005.9,S132,شركة النسيم الجديد المحدودة,91,MK031
2026-04-03,7258178275,31996.0,S091,Al-Nassar Transport Company,91,JA053
2026-04-03,7258185059,33005.4,S183,شركة النسيم الجديد المحدودة,95,MK007
2026-04-03,7258187184,33003.3,S183,مؤسسة سامي بن سلمان بن عامر الصاعدي للنقليات,95,MK015
2026-04-03,7258179092,32977.3,S132A,شركة النسيم الجديد المحدودة,91,MK072
2026-04-03,7258179454,32001.6,S132A,شركة القوة المتجددة للوقود,91,MK063
2026-04-03,7258179490,32003.2,S132A,شركة القوة المتجددة للوقود,91,MK099
2026-04-03,7258179508,31993.5,S132A,شركة القوة المتجددة للوقود,91,MK047
2026-04-03,7258180960,32003.9,S132A,شركة القوة المتجددة للوقود,95,MK028
2026-04-03,7258141711,32992.6,S132A,شركة النسيم الجديد المحدودة,ديزل,MK007
2026-04-03,7258141695,33002.2,S132A,شركة النسيم الجديد المحدودة,ديزل,MK033
2026-04-03,7258141669,32002.0,S132A,شركة القوة المتجددة للوقود,ديزل,MK068
2026-04-03,7258132208,33001.6,S132A,شركة النسيم الجديد المحدودة,91,MK003
2026-04-03,7258132204,32993.6,S132A,شركة النسيم الجديد المحدودة,91,MK019
2026-04-03,7258132199,33001.7,S132A,شركة النسيم الجديد المحدودة,91,MK020
2026-04-03,7258132194,33001.9,S132A,شركة النسيم الجديد المحدودة,91,MK018
2026-04-03,7258132188,32954.4,S132A,شركة النسيم الجديد المحدودة,91,MK029
2026-04-03,7258132123,32005.7,S132A,شركة القوة المتجددة للوقود,91,MK017
2026-04-03,7258132112,32001.4,S132A,شركة القوة المتجددة للوقود,91,MK068
2026-04-03,7258132092,32001.8,S132A,شركة القوة المتجددة للوقود,91,MK006
2026-04-03,7258132081,32002.0,S132A,شركة القوة المتجددة للوقود,91,MK005
2026-04-03,7258132072,31992.5,S132A,شركة القوة المتجددة للوقود,91,MK046
2026-04-03,7258131690,32992.1,S132A,شركة النسيم الجديد المحدودة,95,MK020
2026-04-03,7258131687,32997.7,S132A,شركة النسيم الجديد المحدودة,95,MK003
2026-04-03,7258131682,33002.0,S132A,شركة النسيم الجديد المحدودة,95,MK072
2026-04-03,7258131610,32004.2,S132A,شركة القوة المتجددة للوقود,95,MK047
2026-04-03,7258131608,31988.6,S132A,شركة القوة المتجددة للوقود,95,MK001
2026-04-03,7258131606,32004.9,S132A,شركة القوة المتجددة للوقود,95,MK068
2026-04-03,7258131604,32003.1,S132A,شركة القوة المتجددة للوقود,95,MK006
2026-04-03,7258131602,31989.8,S132A,شركة القوة المتجددة للوقود,95,MK033
2026-04-03,7258174871,32025.0,S012,محطة منير سفير المطيري,91,RY024
2026-04-03,7258172669,32006.0,S012,محطة منير سفير المطيري,ديزل,RY042
2026-04-03,7258172685,32010.0,S184,محطة منير سفير المطيري,95,RY025
2026-04-03,7258181259,32004.9,S133,شركة القوة المتجددة للوقود,91,RY075
2026-04-04,7258178406,31994.0,S091,Al-Nassar Transport Company,95,JA069
2026-04-04,7258186796,31995.0,S091,شركة ناقلين المحدودة,95,JA061
2026-04-04,7258189030,33001.6,S132,شركة تزويد السعودية المحدودة,91,MK004
2026-04-04,7258187433,32001.7,S132,شركة القوة المتجددة للوقود,ديزل,MK100
2026-04-04,7258187432,31990.9,S132,شركة القوة المتجددة للوقود,ديزل,MK004
2026-04-04,7258187425,32002.0,S132,شركة القوة المتجددة للوقود,ديزل,MK004
2026-04-04,7258187671,32005.1,S183,شركة القوة المتجددة للوقود,95,MK099
2026-04-04,7258187651,32000.0,S183,شركة القوة المتجددة للوقود,95,MK100
2026-04-04,7258187416,32005.3,S183,شركة القوة المتجددة للوقود,95,MK046
2026-04-04,7258187753,32997.8,S132A,شركة النسيم الجديد المحدودة,95,MK029
2026-04-04,7258187758,33004.2,S132A,شركة النسيم الجديد المحدودة,95,MK007
2026-04-04,7258189011,32994.2,S132,شركة النسيم الجديد المحدودة,91,MK003
2026-04-04,7258187442,32001.7,S132,شركة القوة المتجددة للوقود,ديزل,MK029
2026-04-04,7258188989,32005.1,S183,شركة القوة المتجددة للوقود,95,MK063
2026-04-04,7258188978,33000.2,S183,شركة النسيم الجديد المحدودة,95,MK007
2026-04-04,7258187404,32004.8,S183,شركة القوة المتجددة للوقود,95,MK005
2026-04-04,7258186621,31993.6,S133,شركة القوة المتجددة للوقود,95,RY075
2026-04-04,7258189553,31999.4,S133,شركة القوة المتجددة للوقود,95,RY025
2026-04-04,7258189655,32014.0,S012,محطة منير سفير المطيري,91,RY024
2026-04-04,7258189691,32023.7,S142,مؤسسة مسار الطريق للنقليات,ديزل,QS055
2026-04-04,7258194620,31980.0,S032,شركة هال للنقليات,91,EP051
2026-04-04,7258187350,33005.5,S132A,شركة النسيم الجديد المحدودة,91,MK007
2026-04-04,7258187342,33001.4,S132A,شركة النسيم الجديد المحدودة,91,MK029
2026-04-04,7258187326,32991.8,S132A,شركة النسيم الجديد المحدودة,91,MK003
2026-04-04,7258187269,31990.1,S132A,شركة القوة المتجددة للوقود,91,MK028
2026-04-04,7258141761,31993.1,S132A,شركة القوة المتجددة للوقود,ديزل,MK035
2026-04-04,7258141745,33002.6,S132A,شركة النسيم الجديد المحدودة,ديزل,MK007
2026-04-04,7258141737,33002.1,S132A,شركة النسيم الجديد المحدودة,ديزل,MK033
2026-04-04,7258132354,32992.4,S132A,شركة النسيم الجديد المحدودة,91,MK003
2026-04-04,7258132347,32985.1,S132A,شركة النسيم الجديد المحدودة,91,MK008
2026-04-04,7258132341,32991.8,S132A,شركة النسيم الجديد المحدودة,91,MK018
2026-04-04,7258132335,33001.4,S132A,شركة النسيم الجديد المحدودة,91,MK007
2026-04-04,7258132330,33005.7,S132A,شركة النسيم الجديد المحدودة,91,MK016
2026-04-04,7258132310,32001.9,S132A,شركة القوة المتجددة للوقود,91,MK001
2026-04-04,7258132306,32001.3,S132A,شركة حسين زين العطاس وسعد عوض العصيمي وشركائهم,91,MK033
2026-04-04,7258132300,32001.3,S132A,شركة القوة المتجددة للوقود,91,MK054
2026-04-04,7258132294,31991.7,S132A,شركة القوة المتجددة للوقود,91,MK035
2026-04-04,7258132289,32002.5,S132A,شركة القوة المتجددة للوقود,91,MK005
2026-04-04,7258131755,31992.8,S132A,شركة القوة المتجددة للوقود,95,MK006
2026-04-04,7258131751,31992.7,S132A,شركة القوة المتجددة للوقود,95,MK064
2026-04-04,7258131750,32003.7,S132A,شركة القوة المتجددة للوقود,95,MK047
2026-04-04,7258131749,32002.1,S132A,شركة القوة المتجددة للوقود,95,MK001
2026-04-04,7258131728,33004.5,S132A,شركة النسيم الجديد المحدودة,95,MK003
2026-04-04,7258131725,33002.1,S132A,شركة تزويد السعودية المحدودة,95,MK004
2026-04-04,7258131710,33002.0,S132A,شركة النسيم الجديد المحدودة,95,MK003
2026-04-05,7258194077,31997.0,S091,شركة ناقلين المحدودة,91,JA061
2026-04-05,7258194655,31997.0,S091,Al-Nassar Transport Company,91,JA069
2026-04-05,7258195991,31993.9,S132,شركة تزويد السعودية المحدودة,91,MK004
2026-04-05,7258195917,33001.8,S132,شركة النسيم الجديد المحدودة,ديزل,MK084
2026-04-05,7258195818,32001.6,S132,شركة القوة المتجددة للوقود,ديزل,MK054
2026-04-05,7258195803,32001.6,S132,شركة القوة المتجددة للوقود,ديزل,MK063
2026-04-05,7258195794,32002.9,S132,شركة القوة المتجددة للوقود,ديزل,MK014
2026-04-05,7258195784,32001.4,S132,شركة القوة المتجددة للوقود,ديزل,MK028
2026-04-05,7258194000,32002.2,S132,شركة القوة المتجددة للوقود,ديزل,MK033
2026-04-05,7258194628,32000.7,S032,شركة هال للنقليات,95,EP051
2026-04-05,7258201675,32993.9,S132A,مؤسسة سامي بن سلمان بن عامر الصاعدي للنقليات,95,MK015
2026-04-05,7258201662,33002.0,S132A,شركة النسيم الجديد المحدودة,95,MK020
2026-04-05,7258201492,32993.5,S132A,شركة النسيم الجديد المحدودة,95,MK003
2026-04-05,7258193734,33004.1,S132A,شركة النسيم الجديد المحدودة,95,MK084
2026-04-05,7258187901,31997.3,S132A,شركة القوة المتجددة للوقود,91,MK063
2026-04-05,7258187893,31997.3,S132A,شركة القوة المتجددة للوقود,91,MK072
2026-04-05,7258187867,32994.4,S132A,شركة النسيم الجديد المحدودة,91,MK007
2026-04-05,7258187856,32990.3,S132A,شركة النسيم الجديد المحدودة,91,MK001
2026-04-05,7258157691,32002.3,S132A,شركة القوة المتجددة للوقود,ديزل,MK018
2026-04-05,7258157503,33001.5,S132A,شركة النسيم الجديد المحدودة,ديزل,MK007
2026-04-05,7258157472,33002.5,S132A,شركة النسيم الجديد المحدودة,ديزل,MK007
2026-04-05,7258157314,32983.2,S132A,شركة النسيم الجديد المحدودة,91,MK003
2026-04-05,7258157311,32994.5,S132A,شركة النسيم الجديد المحدودة,91,MK008
2026-04-05,7258157306,33001.3,S132A,شركة النسيم الجديد المحدودة,91,MK084
2026-04-05,7258157300,32833.6,S132A,شركة النسيم الجديد المحدودة,91,MK020
2026-04-05,7258157290,33001.4,S132A,مؤسسة سامي بن سلمان بن عامر الصاعدي للنقليات,91,MK015
2026-04-05,7258157185,31991.6,S132A,شركة القوة المتجددة للوقود,91,MK046
2026-04-05,7258157178,31993.5,S132A,شركة القوة المتجددة للوقود,91,MK017
2026-04-05,7258157168,32001.4,S132A,شركة القوة المتجددة للوقود,91,MK054
2026-04-05,7258157158,31981.0,S132A,شركة القوة المتجددة للوقود,91,MK006
2026-04-05,7258157152,32001.8,S132A,شركة القوة المتجددة للوقود,91,MK005
2026-04-05,7258157005,32004.8,S132A,شركة تزويد السعودية المحدودة,95,MK004
2026-04-05,7258156999,32004.0,S132A,شركة القوة المتجددة للوقود,95,MK046
2026-04-05,7258156993,32004.5,S132A,شركة القوة المتجددة للوقود,95,MK005
2026-04-05,7258156991,31991.4,S132A,شركة القوة المتجددة للوقود,95,MK017
2026-04-05,7258156986,32004.3,S132A,شركة القوة المتجددة للوقود,95,MK028
2026-04-05,7258156929,33005.1,S132A,شركة النسيم الجديد المحدودة,95,MK008
2026-04-05,7258194109,33011.1,S183,مؤسسة سامي بن سلمان بن عامر الصاعدي للنقليات,95,MK015
2026-04-05,7258193870,33010.4,S183,شركة النسيم الجديد المحدودة,95,MK007
2026-04-05,7258193862,33000.3,S183,شركة النسيم الجديد المحدودة,95,MK003
2026-04-05,7258195966,31999.3,S132,شركة القوة المتجددة للوقود,91,MK005
2026-04-05,7258202180,32030.0,S020,شركة ناقلين المحدودة,ديزل,JA061
2026-04-05,7258194525,32015.0,S012,محطة منير سفير المطيري,91,RY042
2026-04-05,7258194660,32004.4,S142,مؤسسة مسار الطريق للنقليات,95,HA043
2026-04-06,7258214827,33000.0,S132A,شركة النسيم الجديد المحدودة,95,MK029
2026-04-06,7258214751,32000.0,S132A,شركة القوة المتجددة للوقود,95,MK054
2026-04-06,7258206521,33000.0,S132A,شركة النسيم الجديد المحدودة,95,MK072
2026-04-06,7258203513,32984.0,S132A,مؤسسة سامي بن سلمان بن عامر الصاعدي للنقليات,91,MK015
2026-04-06,7258202352,32000.0,S132A,شركة القوة المتجددة للوقود,91,MK046
2026-04-06,7258202314,32000.0,S132A,شركة القوة المتجددة للوقود,91,MK068
2026-04-06,7258202297,33000.0,S132A,شركة النسيم الجديد المحدودة,91,MK007
2026-04-06,7258202275,33000.0,S132A,شركة النسيم الجديد المحدودة,91,MK008
2026-04-06,7258158447,32001.9,S132A,شركة القوة المتجددة للوقود,ديزل,MK047
2026-04-06,7258158433,33000.0,S132A,شركة النسيم الجديد المحدودة,ديزل,MK007
2026-04-06,7258158423,33000.5,S132A,شركة النسيم الجديد المحدودة,ديزل,MK008
2026-04-06,7258158401,32993.2,S132A,شركة النسيم الجديد المحدودة,91,MK072
2026-04-06,7258158398,33002.4,S132A,شركة النسيم الجديد المحدودة,91,MK007
2026-04-06,7258158389,33009.0,S132A,شركة النسيم الجديد المحدودة,91,MK003
2026-04-06,7258158384,32999.3,S132A,شركة النسيم الجديد المحدودة,91,MK023
2026-04-06,7258158379,33002.0,S132A,شركة النسيم الجديد المحدودة,91,MK002
2026-04-06,7258157862,32001.7,S132A,شركة القوة المتجددة للوقود,91,MK001
2026-04-06,7258157856,32001.6,S132A,شركة القوة المتجددة للوقود,91,MK047
2026-04-06,7258157848,32003.9,S132A,شركة القوة المتجددة للوقود,91,MK093
2026-04-06,7258157842,32014.0,S132A,شركة القوة المتجددة للوقود,91,MK033
2026-04-06,7258157752,32000.0,S132A,شركة القوة المتجددة للوقود,95,MK006
2026-04-06,7258157746,31990.5,S132A,شركة القوة المتجددة للوقود,95,MK022
2026-04-06,7258157742,31992.6,S132A,شركة القوة المتجددة للوقود,95,MK033
2026-04-06,7258157739,31990.9,S132A,شركة القوة المتجددة للوقود,95,MK093
2026-04-06,7258157735,32004.3,S132A,شركة القوة المتجددة للوقود,95,MK028
2026-04-06,7258194647,32002.0,S091,Al-Nassar Transport Company,95,JA069
2026-04-06,7258200557,32001.3,S132,شركة القوة المتجددة للوقود,ديزل,MK046
2026-04-06,7258200601,32227.1,S132,شركة القوة المتجددة للوقود,ديزل,MK064
2026-04-06,7258200634,32001.2,S132,شركة القوة المتجددة للوقود,ديزل,MK054
2026-04-06,7258200717,32002.1,S132,شركة القوة المتجددة للوقود,ديزل,MK022
2026-04-06,7258202545,32999.5,S132,مؤسسة سامي بن سلمان بن عامر الصاعدي للنقليات,91,MK015
2026-04-06,7258202597,33008.9,S132,مؤسسة سامي بن سلمان بن عامر الصاعدي للنقليات,91,MK071
2026-04-06,7258202700,33005.5,S183,شركة النسيم الجديد المحدودة,95,MK016
2026-04-06,7258203709,32998.9,S183,شركة النسيم الجديد المحدودة,95,MK007
2026-04-06,7258203730,32999.4,S183,شركة النسيم الجديد المحدودة,95,MK003
2026-04-06,7258203239,31997.5,S142,مؤسسة مسار الطريق للنقليات,91,QS055
2026-04-06,7258203269,32004.1,S133,شركة القوة المتجددة للوقود,95,RY075
2026-04-06,7258197202,31985.7,S133,شركة القوة المتجددة للوقود,91,RY075
2026-04-07,7258203831,31991.1,S132,شركة القوة المتجددة للوقود,ديزل,MK072
2026-04-07,7258203845,32001.7,S132,شركة القوة المتجددة للوقود,ديزل,MK031
2026-04-07,7258215746,32992.5,S132,شركة النسيم الجديد المحدودة,ديزل,MK008
2026-04-07,7258203839,32001.8,S132,شركة القوة المتجددة للوقود,ديزل,MK047
2026-04-07,7258193444,32993.5,S132A,شركة النسيم الجديد المحدودة,95,MK023
2026-04-07,7258193434,32990.2,S132A,شركة النسيم الجديد المحدودة,95,MK019
2026-04-07,7258193418,33002.0,S132A,شركة تزويد السعودية المحدودة,95,MK004
2026-04-07,7258175177,32993.1,S132A,شركة النسيم الجديد المحدودة,91,MK003
2026-04-07,7258175173,32993.5,S132A,شركة النسيم الجديد المحدودة,91,MK016
2026-04-07,7258175167,33001.8,S132A,شركة النسيم الجديد المحدودة,91,MK020
2026-04-07,7258175165,32998.8,S132A,شركة النسيم الجديد المحدودة,91,MK072
2026-04-07,7258168414,31993.8,S132A,شركة القوة المتجددة للوقود,ديزل,MK014
2026-04-07,7258168279,32992.4,S132A,شركة النسيم الجديد المحدودة,ديزل,MK033
2026-04-07,7258168212,32995.2,S132A,شركة النسيم الجديد المحدودة,91,MK029
2026-04-07,7258168194,32995.6,S132A,شركة تزويد السعودية المحدودة,91,MK004
2026-04-07,7258168190,33001.6,S132A,مؤسسة سامي بن سلمان بن عامر الصاعدي للنقليات,91,MK015
2026-04-07,7258168141,32001.3,S132A,شركة القوة المتجددة للوقود,91,MK001
2026-04-07,7258168123,32018.3,S132A,شركة القوة المتجددة للوقود,91,MK022
2026-04-07,7258168121,31992.5,S132A,شركة القوة المتجددة للوقود,91,MK064
2026-04-07,7258168116,31980.8,S132A,شركة القوة المتجددة للوقود,91,MK006
2026-04-07,7258168107,31994.0,S132A,شركة القوة المتجددة للوقود,91,MK028
2026-04-07,7258168080,31991.7,S132A,شركة القوة المتجددة للوقود,95,MK001
2026-04-07,7258168078,32001.6,S132A,شركة القوة المتجددة للوقود,95,MK047
2026-04-07,7258168070,32004.4,S132A,شركة القوة المتجددة للوقود,95,MK068
2026-04-07,7258217162,32991.4,S132A,شركة النسيم الجديد المحدودة,91,MK007
2026-04-07,7258217142,33007.0,S132A,شركة النسيم الجديد المحدودة,91,MK008
2026-04-07,7258168320,33001.4,S132A,شركة النسيم الجديد المحدودة,ديزل,MK007
2026-04-07,7258168076,32004.6,S132A,شركة القوة المتجددة للوقود,95,MK005
2026-04-07,7258215708,32003.0,S132,شركة القوة المتجددة للوقود,ديزل,MK004
2026-04-07,7258215729,31993.3,S132,شركة القوة المتجددة للوقود,ديزل,MK029
2026-04-07,7258218274,32003.4,S132,شركة القوة المتجددة للوقود,ديزل,MK004
2026-04-07,7258215797,33009.0,S183,شركة النسيم الجديد المحدودة,95,MK008
2026-04-07,7258215782,33000.2,S183,شركة النسيم الجديد المحدودة,95,MK003
2026-04-07,7258215809,33004.4,S183,شركة النسيم الجديد المحدودة,95,MK007
2026-04-07,7258213331,32038.4,S133,شركة أسدال للخدمات البترولية,95,RY024
2026-04-07,7258216574,32005.5,S133,شركة القوة المتجددة للوقود,95,RY075
2026-04-07,7258216495,32001.8,S133,شركة القوة المتجددة للوقود,91,RY075
2026-04-07,7258213229,32021.0,S012,محطة منير سفير المطيري,91,RY025
2026-04-08,7258236916,33004.3,S132A,مؤسسة سامي بن سلمان بن عامر الصاعدي للنقليات,95,MK015
2026-04-08,7258206107,32001.4,S132A,شركة القوة المتجددة للوقود,ديزل,MK046
2026-04-08,7258206064,33002.3,S132A,شركة النسيم الجديد المحدودة,ديزل,MK008
2026-04-08,7258206025,32994.9,S132A,شركة النسيم الجديد المحدودة,ديزل,MK008
2026-04-08,7258205914,32976.4,S132A,شركة النسيم الجديد المحدودة,91,MK007
2026-04-08,7258205908,32993.0,S132A,شركة النسيم الجديد المحدودة,91,MK003
2026-04-08,7258205834,32004.0,S132A,شركة القوة المتجددة للوقود,95,MK063
2026-04-08,7258205833,32004.1,S132A,شركة القوة المتجددة للوقود,95,MK035
2026-04-08,7258205832,31991.1,S132A,شركة القوة المتجددة للوقود,95,MK064
2026-04-08,7258205713,32001.5,S132A,شركة القوة المتجددة للوقود,91,MK100
2026-04-08,7258205702,32002.3,S132A,شركة القوة المتجددة للوقود,91,MK046
2026-04-08,7258205687,32001.8,S132A,شركة القوة المتجددة للوقود,91,MK035
2026-04-08,7258205685,32008.6,S132A,شركة القوة المتجددة للوقود,91,MK005
2026-04-08,7258205683,32001.2,S132A,شركة القوة المتجددة للوقود,91,MK047
2026-04-08,7258205677,32001.8,S132A,شركة القوة المتجددة للوقود,91,MK017
2026-04-08,7258205669,31996.9,S132A,شركة تزويد السعودية المحدودة,91,MK004
2026-04-08,7258205598,33001.3,S132A,مؤسسة سامي بن سلمان بن عامر الصاعدي للنقليات,91,MK015
2026-04-08,7258205592,32992.9,S132A,شركة النسيم الجديد المحدودة,91,MK072
2026-04-08,7258205589,32991.9,S132A,شركة النسيم الجديد المحدودة,91,MK018
2026-04-08,7258205580,32983.3,S132A,شركة النسيم الجديد المحدودة,91,MK016
2026-04-08,7258205576,33001.7,S132A,شركة النسيم الجديد المحدودة,91,MK003
2026-04-08,7258202031,32998.4,S132A,شركة النسيم الجديد المحدودة,95,MK029
2026-04-08,7258202041,32991.9,S132A,شركة النسيم الجديد المحدودة,95,MK003
2026-04-08,7258202027,33003.9,S132A,شركة النسيم الجديد المحدودة,95,MK018
2026-04-08,7258202040,33003.6,S132A,شركة النسيم الجديد المحدودة,95,MK007
2026-04-08,7258202022,33002.3,S132A,مؤسسة سامي بن سلمان بن عامر الصاعدي للنقليات,95,MK015
2026-04-08,7258225558,32001.8,S132,شركة القوة المتجددة للوقود,ديزل,MK035
2026-04-08,7258225524,32002.0,S132,شركة القوة المتجددة للوقود,ديزل,MK004
2026-04-08,7258224623,32001.0,S091,Al-Nassar Transport Company,95,JA053
2026-04-08,7258225540,32002.1,S132,شركة القوة المتجددة للوقود,ديزل,MK033
2026-04-08,7258225586,32002.8,S132,شركة القوة المتجددة للوقود,ديزل,MK004
2026-04-08,7258225068,33001.5,S132,شركة النسيم الجديد المحدودة,ديزل,MK007
2026-04-08,7258236859,33004.0,S183,شركة تزويد السعودية المحدودة,95,MK004
2026-04-08,7258236950,33005.5,S183,شركة النسيم الجديد المحدودة,95,MK016
2026-04-08,7258237197,33004.0,S183,شركة النسيم الجديد المحدودة,95,MK003
2026-04-08,7258237723,33005.7,S183,شركة النسيم الجديد المحدودة,95,MK020
2026-04-08,7258220208,32003.7,S142,مؤسسة مسار الطريق للنقليات,91,HA043
2026-04-08,7258204971,32001.5,S142,مؤسسة مسار الطريق للنقليات,ديزل,QS055
2026-04-08,7258220207,32008.1,S133,شركة أسدال للخدمات البترولية,95,RY042
2026-04-08,7258226499,32014.0,S012,محطة منير سفير المطيري,91,RY025
2026-04-08,7258229545,36004.4,S143,شركة هال للنقليات,ديزل,EP051
2026-04-09,7258243562,32004.8,S132A,شركة القوة المتجددة للوقود,95,MK017
2026-04-09,7258243561,32002.0,S132A,شركة القوة المتجددة للوقود,95,MK046
2026-04-09,7258238565,33003.5,S132A,مؤسسة سامي بن سلمان بن عامر الصاعدي للنقليات,91,MK015
2026-04-09,7258206479,31993.4,S132A,شركة القوة المتجددة للوقود,91,MK063
2026-04-09,7258206453,31869.6,S132A,شركة القوة المتجددة للوقود,91,MK005
2026-04-09,7258206443,31990.5,S132A,شركة القوة المتجددة للوقود,91,MK006
2026-04-09,7258206426,31865.0,S132A,شركة القوة المتجددة للوقود,91,MK001
2026-04-09,7258206419,31993.1,S132A,شركة القوة المتجددة للوقود,ديزل,MK022
2026-04-09,7258206320,33001.5,S132A,شركة النسيم الجديد المحدودة,ديزل,MK007
2026-04-09,7258206278,32993.8,S132A,شركة النسيم الجديد المحدودة,91,MK007
2026-04-09,7258206271,33012.1,S132A,شركة النسيم الجديد المحدودة,91,MK029
2026-04-09,7258206259,33003.1,S132A,شركة النسيم الجديد المحدودة,91,MK019
2026-04-09,7258206246,32991.7,S132A,شركة النسيم الجديد المحدودة,91,MK008
2026-04-09,7258206228,32997.2,S132A,شركة النسيم الجديد المحدودة,91,MK003
2026-04-09,7258225265,31996.0,S091,Al-Nassar Transport Company,91,JA069
2026-04-09,7258225281,32000.0,S091,Al-Nassar Transport Company,95,JA069
2026-04-09,7258237411,31993.2,S132,شركة القوة المتجددة للوقود,ديزل,MK072
2026-04-09,7258237360,32002.2,S132,شركة القوة المتجددة للوقود,ديزل,MK064
2026-04-09,7258237341,32002.4,S132,شركة القوة المتجددة للوقود,ديزل,MK047
2026-04-09,7258234995,31979.1,S133,شركة القوة المتجددة للوقود,91,RY075
2026-04-09,7258238371,32023.0,S012,محطة منير سفير المطيري,91,RY024
2026-04-09,7258225024,31997.0,S032,شركة هال للنقليات,91,EP051
2026-04-09,7258218097,32037.0,S020,شركة ناقلين المحدودة,ديزل,JA061
2026-04-09,7258220700,32037.0,S020,شركة ناقلين المحدودة,ديزل,JA053
2026-04-09,7258241611,32038.7,S132,شركة القوة المتجددة للوقود,ديزل,MK071
2026-04-09,7258237623,32003.1,S132,شركة القوة المتجددة للوقود,ديزل,MK046
2026-04-09,7258251668,32998.4,S132,مؤسسة سامي بن سلمان بن عامر الصاعدي للنقليات,95,MK071
2026-04-09,7258243563,32004.9,S132A,شركة القوة المتجددة للوقود,95,MK047
2026-04-09,7258243558,33034.8,S132A,شركة القوة المتجددة للوقود,95,MK006
2026-04-09,7258243557,33003.4,S132A,شركة النسيم الجديد المحدودة,95,MK007
2026-04-09,7258243556,32999.9,S132A,شركة النسيم الجديد المحدودة,95,MK003
2026-04-09,7258243555,33003.7,S132A,شركة النسيم الجديد المحدودة,95,MK007
2026-04-09,7258243554,33004.2,S132A,شركة النسيم الجديد المحدودة,95,MK008
2026-04-09,7258238963,32999.4,S132A,شركة القوة المتجددة للوقود,95,MK001
2026-04-09,7258206534,33008.1,S132A,شركة النسيم الجديد المحدودة,91,MK072
2026-04-09,7258206527,33007.2,S132A,شركة النسيم الجديد المحدودة,91,MK003
2026-04-09,7258206489,31981.5,S132A,شركة القوة المتجددة للوقود,91,MK047
2026-04-09,7258206434,32007.5,S132A,شركة القوة المتجددة للوقود,91,MK033
2026-04-09,7258206364,33001.7,S132A,شركة النسيم الجديد المحدودة,ديزل,MK008
2026-04-09,7258227021,31996.6,S133,شركة القوة المتجددة للوقود,95,RY075
2026-04-09,7258226883,32003.8,S133,شركة أسدال للخدمات البترولية,ديزل,RY075
2026-04-09,7258238191,32021.0,S012,محطة منير سفير المطيري,91,RY042
2026-04-10,7258225638,32032.0,S020,شركة ناقلين المحدودة,ديزل,JA053
2026-04-10,7258251950,33002.0,S132,مؤسسة سامي بن سلمان بن عامر الصاعدي للنقليات,91,MK015
2026-04-10,7258249067,33003.0,S132,مؤسسة سامي بن سلمان بن عامر الصاعدي للنقليات,91,MK071
2026-04-10,7258252122,33004.8,S183,شركة النسيم الجديد المحدودة,95,MK084
2026-04-10,7258248994,33004.9,S183,شركة النسيم الجديد المحدودة,ديزل,MK007
2026-04-10,7258249141,31999.4,S183,شركة القوة المتجددة للوقود,ديزل,MK029
2026-04-10,7258249146,31994.2,S183,شركة القوة المتجددة للوقود,ديزل,MK004
2026-04-10,7258249171,31999.7,S183,شركة القوة المتجددة للوقود,ديزل,MK014
2026-04-10,7258249154,31994.6,S183,شركة القوة المتجددة للوقود,ديزل,MK054
2026-04-10,7258248704,31994.0,S091,Al-Nassar Transport Company,91,JA056
2026-04-10,7258250094,31997.0,S091,شركة ناقلين المحدودة,95,JA061
2026-04-10,7258250968,32086.0,S020,شركة ناقلين المحدودة,91,JA061
2026-04-10,7258252037,33001.1,S132,شركة النسيم الجديد المحدودة,91,MK008
2026-04-10,7258260982,32003.3,S183,شركة القوة المتجددة للوقود,95,MK047
2026-04-10,7258260974,33001.0,S183,مؤسسة سامي بن سلمان بن عامر الصاعدي للنقليات,95,MK015
2026-04-10,7258260000,33000.3,S183,شركة النسيم الجديد المحدودة,95,MK002
2026-04-10,7258259994,33004.9,S183,شركة النسيم الجديد المحدودة,95,MK003
2026-04-10,7258259974,32000.3,S183,شركة القوة المتجددة للوقود,95,MK068
2026-04-10,7258259960,33005.3,S183,شركة تزويد السعودية المحدودة,95,MK004
2026-04-10,7258259938,33004.3,S183,شركة القوة المتجددة للوقود,95,MK035
2026-04-10,7258257088,33001.0,S183,شركة القوة المتجددة للوقود,95,MK028
2026-04-10,7258257031,31990.3,S132A,شركة القوة المتجددة للوقود,95,BH050
2026-04-10,7258257030,32004.1,S132A,شركة القوة المتجددة للوقود,95,MK005
2026-04-10,7258257028,32004.6,S132A,شركة القوة المتجددة للوقود,95,MK063
2026-04-10,7258249323,33002.1,S132A,شركة تزويد السعودية المحدودة,91,MK004
2026-04-10,7258247678,31998.2,S132A,شركة القوة المتجددة للوقود,95,MK028
2026-04-10,7258228634,32001.5,S132A,شركة القوة المتجددة للوقود,91,MK099
2026-04-10,7258228569,31998.7,S132A,شركة القوة المتجددة للوقود,91,MK093
2026-04-10,7258228557,32001.9,S132A,شركة القوة المتجددة للوقود,91,MK046
2026-04-10,7258228543,32001.5,S132A,شركة القوة المتجددة للوقود,91,MK028
2026-04-10,7258228525,31984.2,S132A,شركة القوة المتجددة للوقود,91,MK017
2026-04-10,7258228512,31991.5,S132A,شركة القوة المتجددة للوقود,91,MK001
2026-04-10,7258228399,33003.0,S132A,شركة النسيم الجديد المحدودة,91,MK072
2026-04-10,7258228387,33001.5,S132A,شركة النسيم الجديد المحدودة,91,MK016
2026-04-10,7258228135,33003.1,S132A,شركة النسيم الجديد المحدودة,95,MK007
2026-04-10,7258228137,32990.2,S132A,شركة النسيم الجديد المحدودة,95,MK029
2026-04-10,7258228134,33002.3,S132A,شركة النسيم الجديد المحدودة,95,MK003
2026-04-10,7258228038,32988.9,S132A,شركة النسيم الجديد المحدودة,95,MK072
2026-04-10,7258206657,33001.8,S132A,شركة النسيم الجديد المحدودة,91,MK018
2026-04-10,7258206654,33008.2,S132A,شركة النسيم الجديد المحدودة,91,MK020
2026-04-10,7258206651,32978.8,S132A,شركة النسيم الجديد المحدودة,91,MK003
2026-04-10,7258206648,33001.9,S132A,شركة النسيم الجديد المحدودة,91,MK007
2026-04-10,7258206635,31993.0,S132A,شركة القوة المتجددة للوقود,ديزل,MK047
2026-04-10,7258206622,32997.3,S132A,شركة النسيم الجديد المحدودة,ديزل,MK008
2026-04-10,7258206601,32991.0,S132A,شركة النسيم الجديد المحدودة,ديزل,MK008
2026-04-10,7258245821,32009.9,S184,شركة أسدال للخدمات البترولية,95,RY042
2026-04-10,7258245802,31990.3,S184,شركة أسدال للخدمات البترولية,95,RY024
2026-04-10,7258226787,31989.8,S184,محطة منير سفير المطيري,95,RY025
2026-04-10,7258235175,32000.5,S133,شركة القوة المتجددة للوقود,91,RY075
2026-04-11,7258250259,32038.4,S020,شركة ناقلين المحدودة,ديزل,JA061
2026-04-11,7258261164,32045.0,S020,Al-Nassar Transport Company,91,JA053
2026-04-11,7258261181,32981.5,S132,شركة تزويد السعودية المحدودة,91,MK004
2026-04-11,7258261115,33001.8,S132,شركة القوة المتجددة للوقود,91,MK028
2026-04-11,7258261113,32992.0,S132,شركة القوة المتجددة للوقود,91,MK035
2026-04-11,7258260950,33003.3,S132,مؤسسة سامي بن سلمان بن عامر الصاعدي للنقليات,91,MK015
2026-04-11,7258261152,31994.2,S183,شركة القوة المتجددة للوقود,ديزل,MK100
2026-04-11,7258261151,31999.4,S183,شركة القوة المتجددة للوقود,ديزل,MK046
2026-04-11,7258261150,31994.7,S183,شركة القوة المتجددة للوقود,ديزل,MK004
2026-04-11,7258261042,31999.8,S183,شركة القوة المتجددة للوقود,95,MK046
2026-04-11,7258261018,33004.8,S183,شركة النسيم الجديد المحدودة,95,MK007
2026-04-11,7258260994,33000.1,S183,شركة النسيم الجديد المحدودة,95,MK016
2026-04-11,7258260024,33002.6,S183,شركة النسيم الجديد المحدودة,ديزل,MK008
2026-04-11,7258261158,32002.0,S091,Al-Nassar Transport Company,95,JA069
2026-04-11,7258260122,32004.4,S032,شركة هال للنقليات,95,EP051
2026-04-11,7258240804,32003.5,S132A,شركة القوة المتجددة للوقود,95,MK006
2026-04-11,7258240812,31993.6,S132A,شركة القوة المتجددة للوقود,95,MK064
2026-04-11,7258229248,32001.4,S132A,شركة القوة المتجددة للوقود,ديزل,MK033
2026-04-11,7258229223,33001.9,S132A,شركة النسيم الجديد المحدودة,ديزل,MK007
2026-04-11,7258228832,31999.6,S132A,شركة القوة المتجددة للوقود,91,MK014
2026-04-11,7258228785,31992.1,S132A,شركة القوة المتجددة للوقود,91,MK047
2026-04-11,7258228779,31977.6,S132A,شركة القوة المتجددة للوقود,91,MK054
2026-04-11,7258228772,32007.7,S132A,شركة القوة المتجددة للوقود,91,MK064
2026-04-11,7258228769,32001.2,S132A,شركة حسين زين العطاس وسعد عوض العصيمي وشركائهم,91,MK022
2026-04-11,7258228728,32965.4,S132A,شركة النسيم الجديد المحدودة,91,MK007
2026-04-11,7258228722,32815.6,S132A,شركة النسيم الجديد المحدودة,91,MK029
2026-04-11,7258228714,32995.6,S132A,شركة النسيم الجديد المحدودة,91,MK084
2026-04-11,7258228706,32993.5,S132A,شركة النسيم الجديد المحدودة,91,MK002
2026-04-11,7258228699,33018.6,S132A,شركة النسيم الجديد المحدودة,91,MK023
2026-04-11,7258238744,32010.0,S012,محطة منير سفير المطيري,ديزل,RY042
2026-04-11,7258238765,32038.0,S012,شركة أسدال للخدمات البترولية,ديزل,RY025
2026-04-11,7258251780,32000.9,S184,محطة منير سفير المطيري,91,RY025
2026-04-11,7258265666,33002.3,S132A,شركة القوة المتجددة للوقود,95,MK017
2026-04-11,7258265664,32990.2,S132A,شركة النسيم الجديد المحدودة,95,MK020
2026-04-11,7258265663,33004.4,S132A,شركة تزويد السعودية المحدودة,95,MK004
2026-04-11,7258265662,33002.3,S132A,شركة النسيم الجديد المحدودة,95,MK003
2026-04-11,7258265661,32992.0,S132A,شركة النسيم الجديد المحدودة,95,MK031
2026-04-11,7258262462,33004.3,S132A,شركة النسيم الجديد المحدودة,95,MK023
2026-04-11,7258238902,31992.3,S132A,شركة القوة المتجددة للوقود,95,MK001
2026-04-11,7258229232,33001.7,S132A,شركة النسيم الجديد المحدودة,ديزل,MK008
2026-04-11,7258229159,32991.4,S132A,شركة النسيم الجديد المحدودة,91,MK003
2026-04-11,7258229158,33043.6,S132A,شركة النسيم الجديد المحدودة,91,MK072
2026-04-11,7258228776,31822.0,S132A,شركة القوة المتجددة للوقود,91,MK033
2026-04-11,7258238663,32021.3,S133,شركة أسدال للخدمات البترولية,ديزل,RY024
2026-04-11,7258260276,32015.0,S184,شركة القوة المتجددة للوقود,91,RY075
2026-04-11,7258260472,32004.1,S142,مؤسسة مسار الطريق للنقليات,95,QS055
2026-04-11,7258261375,31990.6,S184,شركة القوة المتجددة للوقود,95,RY075
2026-04-11,7258263659,31975.9,S132,شركة القوة المتجددة للوقود,91,MK068
2026-04-11,7258261079,31853.7,S132,شركة القوة المتجددة للوقود,91,MK006
2026-04-11,7258261082,31970.0,S132,شركة القوة المتجددة للوقود,91,MK005
2026-04-11,7258261094,31900.5,S132,شركة القوة المتجددة للوقود,91,MK063
2026-04-12,7258268218,33005.0,S132A,شركة تزويد السعودية المحدودة,95,MK004
2026-04-12,7258268190,32991.8,S132A,شركة النسيم الجديد المحدودة,95,MK007
2026-04-12,7258268191,32993.5,S132A,شركة النسيم الجديد المحدودة,95,MK008
2026-04-12,7258268189,33004.5,S132A,شركة القوة المتجددة للوقود,95,MK028
2026-04-12,7258247712,32004.8,S132A,شركة القوة المتجددة للوقود,95,MK005
2026-04-12,7258247608,32002.1,S132A,شركة القوة المتجددة للوقود,95,MK063
2026-04-12,7258229211,31993.7,S132A,شركة القوة المتجددة للوقود,ديزل,MK018
2026-04-12,7258229206,32002.0,S132A,شركة القوة المتجددة للوقود,ديزل,MK054
2026-04-12,7258229204,32991.0,S132A,شركة النسيم الجديد المحدودة,ديزل,MK008
2026-04-12,7258229199,33003.0,S132A,شركة النسيم الجديد المحدودة,ديزل,MK007
2026-04-12,7258229187,32001.5,S132A,شركة القوة المتجددة للوقود,91,MK022
2026-04-12,7258229186,31991.6,S132A,شركة القوة المتجددة للوقود,91,MK006
2026-04-12,7258229169,33001.7,S132A,شركة النسيم الجديد المحدودة,91,MK003
2026-04-12,7258229149,32003.6,S132A,شركة تزويد السعودية المحدودة,91,MK004
2026-04-12,7258229145,32008.3,S132A,شركة القوة المتجددة للوقود,91,MK046
2026-04-12,7258229143,32002.0,S132A,شركة القوة المتجددة للوقود,91,MK028
2026-04-12,7258229140,31992.0,S132A,شركة القوة المتجددة للوقود,91,BH050
2026-04-12,7258229137,31974.1,S132A,شركة القوة المتجددة للوقود,91,MK001
2026-04-12,7258229089,33001.9,S132A,شركة النسيم الجديد المحدودة,91,MK016
2026-04-12,7258229075,32992.9,S132A,شركة النسيم الجديد المحدودة,91,MK007
2026-04-12,7258229071,32952.3,S132A,شركة النسيم الجديد المحدودة,91,MK031
2026-04-12,7258229067,33002.5,S132A,شركة النسيم الجديد المحدودة,91,MK008
2026-04-12,7258229064,33008.5,S132A,شركة النسيم الجديد المحدودة,91,MK003
2026-04-12,7258268633,32002.1,S132,شركة القوة المتجددة للوقود,ديزل,MK004
2026-04-12,7258267583,31998.0,S091,Al-Nassar Transport Company,95,JA053
2026-04-12,7258268681,22004.9,S183,مؤسسة سامي بن سلمان بن عامر الصاعدي للنقليات,98,MK015
2026-04-12,7258267682,32030.0,S020,Al-Nassar Transport Company,91,JA069
2026-04-12,7258268531,32002.0,S132A,شركة القوة المتجددة للوقود,95,MK022
2026-04-12,7258265616,32004.1,S132A,شركة القوة المتجددة للوقود,95,MK005
2026-04-12,7258265615,31991.3,S132A,شركة القوة المتجددة للوقود,95,MK099
2026-04-12,7258229165,33020.7,S132A,شركة النسيم الجديد المحدودة,91,MK007
2026-04-12,7258274660,33004.6,S183,شركة النسيم الجديد المحدودة,95,MK003
2026-04-12,7258274652,33004.9,S183,شركة النسيم الجديد المحدودة,95,MK018
2026-04-12,7258268577,32000.4,S183,شركة القوة المتجددة للوقود,ديزل,MK028
2026-04-12,7258267517,33003.9,S183,شركة القوة المتجددة للوقود,95,MK047
2026-04-12,7258277623,32998.1,S132,مؤسسة سامي بن سلمان بن عامر الصاعدي للنقليات,95,MK015
2026-04-12,7258268607,32001.7,S132,شركة القوة المتجددة للوقود,ديزل,MK064
2026-04-12,7258268589,32002.3,S132,شركة القوة المتجددة للوقود,ديزل,MK047
2026-04-12,7258274824,33001.9,S132,مؤسسة سامي بن سلمان بن عامر الصاعدي للنقليات,91,MK071
2026-04-12,7258265936,32012.7,S184,محطة منير سفير المطيري,91,RY024
2026-04-12,7258265961,31951.3,S184,محطة منير سفير المطيري,91,RY042
2026-04-12,7258270513,41581.5,S184,ارامكو ,95,RY025
2026-04-13,7258276215,31989.3,S132A,شركة القوة المتجددة للوقود,95,MK054
2026-04-13,7258276191,32004.0,S132A,شركة القوة المتجددة للوقود,95,MK033
2026-04-13,7258262799,33001.7,S132A,شركة النسيم الجديد المحدودة,ديزل,MK007
2026-04-13,7258262756,31992.0,S132A,شركة القوة المتجددة للوقود,ديزل,MK035
2026-04-13,7258262688,32993.5,S132A,شركة القوة المتجددة للوقود,95,MK035
2026-04-13,7258262671,33004.5,S132A,شركة النسيم الجديد المحدودة,95,MK007
2026-04-13,7258262656,32990.4,S132A,شركة النسيم الجديد المحدودة,95,MK029
2026-04-13,7258262650,33004.6,S132A,شركة النسيم الجديد المحدودة,95,MK084
2026-04-13,7258262591,33005.4,S132A,شركة النسيم الجديد المحدودة,95,MK003
2026-04-13,7258229327,32001.6,S132A,شركة القوة المتجددة للوقود,91,MK028
2026-04-13,7258229321,32007.6,S132A,شركة القوة المتجددة للوقود,91,MK005
2026-04-13,7258229315,32001.4,S132A,شركة القوة المتجددة للوقود,91,MK006
2026-04-13,7258229308,32003.1,S132A,شركة القوة المتجددة للوقود,91,MK017
2026-04-13,7258229304,31978.5,S132A,شركة القوة المتجددة للوقود,91,MK072
2026-04-13,7258229294,32999.7,S132A,شركة النسيم الجديد المحدودة,91,MK007
2026-04-13,7258229289,32992.2,S132A,شركة النسيم الجديد المحدودة,91,MK029
2026-04-13,7258229284,32868.0,S132A,شركة النسيم الجديد المحدودة,91,MK018
2026-04-13,7258229281,32993.4,S132A,شركة النسيم الجديد المحدودة,91,MK020
2026-04-13,7258229278,33001.5,S132A,شركة النسيم الجديد المحدودة,91,MK003
2026-04-13,7258275075,31999.9,S183,شركة القوة المتجددة للوقود,ديزل,MK046
2026-04-13,7258277918,33003.9,S183,شركة القوة المتجددة للوقود,95,MK006
2026-04-13,7258278304,32993.2,S132,مؤسسة سامي بن سلمان بن عامر الصاعدي للنقليات,91,MK015
2026-04-13,7258274591,31998.0,S091,Al-Nassar Transport Company,95,JA069
2026-04-13,7258274578,32002.0,S091,Al-Nassar Transport Company,95,JA056
2026-04-13,7258262897,32000.7,S142,مؤسسة مسار الطريق للنقليات,ديزل,QS055
2026-04-13,7258280382,31951.3,S184,محطة منير سفير المطيري,95,RY024
2026-04-13,7258275433,32014.0,S184,شركة القوة المتجددة للوقود,91,RY075
2026-04-13,7258251906,31990.6,S184,شركة القوة المتجددة للوقود,95,RY075
2026-04-13,7258283408,33002.0,S132,شركة النسيم الجديد المحدودة,95,MK003
2026-04-13,7258282001,32992.6,S132,شركة تزويد السعودية المحدودة,95,MK004
2026-04-13,7258278004,31998.4,S183,شركة القوة المتجددة للوقود,ديزل,MK047
2026-04-13,7258278019,32004.8,S183,شركة القوة المتجددة للوقود,ديزل,MK014
2026-04-13,7258278026,31999.8,S183,شركة القوة المتجددة للوقود,ديزل,MK004
2026-04-13,7258273759,31996.0,S032,شركة هال للنقليات,91,EP051
2026-04-13,7258284670,31984.5,S132A,شركة القوة المتجددة للوقود,91,MK001
2026-04-13,7258284631,33001.8,S132A,مؤسسة سامي بن سلمان بن عامر الصاعدي للنقليات,91,MK015
2026-04-13,7258284614,33005.7,S132A,شركة القوة المتجددة للوقود,91,MK054
2026-04-13,7258262842,32993.3,S132A,شركة النسيم الجديد المحدودة,ديزل,MK008
2026-04-13,7258229382,33007.5,S132A,شركة النسيم الجديد المحدودة,91,MK008
2026-04-13,7258229379,33005.9,S132A,شركة النسيم الجديد المحدودة,91,MK003
2026-04-13,7258229362,32001.9,S132A,شركة القوة المتجددة للوقود,91,MK093
2026-04-13,7258229355,31992.9,S132A,شركة القوة المتجددة للوقود,91,MK005
2026-04-14,7258285951,32020.0,S012,محطة منير سفير المطيري,91,RY025
2026-04-14,7258290917,32009.5,S184,شركة القوة المتجددة للوقود,95,RY075
2026-04-14,7258274922,32040.0,S020,Al-Nassar Transport Company,ديزل,JA060
2026-04-14,7258285050,32001.5,S132,شركة القوة المتجددة للوقود,ديزل,MK004
2026-04-14,7258284998,31994.0,S132,شركة القوة المتجددة للوقود,ديزل,MK068
2026-04-14,7258284554,32991.1,S132A,شركة تزويد السعودية المحدودة,91,MK004
2026-04-14,7258284527,32978.2,S132A,شركة النسيم الجديد المحدودة,91,MK007
2026-04-14,7258284506,32993.9,S132A,شركة النسيم الجديد المحدودة,91,MK072
2026-04-14,7258265447,32002.9,S132A,شركة القوة المتجددة للوقود,95,MK017
2026-04-14,7258265446,32001.7,S132A,شركة القوة المتجددة للوقود,95,MK014
2026-04-14,7258265445,32002.3,S132A,شركة القوة المتجددة للوقود,95,MK001
2026-04-14,7258265369,33002.1,S132A,شركة القوة المتجددة للوقود,95,MK046
2026-04-14,7258265368,33002.5,S132A,شركة النسيم الجديد المحدودة,95,MK020
2026-04-14,7258265367,32991.2,S132A,مؤسسة سامي بن سلمان بن عامر الصاعدي للنقليات,95,MK015
2026-04-14,7258265324,33003.4,S132A,شركة النسيم الجديد المحدودة,95,MK072
2026-04-14,7258265322,33003.4,S132A,مؤسسة سامي بن سلمان بن عامر الصاعدي للنقليات,95,MK007
2026-04-14,7258265318,32997.5,S132A,شركة القوة المتجددة للوقود,95,MK005
2026-04-14,7258239240,33011.4,S132A,شركة النسيم الجديد المحدودة,ديزل,MK033
2026-04-14,7258239206,31999.2,S132A,شركة القوة المتجددة للوقود,ديزل,MK046
2026-04-14,7258239188,33002.3,S132A,شركة النسيم الجديد المحدودة,91,MK029
2026-04-14,7258239184,32980.6,S132A,شركة النسيم الجديد المحدودة,91,MK003
2026-04-14,7258239160,32001.4,S132A,شركة القوة المتجددة للوقود,91,MK046
2026-04-14,7258239139,32001.3,S132A,شركة القوة المتجددة للوقود,91,MK033
2026-04-14,7258239135,31996.5,S132A,شركة القوة المتجددة للوقود,91,MK064
2026-04-14,7258239130,32001.8,S132A,شركة القوة المتجددة للوقود,91,MK005
2026-04-14,7258239123,31991.3,S132A,شركة القوة المتجددة للوقود,91,MK017
2026-04-14,7258239118,33036.6,S132A,شركة النسيم الجديد المحدودة,91,MK007
2026-04-14,7258239115,33009.3,S132A,شركة النسيم الجديد المحدودة,91,MK023
2026-04-14,7258239111,32994.9,S132A,شركة النسيم الجديد المحدودة,91,MK016
2026-04-14,7258239106,32999.2,S132A,شركة النسيم الجديد المحدودة,91,MK002
2026-04-14,7258239103,33003.2,S132A,شركة النسيم الجديد المحدودة,91,MK003
2026-04-14,7258297988,32029.0,S020,شركة ناقلين المحدودة,91,JA060
2026-04-14,7258281471,32000.0,S020,Al-Nassar Transport Company,ديزل,JA056
2026-04-14,7258284951,32000.0,S020,Al-Nassar Transport Company,91,JA069
2026-04-14,7258295797,32992.6,S132,شركة النسيم الجديد المحدودة,91,MK003
2026-04-14,7258296047,32004.2,S132,شركة القوة المتجددة للوقود,95,MK068
2026-04-14,7258297033,33001.7,S132,مؤسسة سامي بن سلمان بن عامر الصاعدي للنقليات,91,MK015
2026-04-14,7258297321,32998.7,S132,شركة النسيم الجديد المحدودة,95,MK007
2026-04-14,7258297426,33005.1,S132,شركة تزويد السعودية المحدودة,95,MK004
2026-04-14,7258285261,33006.5,S183,شركة النسيم الجديد المحدودة,95,MK008
2026-04-14,7258285089,32001.2,S183,شركة القوة المتجددة للوقود,ديزل,MK004
2026-04-14,7258285088,32000.1,S183,شركة القوة المتجددة للوقود,ديزل,MK072
2026-04-14,7258285855,32001.5,S133,شركة القوة المتجددة للوقود,91,RY075
2026-04-14,7258239294,33002.0,S132A,شركة النسيم الجديد المحدودة,ديزل,MK007
2026-04-14,7258239163,31998.4,S132A,شركة القوة المتجددة للوقود,91,MK068
2026-04-14,7258239117,31991.8,S132A,شركة القوة المتجددة للوقود,91,MK047
2026-04-15,7258297759,31993.2,S132,شركة القوة المتجددة للوقود,ديزل,MK054
2026-04-15,7258297802,31994.0,S132,شركة القوة المتجددة للوقود,ديزل,MK004
2026-04-15,7258295256,32004.0,S142,مؤسسة مسار الطريق للنقليات,91,QS055
2026-04-15,7258298110,33002.3,S132A,شركة تزويد السعودية المحدودة,91,MK004
2026-04-15,7258297898,32862.9,S132A,مؤسسة سامي بن سلمان بن عامر الصاعدي للنقليات,91,MK071
2026-04-15,7258297891,33001.0,S132A,مؤسسة سامي بن سلمان بن عامر الصاعدي للنقليات,91,MK015
2026-04-15,7258276814,32002.3,S132A,شركة القوة المتجددة للوقود,ديزل,MK022
2026-04-15,7258276717,33033.4,S132A,شركة النسيم الجديد المحدودة,ديزل,MK008
2026-04-15,7258276405,32002.3,S132A,شركة القوة المتجددة للوقود,95,MK028
2026-04-15,7258276403,32002.1,S132A,شركة القوة المتجددة للوقود,95,MK005
2026-04-15,7258276346,32991.4,S132A,شركة القوة المتجددة للوقود,95,MK064
2026-04-15,7258276344,32989.7,S132A,شركة النسيم الجديد المحدودة,95,MK029
2026-04-15,7258276343,32994.0,S132A,شركة النسيم الجديد المحدودة,95,MK003
2026-04-15,7258276341,32817.3,S132A,شركة النسيم الجديد المحدودة,95,MK016
2026-04-15,7258276320,33033.5,S132A,شركة النسيم الجديد المحدودة,95,MK003
2026-04-15,7258276273,32991.0,S132A,شركة النسيم الجديد المحدودة,95,MK002
2026-04-15,7258276233,32003.9,S132A,شركة القوة المتجددة للوقود,95,MK001
2026-04-15,7258239432,32992.9,S132A,شركة النسيم الجديد المحدودة,91,MK003
2026-04-15,7258239427,32989.6,S132A,شركة النسيم الجديد المحدودة,91,MK031
2026-04-15,7258239413,32977.2,S132A,شركة النسيم الجديد المحدودة,91,MK020
2026-04-15,7258239409,33026.4,S132A,شركة النسيم الجديد المحدودة,91,MK008
2026-04-15,7258239406,32994.6,S132A,شركة النسيم الجديد المحدودة,91,MK003
2026-04-15,7258239401,33001.3,S132A,شركة القوة المتجددة للوقود,91,MK035
2026-04-15,7258239279,32002.4,S132A,شركة القوة المتجددة للوقود,91,MK063
2026-04-15,7258239275,32001.4,S132A,شركة القوة المتجددة للوقود,91,MK028
2026-04-15,7258239268,31975.6,S132A,شركة القوة المتجددة للوقود,91,MK006
2026-04-15,7258299511,32000.0,S020,شركة ناقلين المحدودة,ديزل,JA061
2026-04-15,7258296303,32000.0,S020,Al-Nassar Transport Company,91,JA053
2026-04-15,7258298298,33000.5,S183,شركة القوة المتجددة للوقود,95,MK093
2026-04-15,7258297671,33005.2,S183,شركة النسيم الجديد المحدودة,95,MK007
2026-04-15,7258297819,32002.3,S132,شركة القوة المتجددة للوقود,ديزل,MK054
2026-04-15,7258308036,32994.8,S132,شركة النسيم الجديد المحدودة,91,MK072
2026-04-15,7258275909,32016.5,S133,شركة أسدال للخدمات البترولية,ديزل,RY075
2026-04-15,7258295286,32022.5,S142,مؤسسة مسار الطريق للنقليات,91,HA043
2026-04-15,7258299925,32014.6,S184,شركة القوة المتجددة للوقود,91,RY075
2026-04-15,7258298290,31984.2,S132A,شركة القوة المتجددة للوقود,91,MK033
2026-04-15,7258298197,32996.2,S132A,شركة القوة المتجددة للوقود,91,MK005
2026-04-15,7258298190,32974.7,S132A,شركة النسيم الجديد المحدودة,91,MK007
2026-04-15,7258276802,32995.6,S132A,شركة النسيم الجديد المحدودة,ديزل,MK007
2026-04-15,7258239264,31979.0,S132A,شركة القوة المتجددة للوقود,91,MK001
2026-04-16,7258296334,31999.0,S091,Al-Nassar Transport Company,91,JA056
2026-04-16,7258296473,31997.0,S091,شركة ناقلين المحدودة,91,JA061
2026-04-16,7258308124,32001.8,S132,شركة القوة المتجددة للوقود,ديزل,MK046
2026-04-16,7258308902,32004.4,S183,شركة القوة المتجددة للوقود,95,MK006
2026-04-16,7258308415,32004.3,S183,شركة القوة المتجددة للوقود,95,MK063
2026-04-16,7258308172,31994.2,S183,شركة القوة المتجددة للوقود,ديزل,MK004
2026-04-16,7258308171,32004.9,S183,شركة القوة المتجددة للوقود,ديزل,MK014
2026-04-16,7258319959,33000.2,S132,شركة النسيم الجديد المحدودة,95,MK003
2026-04-16,7258308343,31997.0,S091,Al-Nassar Transport Company,95,JA069
2026-04-16,7258308258,32002.0,S091,Al-Nassar Transport Company,95,JA060
2026-04-16,7258319796,32000.5,S183,شركة القوة المتجددة للوقود,ديزل,MK064
2026-04-16,7258308856,32005.3,S183,شركة القوة المتجددة للوقود,ديزل,MK004
2026-04-16,7258307825,32013.8,S184,محطة منير سفير المطيري,91,RY024
2026-04-16,7258309511,32010.7,S184,شركة القوة المتجددة للوقود,95,RY075
2026-04-16,7258296368,31992.0,S032,شركة هال للنقليات,91,EP051
2026-04-16,7258306375,32003.2,S032,شركة هال للنقليات,95,EP051
2026-04-16,7258308922,33004.5,S132A,شركة النسيم الجديد المحدودة,95,MK007
2026-04-16,7258307614,32993.0,S132A,شركة القوة المتجددة للوقود,91,MK046
2026-04-16,7258307609,33008.0,S132A,شركة النسيم الجديد المحدودة,91,MK008
2026-04-16,7258285187,33003.5,S132A,شركة القوة المتجددة للوقود,95,MK047
2026-04-16,7258285184,33003.2,S132A,شركة القوة المتجددة للوقود,95,MK001
2026-04-16,7258285183,33002.1,S132A,مؤسسة سامي بن سلمان بن عامر الصاعدي للنقليات,95,MK015
2026-04-16,7258285001,32992.6,S132A,مؤسسة سامي بن سلمان بن عامر الصاعدي للنقليات,95,MK071
2026-04-16,7258284999,33000.8,S132A,شركة النسيم الجديد المحدودة,95,MK020
2026-04-16,7258284992,32993.1,S132A,شركة النسيم الجديد المحدودة,95,MK003
2026-04-16,7258284990,32990.2,S132A,شركة النسيم الجديد المحدودة,95,MK023
2026-04-16,7258277108,32001.9,S132A,شركة القوة المتجددة للوقود,ديزل,MK047
2026-04-16,7258277057,32992.9,S132A,شركة النسيم الجديد المحدودة,ديزل,MK007
2026-04-16,7258277015,33002.5,S132A,شركة النسيم الجديد المحدودة,ديزل,MK008
2026-04-16,7258270189,33001.4,S132A,شركة النسيم الجديد المحدودة,91,MK003
2026-04-16,7258270188,32985.8,S132A,شركة النسيم الجديد المحدودة,91,MK007
2026-04-16,7258270185,32922.8,S132A,شركة النسيم الجديد المحدودة,91,MK018
2026-04-16,7258270153,33002.2,S132A,شركة النسيم الجديد المحدودة,91,MK020
2026-04-16,7258270152,33001.5,S132A,شركة النسيم الجديد المحدودة,91,MK016
2026-04-16,7258270149,32978.2,S132A,شركة تزويد السعودية المحدودة,91,MK004
2026-04-16,7258270146,33007.2,S132A,مؤسسة سامي بن سلمان بن عامر الصاعدي للنقليات,91,MK015
2026-04-16,7258270075,31993.3,S132A,شركة القوة المتجددة للوقود,91,MK017
2026-04-16,7258270073,32001.5,S132A,شركة القوة المتجددة للوقود,91,MK047
2026-04-16,7258270072,32001.7,S132A,شركة القوة المتجددة للوقود,91,MK001
2026-04-17,7258324485,32984.0,S132A,شركة تزويد السعودية المحدودة,91,MK004
2026-04-17,7258323680,32009.5,S132A,شركة القوة المتجددة للوقود,91,MK068
2026-04-17,7258323557,33003.9,S132A,شركة النسيم الجديد المحدودة,95,MK007
2026-04-17,7258323493,32991.6,S132A,شركة النسيم الجديد المحدودة,95,MK029
2026-04-17,7258322420,32002.8,S132A,شركة القوة المتجددة للوقود,ديزل,MK022
2026-04-17,7258322370,33001.5,S132A,شركة النسيم الجديد المحدودة,ديزل,MK033
2026-04-17,7258322346,33002.1,S132A,شركة النسيم الجديد المحدودة,ديزل,MK008
2026-04-17,7258321449,32990.2,S132A,شركة النسيم الجديد المحدودة,95,MK008
2026-04-17,7258321447,32997.1,S132A,شركة النسيم الجديد المحدودة,95,MK003
2026-04-17,7258321445,33001.8,S132A,شركة النسيم الجديد المحدودة,95,MK072
2026-04-17,7258319392,32002.2,S132A,شركة القوة المتجددة للوقود,95,MK046
2026-04-17,7258319355,31993.2,S132A,شركة القوة المتجددة للوقود,95,MK028
2026-04-17,7258318839,32002.7,S132A,شركة القوة المتجددة للوقود,95,MK047
2026-04-17,7258318733,32003.0,S132A,شركة القوة المتجددة للوقود,95,MK017
2026-04-17,7258278838,33008.3,S132A,شركة القوة المتجددة للوقود,91,MK046
2026-04-17,7258278835,32980.0,S132A,شركة النسيم الجديد المحدودة,91,MK003
2026-04-17,7258278817,33003.1,S132A,شركة النسيم الجديد المحدودة,91,MK007
2026-04-17,7258278779,32993.9,S132A,شركة القوة المتجددة للوقود,91,MK064
2026-04-17,7258278715,32002.0,S132A,شركة القوة المتجددة للوقود,91,MK063
2026-04-17,7258278710,32006.8,S132A,شركة القوة المتجددة للوقود,91,MK028
2026-04-17,7258278706,32001.6,S132A,شركة القوة المتجددة للوقود,91,MK006
2026-04-17,7258278702,32001.7,S132A,شركة القوة المتجددة للوقود,91,MK100
2026-04-17,7258278686,31999.6,S132A,شركة القوة المتجددة للوقود,91,MK001
2026-04-17,7258278601,33008.8,S132A,مؤسسة سامي بن سلمان بن عامر الصاعدي للنقليات,91,MK015
2026-04-17,7258278597,33003.2,S132A,شركة النسيم الجديد المحدودة,91,MK002
2026-04-17,7258278591,33009.7,S132A,شركة النسيم الجديد المحدودة,91,MK029
2026-04-17,7258278582,32992.4,S132A,شركة النسيم الجديد المحدودة,91,MK072
2026-04-17,7258278577,33007.5,S132A,شركة النسيم الجديد المحدودة,91,MK019
2026-04-17,7258322041,32004.4,S133,شركة القوة المتجددة للوقود,91,RY075
2026-04-17,7258322065,32000.7,S142,مؤسسة مسار الطريق للنقليات,ديزل,QS055
2026-04-17,7258324081,32010.6,S184,محطة منير سفير المطيري,95,RY024
2026-04-17,7258324068,32137.1,S184,محطة منير سفير المطيري,95,RY025
2026-04-17,7258322600,32002.2,S132,شركة القوة المتجددة للوقود,ديزل,MK054
2026-04-17,7258322536,31993.6,S132,شركة القوة المتجددة للوقود,ديزل,MK029
2026-04-17,7258322578,32002.4,S132,شركة القوة المتجددة للوقود,ديزل,MK035
2026-04-17,7258322740,32004.0,S091,شركة ناقلين المحدودة,95,JA061
2026-04-17,7258322616,32994.0,S132,شركة النسيم الجديد المحدودة,ديزل,MK033
2026-04-17,7258329596,32998.9,S183,شركة حسين زين العطاس وسعد عوض العصيمي وشركائهم,ديزل,MK054
2026-04-17,7258325668,33004.5,S183,شركة النسيم الجديد المحدودة,95,MK007
2026-04-17,7258322679,31996.0,S091,Al-Nassar Transport Company,91,JA069
2026-04-18,7258331845,32011.4,S183,شركة حسين زين العطاس وسعد عوض العصيمي وشركائهم,95,MK001
2026-04-18,7258330606,33005.1,S183,شركة النسيم الجديد المحدودة,95,MK003
2026-04-18,7258330963,32000.8,S183,شركة القوة المتجددة للوقود,95,MK035
2026-04-18,7258330930,33004.7,S183,مؤسسة سامي بن سلمان بن عامر الصاعدي للنقليات,95,MK015
2026-04-18,7258330616,32001.5,S132,شركة القوة المتجددة للوقود,ديزل,MK046
2026-04-18,7258330622,32001.3,S132,شركة القوة المتجددة للوقود,ديزل,MK072
2026-04-18,7258330908,33001.5,S132,مؤسسة سامي بن سلمان بن عامر الصاعدي للنقليات,91,MK015
2026-04-18,7258330976,33007.5,S132,شركة النسيم الجديد المحدودة,91,MK020
2026-04-18,7258331015,32992.2,S132,شركة تزويد السعودية المحدودة,91,MK004
2026-04-18,7258330594,32993.4,S132,شركة النسيم الجديد المحدودة,91,MK072
2026-04-18,7258330510,31998.0,S091,Al-Nassar Transport Company,95,JA053
2026-04-18,7258330504,32002.0,S091,Al-Nassar Transport Company,95,JA069
2026-04-18,7258331108,33003.9,S183,شركة النسيم الجديد المحدودة,95,MK007
2026-04-18,7258330973,31981.4,S132,شركة القوة المتجددة للوقود,91,MK099
2026-04-18,7258330636,32002.2,S132,شركة القوة المتجددة للوقود,ديزل,MK071
2026-04-18,7258329915,32004.8,S133,شركة القوة المتجددة للوقود,91,RY075
2026-04-18,7258324726,32011.0,S012,محطة منير سفير المطيري,91,RY025
2026-04-18,7258330294,32004.0,S142,مؤسسة مسار الطريق للنقليات,91,QS055
2026-04-18,7258290950,32132.0,S184,محطة منير سفير المطيري,95,RY042
2026-04-18,7258303812,32006.0,S133,شركة القوة المتجددة للوقود,95,RY075
2026-04-18,7258324195,32004.2,S142,مؤسسة مسار الطريق للنقليات,95,HA043
2026-04-18,7258330391,32004.4,S132A,شركة القوة المتجددة للوقود,95,MK005
2026-04-18,7258330382,32004.3,S132A,شركة القوة المتجددة للوقود,95,MK006
2026-04-18,7258330318,33008.6,S132A,شركة تزويد السعودية المحدودة,95,MK004
2026-04-18,7258324545,32002.4,S132A,شركة القوة المتجددة للوقود,ديزل,MK014
2026-04-18,7258324531,33001.5,S132A,شركة النسيم الجديد المحدودة,ديزل,MK007
2026-04-18,7258324513,33002.8,S132A,شركة النسيم الجديد المحدودة,ديزل,MK018
2026-04-18,7258324061,32001.9,S132A,شركة القوة المتجددة للوقود,95,MK022
2026-04-18,7258324059,32002.1,S132A,شركة القوة المتجددة للوقود,95,MK028
2026-04-18,7258324058,31998.4,S132A,شركة القوة المتجددة للوقود,95,MK063
2026-04-18,7258324009,32989.6,S132A,شركة النسيم الجديد المحدودة,95,MK016
2026-04-18,7258324007,32998.4,S132A,شركة النسيم الجديد المحدودة,95,MK019
2026-04-18,7258324006,33004.5,S132A,شركة النسيم الجديد المحدودة,95,MK003
2026-04-18,7258278912,33001.9,S132A,شركة النسيم الجديد المحدودة,91,MK003
2026-04-18,7258278906,33030.3,S132A,شركة القوة المتجددة للوقود,91,MK063
2026-04-18,7258278866,32992.5,S132A,شركة القوة المتجددة للوقود,91,MK028
2026-04-18,7258278864,33011.8,S132A,شركة النسيم الجديد المحدودة,91,MK029
2026-04-18,7258278861,33001.5,S132A,مؤسسة سامي بن سلمان بن عامر الصاعدي للنقليات,91,MK071
2026-04-18,7258278858,32998.7,S132A,شركة النسيم الجديد المحدودة,91,MK007
2026-04-18,7258278656,32992.3,S132A,شركة النسيم الجديد المحدودة,91,MK084
2026-04-18,7258278648,32865.1,S132A,شركة النسيم الجديد المحدودة,91,MK023
2026-04-18,7258278642,33002.1,S132A,شركة النسيم الجديد المحدودة,91,MK016
2026-04-18,7258278637,33002.6,S132A,شركة النسيم الجديد المحدودة,91,MK008
2026-04-18,7258278629,32861.9,S132A,شركة النسيم الجديد المحدودة,91,MK003
2026-04-18,7258278571,33009.1,S132A,شركة القوة المتجددة للوقود,91,MK093
2026-04-18,7258278565,32997.6,S132A,شركة القوة المتجددة للوقود,91,MK035
2026-04-18,7258278521,32001.5,S132A,شركة القوة المتجددة للوقود,91,MK005
2026-04-18,7258278519,32007.4,S132A,شركة القوة المتجددة للوقود,91,MK047
2026-04-18,7258278517,31998.6,S132A,شركة القوة المتجددة للوقود,91,MK022
2026-04-18,7258278514,32001.5,S132A,شركة القوة المتجددة للوقود,91,MK001
2026-04-19,7258336316,33005.8,S183,شركة تزويد السعودية المحدودة,95,MK004
2026-04-19,7258336287,33010.1,S183,مؤسسة سامي بن سلمان بن عامر الصاعدي للنقليات,95,MK015
2026-04-19,7258336327,32998.2,S183,شركة النسيم الجديد المحدودة,95,MK007
2026-04-19,7258343843,33042.6,S132,مؤسسة سامي بن سلمان بن عامر الصاعدي للنقليات,95,MK015
2026-04-19,7258337752,32992.4,S132,شركة النسيم الجديد المحدودة,91,MK007
2026-04-19,7258322029,31999.7,S133,شركة القوة المتجددة للوقود,95,RY075
2026-04-19,7258337350,31992.1,S132A,شركة القوة المتجددة للوقود,91,MK005
2026-04-19,7258337349,31992.1,S132A,شركة القوة المتجددة للوقود,91,MK028
2026-04-19,7258335867,33005.3,S132A,شركة النسيم الجديد المحدودة,91,MK072
2026-04-19,7258335609,31995.6,S132A,شركة القوة المتجددة للوقود,ديزل,MK004
2026-04-19,7258335477,31993.0,S132A,شركة القوة المتجددة للوقود,ديزل,MK064
2026-04-19,7258335412,32995.6,S132A,شركة النسيم الجديد المحدودة,91,MK007
2026-04-19,7258324462,32004.9,S132A,شركة القوة المتجددة للوقود,95,MK064
2026-04-19,7258324460,31990.8,S132A,شركة القوة المتجددة للوقود,95,MK046
2026-04-19,7258324457,31999.9,S132A,شركة القوة المتجددة للوقود,95,MK047
2026-04-19,7258324427,33004.3,S132A,شركة النسيم الجديد المحدودة,95,MK003
2026-04-19,7258324423,32993.9,S132A,شركة القوة المتجددة للوقود,95,MK068
2026-04-19,7258324418,32998.1,S132A,شركة القوة المتجددة للوقود,95,MK054
2026-04-19,7258324414,33004.2,S132A,شركة النسيم الجديد المحدودة,95,MK084
2026-04-19,7258324416,32993.4,S132A,شركة النسيم الجديد المحدودة,95,MK018
2026-04-19,7258324413,33004.1,S132A,شركة النسيم الجديد المحدودة,95,MK003
2026-04-19,7258287404,32991.5,S132A,شركة النسيم الجديد المحدودة,91,MK008
2026-04-19,7258287203,32001.6,S132A,شركة القوة المتجددة للوقود,91,MK006
2026-04-19,7258287194,31863.4,S132A,شركة القوة المتجددة للوقود,91,MK005
2026-04-19,7258287185,31977.3,S132A,شركة القوة المتجددة للوقود,91,MK046
2026-04-19,7258286610,32997.3,S132A,شركة القوة المتجددة للوقود,91,MK054
2026-04-19,7258286607,33002.5,S132A,شركة القوة المتجددة للوقود,91,MK017
2026-04-19,7258286587,33020.4,S132A,شركة النسيم الجديد المحدودة,91,MK003
2026-04-20,7258343642,33004.0,S132,شركة تزويد السعودية المحدودة,95,MK004
2026-04-20,7258343942,33003.9,S132,شركة القوة المتجددة للوقود,95,MK028
2026-04-20,7258344208,31994.3,S132,شركة القوة المتجددة للوقود,ديزل,MK004
2026-04-20,7258344259,32002.4,S132,شركة القوة المتجددة للوقود,ديزل,MK046
2026-04-20,7258343741,33004.9,S183,شركة النسيم الجديد المحدودة,95,MK003
2026-04-20,7258343709,32999.3,S183,شركة النسيم الجديد المحدودة,95,MK007
2026-04-20,7258343669,33005.0,S183,شركة النسيم الجديد المحدودة,95,MK008
2026-04-20,7258344567,32035.0,S020,شركة ناقلين المحدودة,ديزل,JA061
2026-04-20,7258336386,32001.6,S142,مؤسسة مسار الطريق للنقليات,95,QS055
2026-04-20,7258344713,32017.0,S012,شركة القوة المتجددة للوقود,91,RY075
2026-04-20,7258352150,33001.2,S132A,شركة تزويد السعودية المحدودة,91,MK004
2026-04-20,7258351447,33017.5,S132A,مؤسسة سامي بن سلمان بن عامر الصاعدي للنقليات,91,MK015
2026-04-20,7258344156,32001.7,S132A,شركة القوة المتجددة للوقود,ديزل,MK047
2026-04-20,7258344107,33001.4,S132A,شركة النسيم الجديد المحدودة,ديزل,MK007
2026-04-20,7258343971,33001.6,S132A,شركة النسيم الجديد المحدودة,ديزل,MK008
2026-04-20,7258343933,32983.2,S132A,شركة النسيم الجديد المحدودة,91,MK007
2026-04-20,7258331759,33003.0,S132A,شركة النسيم الجديد المحدودة,95,MK007
2026-04-20,7258331758,33003.1,S132A,شركة النسيم الجديد المحدودة,95,MK031
2026-04-20,7258331757,33003.1,S132A,شركة النسيم الجديد المحدودة,95,MK020
2026-04-20,7258331756,32991.8,S132A,شركة النسيم الجديد المحدودة,95,MK029
2026-04-20,7258331755,33003.3,S132A,شركة النسيم الجديد المحدودة,95,MK003
2026-04-20,7258331726,31999.5,S132A,شركة القوة المتجددة للوقود,95,MK005
2026-04-20,7258331725,32003.0,S132A,شركة القوة المتجددة للوقود,95,MK006
2026-04-20,7258331724,32003.7,S132A,شركة القوة المتجددة للوقود,95,MK033
2026-04-20,7258331719,31999.4,S132A,شركة القوة المتجددة للوقود,95,MK017
2026-04-20,7258312248,31977.9,S132A,شركة القوة المتجددة للوقود,91,MK064
2026-04-20,7258312241,32001.6,S132A,شركة القوة المتجددة للوقود,91,MK047
2026-04-20,7258312230,32055.0,S132A,شركة القوة المتجددة للوقود,91,MK006
2026-04-20,7258312101,32997.5,S132A,شركة النسيم الجديد المحدودة,91,MK003
2026-04-20,7258312097,32994.6,S132A,شركة النسيم الجديد المحدودة,91,MK018
2026-04-20,7258312093,32982.5,S132A,شركة النسيم الجديد المحدودة,91,MK084
2026-04-20,7258312089,32993.0,S132A,شركة النسيم الجديد المحدودة,91,MK007
2026-04-20,7258347373,33000.6,S183,شركة النسيم الجديد المحدودة,ديزل,MK008
2026-04-20,7258344283,32001.8,S132,شركة القوة المتجددة للوقود,ديزل,MK035
2026-04-20,7258344037,32992.3,S132,شركة القوة المتجددة للوقود,95,MK063
2026-04-20,7258351845,32029.0,S020,Al-Nassar Transport Company,91,JA069
2026-04-20,7258330172,32006.1,S133,شركة القوة المتجددة للوقود,95,RY025
2026-04-20,7258324165,32005.1,S133,محطة منير سفير المطيري,95,RY024
2026-04-20,7258344828,31996.9,S142,مؤسسة مسار الطريق للنقليات,ديزل,QS055
2026-04-21,7258353044,31863.0,S132,شركة القوة المتجددة للوقود,91,BH050
2026-04-21,7258352073,32002.3,S132,شركة القوة المتجددة للوقود,ديزل,MK093
2026-04-21,7258352049,31994.9,S132,شركة القوة المتجددة للوقود,ديزل,MK054
2026-04-21,7258351853,32003.0,S091,Al-Nassar Transport Company,95,JA069
2026-04-21,7258360494,31985.4,S132,شركة القوة المتجددة للوقود,91,MK014
2026-04-21,7258360427,33003.8,S132,مؤسسة سامي بن سلمان بن عامر الصاعدي للنقليات,95,MK015
2026-04-21,7258360402,32993.6,S132,شركة تزويد السعودية المحدودة,95,MK004
2026-04-21,7258360385,31995.1,S132,شركة القوة المتجددة للوقود,ديزل,MK004
2026-04-21,7258360341,32002.0,S132,شركة القوة المتجددة للوقود,ديزل,MK004
2026-04-21,7258336506,32007.3,S133,شركة القوة المتجددة للوقود,95,RY075
2026-04-21,7258353563,32001.7,S133,شركة القوة المتجددة للوقود,91,RY075
2026-04-21,7258353585,32028.0,S012,محطة منير سفير المطيري,91,RY024
2026-04-21,7258353482,32007.8,S132A,شركة القوة المتجددة للوقود,91,MK063
2026-04-21,7258353450,32061.0,S132A,شركة القوة المتجددة للوقود,91,MK005
2026-04-21,7258352219,33001.5,S132A,مؤسسة سامي بن سلمان بن عامر الصاعدي للنقليات,91,MK015
2026-04-21,7258352201,33012.4,S132A,شركة تزويد السعودية المحدودة,91,MK004
2026-04-21,7258351787,32011.0,S132A,شركة القوة المتجددة للوقود,91,MK093
2026-04-21,7258345776,31992.3,S132A,شركة القوة المتجددة للوقود,ديزل,MK014
2026-04-21,7258345767,33002.0,S132A,شركة النسيم الجديد المحدودة,ديزل,MK007
2026-04-21,7258345751,32993.4,S132A,شركة النسيم الجديد المحدودة,ديزل,MK008
2026-04-21,7258345739,31991.6,S132A,شركة القوة المتجددة للوقود,95,MK099
2026-04-21,7258345738,31991.8,S132A,شركة القوة المتجددة للوقود,95,MK035
2026-04-21,7258345715,32998.4,S132A,شركة النسيم الجديد المحدودة,95,MK007
2026-04-21,7258345714,32997.3,S132A,شركة النسيم الجديد المحدودة,95,MK003
2026-04-21,7258345686,32993.8,S132A,شركة القوة المتجددة للوقود,95,MK005
2026-04-21,7258345684,33003.6,S132A,شركة القوة المتجددة للوقود,95,MK001
2026-04-21,7258345683,32997.2,S132A,شركة النسيم الجديد المحدودة,95,MK072
2026-04-21,7258345682,33004.0,S132A,شركة النسيم الجديد المحدودة,95,MK016
2026-04-21,7258345681,32991.7,S132A,شركة النسيم الجديد المحدودة,95,MK002
2026-04-21,7258323935,32056.9,S132A,شركة القوة المتجددة للوقود,91,MK035
2026-04-21,7258323930,31917.7,S132A,شركة القوة المتجددة للوقود,91,MK006
2026-04-21,7258323926,32017.8,S132A,شركة القوة المتجددة للوقود,91,MK046
2026-04-21,7258323778,33001.8,S132A,شركة النسيم الجديد المحدودة,91,MK072
2026-04-21,7258323775,32860.5,S132A,شركة النسيم الجديد المحدودة,91,MK003
2026-04-21,7258323677,32983.2,S132A,شركة القوة المتجددة للوقود,91,MK017
2026-04-21,7258323673,32898.3,S132A,شركة القوة المتجددة للوقود,91,MK001
2026-04-21,7258323663,33003.3,S132A,شركة النسيم الجديد المحدودة,91,MK029
2026-04-21,7258323661,33007.5,S132A,شركة النسيم الجديد المحدودة,91,MK016
2026-04-21,7258323658,32992.2,S132A,شركة النسيم الجديد المحدودة,91,MK008
2026-04-21,7258323651,33007.7,S132A,شركة النسيم الجديد المحدودة,91,MK003
2026-04-21,7258347466,31986.0,S032,شركة هال للنقليات,91,EP051
2026-04-22,7258360768,32001.4,S132,شركة القوة المتجددة للوقود,ديزل,MK046
2026-04-22,7258361628,32001.0,S091,Al-Nassar Transport Company,95,AS153
2026-04-22,7258364702,33005.2,S183,شركة النسيم الجديد المحدودة,95,MK029
2026-04-22,7258364195,32004.9,S183,شركة القوة المتجددة للوقود,95,MK093
2026-04-22,7258361040,32004.9,S183,شركة القوة المتجددة للوقود,95,MK046
2026-04-22,7258361003,32005.9,S183,شركة القوة المتجددة للوقود,95,MK028
2026-04-22,7258361670,32027.0,S020,Al-Nassar Transport Company,ديزل,AS153
2026-04-22,7258361413,32008.2,S132A,شركة تزويد السعودية المحدودة,91,MK004
2026-04-22,7258361185,32995.0,S132A,شركة النسيم الجديد المحدودة,91,MK003
2026-04-22,7258359411,32007.3,S132A,شركة القوة المتجددة للوقود,91,MK028
2026-04-22,7258354582,32992.9,S132A,شركة النسيم الجديد المحدودة,ديزل,MK008
2026-04-22,7258354553,31995.1,S132A,شركة القوة المتجددة للوقود,ديزل,MK064
2026-04-22,7258345886,32997.6,S132A,شركة القوة المتجددة للوقود,95,MK047
2026-04-22,7258345885,32998.5,S132A,شركة النسيم الجديد المحدودة,95,MK020
2026-04-22,7258345883,32991.5,S132A,شركة النسيم الجديد المحدودة,95,MK003
2026-04-22,7258331907,31991.7,S132A,شركة القوة المتجددة للوقود,91,MK071
2026-04-22,7258331906,32008.5,S132A,شركة القوة المتجددة للوقود,91,MK033
2026-04-22,7258331904,31993.9,S132A,شركة القوة المتجددة للوقود,91,MK064
2026-04-22,7258331885,33001.7,S132A,مؤسسة سامي بن سلمان بن عامر الصاعدي للنقليات,91,MK015
2026-04-22,7258331880,33008.6,S132A,شركة النسيم الجديد المحدودة,91,MK007
2026-04-22,7258331877,32859.9,S132A,شركة النسيم الجديد المحدودة,91,MK020
2026-04-22,7258331874,33001.7,S132A,شركة النسيم الجديد المحدودة,91,MK023
2026-04-22,7258331872,32992.7,S132A,شركة النسيم الجديد المحدودة,91,MK003
2026-04-22,7258360970,32002.9,S032,شركة هال للنقليات,95,EP051
2026-04-22,7258369651,32008.6,S132,شركة القوة المتجددة للوقود,91,MK047
2026-04-22,7258369299,33003.9,S132,مؤسسة سامي بن سلمان بن عامر الصاعدي للنقليات,95,MK071
2026-04-22,7258360986,31999.8,S132,شركة القوة المتجددة للوقود,95,MK001
2026-04-22,7258361683,32015.0,S020,Al-Nassar Transport Company,91,AS153
2026-04-22,7258369924,31999.0,S091,Al-Nassar Transport Company,95,JA053
2026-04-22,7258372204,31997.0,S091,Al-Nassar Transport Company,91,JA041
2026-04-22,7258372231,31997.0,S091,Al-Nassar Transport Company,95,JA041
2026-04-22,7258363073,31995.8,S133,شركة القوة المتجددة للوقود,95,RY075
2026-04-22,7258354306,32004.0,S012,محطة منير سفير المطيري,ديزل,RY042
2026-04-22,7258354193,32014.0,S012,محطة منير سفير المطيري,91,RY025
2026-04-22,7258364213,32023.0,S012,شركة أسدال للخدمات البترولية,91,RY042
2026-04-22,7258361350,31994.6,S132A,شركة القوة المتجددة للوقود,91,MK005
2026-04-22,7258361340,32001.6,S132A,شركة القوة المتجددة للوقود,91,MK068
2026-04-22,7258361190,33018.7,S132A,شركة النسيم الجديد المحدودة,91,MK007
2026-04-22,7258361187,32992.1,S132A,شركة النسيم الجديد المحدودة,91,MK072
2026-04-22,7258354610,32991.5,S132A,شركة النسيم الجديد المحدودة,ديزل,MK008
2026-04-22,7258354505,31991.2,S132A,شركة القوة المتجددة للوقود,95,MK017
2026-04-22,7258354501,31998.8,S132A,شركة القوة المتجددة للوقود,95,MK068
2026-04-22,7258345890,32999.5,S132A,شركة النسيم الجديد المحدودة,95,MK007
2026-04-22,7258345889,32993.5,S132A,شركة القوة المتجددة للوقود,95,MK064
2026-04-22,7258345888,33002.4,S132A,شركة النسيم الجديد المحدودة,95,MK008
2026-04-22,7258345887,32988.2,S132A,شركة النسيم الجديد المحدودة,95,MK003
2026-04-22,7258331899,31990.4,S132A,شركة القوة المتجددة للوقود,91,MK022
2026-04-23,7258370714,32002.5,S183,شركة القوة المتجددة للوقود,ديزل,MK046
2026-04-23,7258370713,32000.5,S183,شركة القوة المتجددة للوقود,ديزل,MK004
2026-04-23,7258370711,32001.7,S183,شركة القوة المتجددة للوقود,ديزل,MK028
2026-04-23,7258370708,32000.3,S183,شركة القوة المتجددة للوقود,ديزل,MK047
2026-04-23,7258370706,32001.9,S183,شركة القوة المتجددة للوقود,ديزل,MK031
2026-04-23,7258369930,31996.0,S091,Al-Nassar Transport Company,91,JA053
2026-04-23,7258369985,32003.0,S091,شركة ناقلين المحدودة,95,JA061
2026-04-23,7258372321,32035.0,S020,Al-Nassar Transport Company,ديزل,JA041
2026-04-23,7258369976,32002.0,S091,شركة ناقلين المحدودة,91,JA061
2026-04-23,7258381555,32034.0,S020,Al-Nassar Transport Company,ديزل,JA041
2026-04-23,7258384191,32003.5,S132,مؤسسة سامي بن سلمان بن عامر الصاعدي للنقليات,95,MK015
2026-04-23,7258363289,32003.8,S142,مؤسسة مسار الطريق للنقليات,91,HA043
2026-04-23,7258354387,32003.0,S012,محطة منير سفير المطيري,ديزل,RY025
2026-04-23,7258371432,32031.0,S012,محطة منير سفير المطيري,91,RY024
2026-04-23,7258371738,31979.1,S133,شركة أسدال للخدمات البترولية,91,RY025
2026-04-23,7258371681,31984.9,S133,شركة القوة المتجددة للوقود,91,RY075
2026-04-23,7258363491,32004.6,S133,محطة منير سفير المطيري,95,RY025
2026-04-23,7258362163,32004.6,S133,شركة أسدال للخدمات البترولية,ديزل,RY075
2026-04-23,7258371082,19980.0,S032,شركة هال للنقليات,91,EP051
2026-04-23,7258372318,32810.9,S132A,مؤسسة سامي بن سلمان بن عامر الصاعدي للنقليات,91,MK015
2026-04-23,7258370926,32001.5,S132A,شركة القوة المتجددة للوقود,ديزل,MK014
2026-04-23,7258370913,32992.6,S132A,شركة النسيم الجديد المحدودة,ديزل,MK007
2026-04-23,7258370701,33001.2,S132A,مؤسسة سامي بن سلمان بن عامر الصاعدي للنقليات,91,MK015
2026-04-23,7258370605,32018.4,S132A,شركة القوة المتجددة للوقود,91,MK046
2026-04-23,7258370564,32002.6,S132A,شركة القوة المتجددة للوقود,91,MK035
2026-04-23,7258370411,33002.5,S132A,شركة النسيم الجديد المحدودة,91,MK007
2026-04-23,7258370396,33008.9,S132A,شركة القوة المتجددة للوقود,91,MK028
2026-04-23,7258370366,32979.7,S132A,شركة النسيم الجديد المحدودة,91,MK016
2026-04-23,7258370159,32990.6,S132A,شركة النسيم الجديد المحدودة,95,MK007
2026-04-23,7258354732,32003.9,S132A,شركة القوة المتجددة للوقود,95,MK005
2026-04-23,7258354731,31878.4,S132A,شركة القوة المتجددة للوقود,95,MK005
2026-04-23,7258354655,33004.0,S132A,شركة القوة المتجددة للوقود,95,MK006
2026-04-23,7258354654,32993.4,S132A,شركة النسيم الجديد المحدودة,95,MK003
2026-04-23,7258354653,32992.1,S132A,شركة القوة المتجددة للوقود,95,MK022
2026-04-23,7258354652,32999.4,S132A,شركة تزويد السعودية المحدودة,95,MK004
2026-04-23,7258354651,32993.2,S132A,مؤسسة سامي بن سلمان بن عامر الصاعدي للنقليات,95,MK015
2026-04-23,7258354649,33035.8,S132A,شركة النسيم الجديد المحدودة,95,MK007
2026-04-23,7258331974,33028.3,S132A,شركة النسيم الجديد المحدودة,91,MK007
2026-04-23,7258331973,32990.9,S132A,شركة النسيم الجديد المحدودة,91,MK029
2026-04-23,7258331972,33002.7,S132A,شركة النسيم الجديد المحدودة,91,MK018
2026-04-23,7258331971,33002.4,S132A,شركة النسيم الجديد المحدودة,91,MK031
2026-04-23,7258331970,33008.1,S132A,شركة النسيم الجديد المحدودة,91,MK008
2026-04-23,7258331947,31991.5,S132A,شركة تزويد السعودية المحدودة,91,MK004
2026-04-23,7258331941,32001.3,S132A,شركة القوة المتجددة للوقود,91,MK001
2026-04-23,7258331940,32007.5,S132A,شركة القوة المتجددة للوقود,91,MK005
2026-04-24,7258386556,33002.4,S132,شركة تزويد السعودية المحدودة,91,MK004
2026-04-24,7258384875,33002.1,S132,مؤسسة سامي بن سلمان بن عامر الصاعدي للنقليات,91,MK015
2026-04-24,7258384022,31992.2,S132,شركة القوة المتجددة للوقود,ديزل,MK004
2026-04-24,7258384510,33001.0,S183,شركة تزويد السعودية المحدودة,95,MK004
2026-04-24,7258384338,32005.5,S183,شركة القوة المتجددة للوقود,95,MK028
2026-04-24,7258383748,32089.0,S020,شركة ناقلين المحدودة,ديزل,JA061
2026-04-24,7258383841,31998.0,S091,Al-Nassar Transport Company,91,JA060
2026-04-24,7258385256,31997.0,S091,Al-Nassar Transport Company,95,JA069
2026-04-24,7258386491,31999.0,S091,Al-Nassar Transport Company,91,JA069
2026-04-24,7258383987,32001.6,S132,شركة القوة المتجددة للوقود,ديزل,MK004
2026-04-24,7258391914,32992.4,S132,شركة النسيم الجديد المحدودة,ديزل,MK033
2026-04-24,7258391896,32997.6,S132,شركة النسيم الجديد المحدودة,95,MK072
2026-04-24,7258391886,31999.2,S183,شركة القوة المتجددة للوقود,95,MK014
2026-04-24,7258384087,31999.8,S183,شركة القوة المتجددة للوقود,ديزل,MK004
2026-04-24,7258384089,32000.5,S183,شركة القوة المتجددة للوقود,ديزل,MK063
2026-04-24,7258377153,32014.6,S142,مؤسسة مسار الطريق للنقليات,91,QS055
2026-04-24,7258377105,32005.9,S133,شركة أسدال للخدمات البترولية,95,RY024
2026-04-24,7258371929,32006.4,S133,شركة القوة المتجددة للوقود,95,RY075
2026-04-24,7258377545,32004.4,S037,شركة هال للنقليات,91,EP051
2026-04-24,7258384547,32993.0,S132A,شركة النسيم الجديد المحدودة,95,MK047
2026-04-24,7258384543,33002.0,S132A,شركة النسيم الجديد المحدودة,95,MK029
2026-04-24,7258384536,32991.8,S132A,شركة النسيم الجديد المحدودة,95,MK007
2026-04-24,7258383911,32001.9,S132A,شركة القوة المتجددة للوقود,ديزل,MK072
2026-04-24,7258383792,32979.7,S132A,شركة النسيم الجديد المحدودة,91,MK007
2026-04-24,7258382973,32989.3,S132A,شركة النسيم الجديد المحدودة,91,MK003
2026-04-24,7258382968,33009.5,S132A,شركة النسيم الجديد المحدودة,91,MK007
2026-04-24,7258354918,32002.1,S132A,شركة القوة المتجددة للوقود,ديزل,MK064
2026-04-24,7258354851,32992.2,S132A,شركة النسيم الجديد المحدودة,ديزل,MK084
2026-04-24,7258354823,32991.2,S132A,شركة القوة المتجددة للوقود,95,MK063
2026-04-24,7258354822,32993.5,S132A,شركة القوة المتجددة للوقود,95,MK054
2026-04-24,7258354820,32996.8,S132A,شركة النسيم الجديد المحدودة,95,MK018
2026-04-24,7258354819,33003.8,S132A,شركة النسيم الجديد المحدودة,95,MK023
2026-04-24,7258354818,33002.1,S132A,شركة النسيم الجديد المحدودة,95,MK016
2026-04-24,7258354817,32991.9,S132A,شركة النسيم الجديد المحدودة,95,MK003
2026-04-24,7258332127,31993.7,S132A,شركة القوة المتجددة للوقود,91,MK063
2026-04-24,7258332125,31987.2,S132A,شركة القوة المتجددة للوقود,91,MK093
2026-04-24,7258332122,31991.2,S132A,شركة القوة المتجددة للوقود,91,MK064
2026-04-24,7258332121,32004.3,S132A,شركة القوة المتجددة للوقود,91,MK017
2026-04-24,7258332058,33001.6,S132A,شركة النسيم الجديد المحدودة,91,MK072
2026-04-24,7258332055,33035.3,S132A,شركة النسيم الجديد المحدودة,91,MK020
2026-04-24,7258332053,32990.4,S132A,شركة النسيم الجديد المحدودة,91,MK019
2026-04-24,7258332050,32981.0,S132A,شركة النسيم الجديد المحدودة,91,MK003
2026-04-24,7258332048,33018.7,S132A,شركة النسيم الجديد المحدودة,91,MK002
2026-04-25,7258377118,31999.8,S133,مؤسسة المصودع للنقليات,95,RY042
2026-04-25,7258392929,32023.0,S012,مؤسسة المصودع للنقليات,91,RY075
2026-04-25,7258392701,32004.1,S142,مؤسسة مسار الطريق للنقليات,95,QS055
2026-04-25,7258392707,31996.9,S142,مؤسسة مسار الطريق للنقليات,ديزل,QS055
2026-04-25,7258392589,33001.5,S132A,شركة القوة المتجددة للوقود,91,MK054
2026-04-25,7258392581,32977.4,S132A,شركة القوة المتجددة للوقود,91,MK001
2026-04-25,7258392576,32982.8,S132A,شركة النسيم الجديد المحدودة,91,MK007
2026-04-25,7258392563,32001.6,S132A,شركة القوة المتجددة للوقود,91,MK099
2026-04-25,7258392545,33001.2,S132A,شركة النسيم الجديد المحدودة,ديزل,MK007
2026-04-25,7258392533,31993.9,S132A,شركة القوة المتجددة للوقود,ديزل,MK004
2026-04-25,7258392521,31993.8,S132A,شركة القوة المتجددة للوقود,ديزل,MK100
2026-04-25,7258377378,31992.3,S132A,شركة القوة المتجددة للوقود,95,MK064
2026-04-25,7258377377,31999.4,S132A,شركة القوة المتجددة للوقود,95,MK005
2026-04-25,7258377376,32028.3,S132A,شركة القوة المتجددة للوقود,95,MK017
2026-04-25,7258377369,32004.4,S132A,شركة القوة المتجددة للوقود,95,MK001
2026-04-25,7258377355,33106.0,S132A,شركة النسيم الجديد المحدودة,95,MK084
2026-04-25,7258377354,33001.9,S132A,شركة النسيم الجديد المحدودة,95,MK020
2026-04-25,7258377352,32998.1,S132A,شركة النسيم الجديد المحدودة,95,MK007
2026-04-25,7258377300,32993.7,S132A,شركة النسيم الجديد المحدودة,95,MK003
2026-04-25,7258373238,32001.6,S132A,شركة القوة المتجددة للوقود,91,MK006
2026-04-25,7258373232,31987.1,S132A,شركة القوة المتجددة للوقود,91,MK005
2026-04-25,7258373226,32001.4,S132A,شركة القوة المتجددة للوقود,91,MK047
2026-04-25,7258373221,31994.0,S132A,شركة القوة المتجددة للوقود,91,MK046
2026-04-25,7258372895,32818.0,S132A,مؤسسة سامي بن سلمان بن عامر الصاعدي للنقليات,91,MK071
2026-04-25,7258372881,32994.0,S132A,شركة النسيم الجديد المحدودة,91,MK072
2026-04-25,7258372868,32806.0,S132A,شركة النسيم الجديد المحدودة,91,MK084
2026-04-25,7258372860,32994.1,S132A,شركة النسيم الجديد المحدودة,91,MK023
2026-04-25,7258372844,33001.9,S132A,شركة النسيم الجديد المحدودة,91,MK008
2026-04-25,7258372833,33047.1,S132A,شركة النسيم الجديد المحدودة,91,MK003
2026-04-25,7258393050,31994.3,S132,شركة القوة المتجددة للوقود,ديزل,MK046
2026-04-25,7258393075,31992.8,S132,شركة القوة المتجددة للوقود,ديزل,MK035
2026-04-25,7258393198,32979.6,S132,شركة تزويد السعودية المحدودة,91,MK004
2026-04-25,7258392336,31999.0,S183,شركة القوة المتجددة للوقود,95,MK028
2026-04-25,7258392104,33008.3,S183,شركة النسيم الجديد المحدودة,95,MK008
2026-04-25,7258392342,33004.9,S183,مؤسسة سامي بن سلمان بن عامر الصاعدي للنقليات,95,MK015
2026-04-25,7258393149,32000.7,S183,شركة القوة المتجددة للوقود,ديزل,MK004
2026-04-25,7258393162,33006.3,S183,شركة تزويد السعودية المحدودة,95,MK004
2026-04-25,7258393168,33008.5,S183,شركة القوة المتجددة للوقود,95,MK047
2026-04-25,7258391996,31997.0,S091,Al-Nassar Transport Company,95,JA056
2026-04-25,7258393286,33003.8,S132,شركة النسيم الجديد المحدودة,95,MK029
2026-04-25,7258393309,33001.9,S132,مؤسسة سامي بن سلمان بن عامر الصاعدي للنقليات,91,MK015
2026-04-25,7258393254,31979.6,S132,شركة القوة المتجددة للوقود,91,MK022
2026-04-25,7258393241,33007.8,S132,شركة النسيم الجديد المحدودة,91,MK007
2026-04-25,7258393230,33001.5,S132,شركة النسيم الجديد المحدودة,91,MK003
2026-04-25,7258393134,31991.8,S132,شركة القوة المتجددة للوقود,ديزل,MK047
2026-04-25,7258397887,33030.9,S132,شركة النسيم الجديد المحدودة,95,MK007
2026-04-25,7258397905,33004.0,S132,شركة النسيم الجديد المحدودة,95,MK003
2026-04-25,7258398001,32001.7,S132,شركة القوة المتجددة للوقود,91,MK047
2026-04-25,7258398031,33001.3,S132,شركة النسيم الجديد المحدودة,91,MK018
2026-04-25,7258398044,33014.0,S132,شركة النسيم الجديد المحدودة,91,MK029
2026-04-25,7258398092,31998.3,S132,شركة القوة المتجددة للوقود,95,MK006
2026-04-25,7258393301,32004.2,S183,شركة القوة المتجددة للوقود,95,MK093
2026-04-25,7258392329,32000.4,S183,شركة القوة المتجددة للوقود,95,MK046
2026-04-26,7258363329,31999.9,S142,مؤسسة مسار الطريق للنقليات,ديزل,HA043
2026-04-26,7258397792,32025.0,S012,محطة منير سفير المطيري,91,RY042
2026-04-26,7258405689,32001.9,S132A,شركة القوة المتجددة للوقود,ديزل,MK029
2026-04-26,7258405686,32002.7,S132A,شركة القوة المتجددة للوقود,ديزل,MK071
2026-04-26,7258398739,31992.5,S132A,شركة القوة المتجددة للوقود,95,MK035
2026-04-26,7258398723,33004.3,S132A,شركة النسيم الجديد المحدودة,95,MK072
2026-04-26,7258398714,33035.1,S132A,شركة النسيم الجديد المحدودة,95,MK003
2026-04-26,7258398676,33003.9,S132A,شركة النسيم الجديد المحدودة,95,MK007
2026-04-26,7258381155,31792.7,S132A,شركة القوة المتجددة للوقود,91,MK014
2026-04-26,7258380381,32001.9,S132A,شركة القوة المتجددة للوقود,91,MK100
2026-04-26,7258380154,31861.3,S132A,شركة القوة المتجددة للوقود,91,MK006
2026-04-26,7258380142,31992.8,S132A,شركة القوة المتجددة للوقود,91,MK028
2026-04-26,7258380040,32984.2,S132A,شركة النسيم الجديد المحدودة,91,MK003
2026-04-26,7258380035,33001.9,S132A,شركة النسيم الجديد المحدودة,91,MK016
2026-04-26,7258380028,32978.5,S132A,شركة النسيم الجديد المحدودة,91,MK031
2026-04-26,7258380023,33010.1,S132A,شركة تزويد السعودية المحدودة,91,MK004
2026-04-26,7258399851,33000.2,S183,شركة القوة المتجددة للوقود,95,MK054
2026-04-26,7258398894,33003.5,S183,شركة تزويد السعودية المحدودة,95,MK004
2026-04-01,7258119831,32002.2,S132A,شركة القوة المتجددة للوقود,95,MK001
2026-04-01,7258119842,32004.2,S132A,شركة القوة المتجددة للوقود,95,MK022
2026-04-26,7258406933,33002.0,S132,شركة النسيم الجديد المحدودة,ديزل,MK008
2026-04-26,7258406272,32972.4,S132,شركة النسيم الجديد المحدودة,95,MK007
2026-04-26,7258398901,31999.3,S183,شركة القوة المتجددة للوقود,95,MK068
2026-04-26,7258406515,32034.0,S020,شركة ناقلين المحدودة,ديزل,JA061
2026-04-26,7258405572,33002.8,S132A,شركة النسيم الجديد المحدودة,ديزل,MK007
2026-04-26,7258398857,32002.0,S132A,شركة القوة المتجددة للوقود,91,MK068
2026-04-26,7258398848,32001.7,S132A,شركة القوة المتجددة للوقود,91,MK046
2026-04-26,7258398824,32992.0,S132A,شركة النسيم الجديد المحدودة,91,MK072
2026-04-26,7258398808,32992.8,S132A,شركة النسيم الجديد المحدودة,91,MK003
2026-04-26,7258398788,33001.4,S132A,شركة النسيم الجديد المحدودة,91,MK008
2026-04-26,7258398760,32999.4,S132A,شركة النسيم الجديد المحدودة,95,MK003
2026-04-26,7258380153,31992.0,S132A,شركة القوة المتجددة للوقود,91,MK005
2026-04-26,7258377403,31993.8,S132A,شركة القوة المتجددة للوقود,95,MK100
2026-04-26,7258377401,31993.2,S132A,شركة القوة المتجددة للوقود,95,MK028
2026-04-26,7258377398,31997.9,S132A,شركة القوة المتجددة للوقود,95,MK046
2026-04-26,7258377397,31981.5,S132A,شركة القوة المتجددة للوقود,95,MK063
2026-04-26,7258385718,32005.0,S133,شركة القوة المتجددة للوقود,95,RY075
2026-04-26,7258397767,31985.8,S133,شركة القوة المتجددة للوقود,91,RY075
2026-04-27,7258398424,32003.3,S037,شركة هال للنقليات,95,EP051
2026-04-27,7258409367,32004.6,S037,شركة هال للنقليات,91,EP051
2026-04-27,7258409466,33001.6,S132,شركة النسيم الجديد المحدودة,ديزل,MK008
2026-04-27,7258406461,32000.0,S091,Al-Nassar Transport Company,91,AS153
2026-04-27,7258406425,31998.0,S091,Al-Nassar Transport Company,95,AS153
2026-04-27,7258406388,32000.0,S091,Al-Nassar Transport Company,95,JA069
2026-04-27,7258409416,32999.4,S183,شركة النسيم الجديد المحدودة,95,MK007
2026-04-27,7258409223,32980.6,S183,مؤسسة سامي بن سلمان بن عامر الصاعدي للنقليات,95,MK015
2026-04-27,7258409064,32999.3,S183,شركة النسيم الجديد المحدودة,95,MK003
2026-04-27,7258407502,33001.8,S132A,شركة القوة المتجددة للوقود,91,MK028
2026-04-27,7258407496,33001.3,S132A,شركة تزويد السعودية المحدودة,91,MK004
2026-04-27,7258407488,32803.6,S132A,مؤسسة سامي بن سلمان بن عامر الصاعدي للنقليات,91,MK015
2026-04-27,7258405996,32002.6,S132A,شركة القوة المتجددة للوقود,ديزل,MK046
2026-04-27,7258405992,31994.4,S132A,شركة القوة المتجددة للوقود,ديزل,MK014
2026-04-27,7258405987,31992.8,S132A,شركة القوة المتجددة للوقود,ديزل,MK068
2026-04-27,7258400078,31993.1,S132A,شركة القوة المتجددة للوقود,95,MK006
2026-04-27,7258400077,31993.1,S132A,شركة القوة المتجددة للوقود,95,MK033
2026-04-27,7258400067,32980.4,S132A,شركة القوة المتجددة للوقود,91,MK006
2026-04-27,7258400033,32006.5,S132A,شركة القوة المتجددة للوقود,91,MK054
2026-04-27,7258400031,32008.9,S132A,شركة القوة المتجددة للوقود,91,MK033
2026-04-27,7258400030,31993.2,S132A,شركة القوة المتجددة للوقود,91,MK017
2026-04-27,7258400012,33002.1,S132A,شركة النسيم الجديد المحدودة,91,MK003
2026-04-27,7258400011,33008.0,S132A,شركة النسيم الجديد المحدودة,91,MK007
2026-04-27,7258400010,33028.0,S132A,شركة النسيم الجديد المحدودة,91,MK029
2026-04-27,7258400009,32973.8,S132A,شركة النسيم الجديد المحدودة,91,MK020
2026-04-27,7258400008,33001.7,S132A,شركة النسيم الجديد المحدودة,91,MK003
2026-04-27,7258407347,32020.0,S012,محطة منير سفير المطيري,91,RY025
2026-04-27,7258407390,32031.0,S184,محطة منير سفير المطيري,95,RY042
2026-04-27,7258407527,32003.6,S142,مؤسسة مسار الطريق للنقليات,91,QS055
2026-04-27,7258413812,32987.1,S132,شركة تزويد السعودية المحدودة,95,MK004
2026-04-27,7258415127,32993.6,S132,مؤسسة سامي بن سلمان بن عامر الصاعدي للنقليات,95,MK015
2026-04-27,7258406677,32001.9,S132,شركة القوة المتجددة للوقود,ديزل,MK047
2026-04-27,7258406727,32003.2,S132,شركة القوة المتجددة للوقود,ديزل,MK064
2026-04-27,7258406789,33002.4,S132,شركة النسيم الجديد المحدودة,ديزل,MK008
2026-04-27,7258409426,33003.3,S132,شركة النسيم الجديد المحدودة,95,MK007
2026-04-27,7258407330,32001.8,S133,شركة القوة المتجددة للوقود,91,RY075
2026-04-27,7258392858,31999.1,S133,محطة منير سفير المطيري,95,RY025
2026-04-27,7258409954,33001.7,S132A,شركة النسيم الجديد المحدودة,91,MK007
2026-04-27,7258409938,31979.8,S132A,شركة القوة المتجددة للوقود,91,MK001
2026-04-27,7258400109,33002.4,S132A,شركة تزويد السعودية المحدودة,95,MK004
2026-04-27,7258400108,33001.9,S132A,شركة النسيم الجديد المحدودة,95,MK031
2026-04-27,7258400105,33004.6,S132A,شركة النسيم الجديد المحدودة,95,MK016
2026-04-27,7258400104,32998.5,S132A,شركة النسيم الجديد المحدودة,95,MK003
2026-04-27,7258400103,33004.2,S132A,شركة النسيم الجديد المحدودة,95,MK019
2026-04-27,7258400081,31998.6,S132A,شركة القوة المتجددة للوقود,95,MK022
2026-04-27,7258400080,32003.1,S132A,شركة القوة المتجددة للوقود,95,MK005
2026-04-27,7258400050,32007.7,S132A,شركة القوة المتجددة للوقود,91,MK005
2026-04-27,7258400047,31992.7,S132A,شركة القوة المتجددة للوقود,91,MK063
2026-04-28,7258416820,31992.3,S184,شركة القوة المتجددة للوقود,95,RY075
2026-04-28,7258416873,31984.7,S133,شركة القوة المتجددة للوقود,91,RY075
2026-04-28,7258416746,32125.0,S184,محطة منير سفير المطيري,95,RY024
2026-04-28,7258416772,32017.0,S012,محطة منير سفير المطيري,91,RY024
2026-04-28,7258427801,33008.3,S132A,مؤسسة سامي بن سلمان بن عامر الصاعدي للنقليات,91,MK015
2026-04-28,7258416364,31993.8,S132A,شركة القوة المتجددة للوقود,ديزل,MK022
2026-04-28,7258416289,33001.9,S132A,شركة النسيم الجديد المحدودة,ديزل,MK007
2026-04-28,7258416196,33004.2,S132A,شركة تزويد السعودية المحدودة,95,MK004
2026-04-28,7258416113,32799.2,S132A,شركة القوة المتجددة للوقود,91,MK035
2026-04-28,7258416062,31992.0,S132A,شركة القوة المتجددة للوقود,91,MK064
2026-04-28,7258416054,32001.7,S132A,شركة القوة المتجددة للوقود,91,MK005
2026-04-28,7258415940,33008.8,S132A,شركة تزويد السعودية المحدودة,91,MK004
2026-04-28,7258415930,33008.7,S132A,مؤسسة سامي بن سلمان بن عامر الصاعدي للنقليات,91,MK015
2026-04-28,7258402785,33003.9,S132A,مؤسسة سامي بن سلمان بن عامر الصاعدي للنقليات,95,MK071
2026-04-28,7258402782,33003.3,S132A,شركة النسيم الجديد المحدودة,95,MK023
2026-04-28,7258400293,31985.1,S132A,شركة القوة المتجددة للوقود,95,MK005
2026-04-28,7258400291,32001.8,S132A,شركة القوة المتجددة للوقود,95,MK064
2026-04-28,7258400290,32004.0,S132A,شركة القوة المتجددة للوقود,95,MK017
2026-04-28,7258400288,32005.0,S132A,شركة القوة المتجددة للوقود,95,MK001
2026-04-28,7258400231,32996.7,S132A,شركة النسيم الجديد المحدودة,95,MK029
2026-04-28,7258400230,33003.9,S132A,شركة النسيم الجديد المحدودة,95,MK020
2026-04-28,7258400228,33002.0,S132A,شركة النسيم الجديد المحدودة,95,MK008
2026-04-28,7258400225,33004.0,S132A,شركة النسيم الجديد المحدودة,95,MK002
2026-04-28,7258400210,31997.5,S132A,شركة القوة المتجددة للوقود,91,MK093
2026-04-28,7258400208,32001.7,S132A,شركة القوة المتجددة للوقود,91,MK028
2026-04-28,7258400131,33001.9,S132A,شركة النسيم الجديد المحدودة,91,MK029
2026-04-28,7258400125,32991.9,S132A,شركة النسيم الجديد المحدودة,91,MK003
2026-04-28,7258400122,32990.1,S132A,شركة النسيم الجديد المحدودة,91,MK072
2026-04-28,7258400120,32992.9,S132A,شركة النسيم الجديد المحدودة,91,MK016
2026-04-28,7258400118,33001.6,S132A,شركة النسيم الجديد المحدودة,91,MK003
2026-04-28,7258416387,32001.9,S132,شركة القوة المتجددة للوقود,ديزل,MK004
2026-04-28,7258416371,32002.0,S132,شركة القوة المتجددة للوقود,ديزل,MK035
2026-04-28,7258415305,31995.0,S091,شركة ناقلين المحدودة,91,JA061
2026-04-28,7258415313,31998.0,S091,Al-Nassar Transport Company,91,JA069
2026-04-28,7258416326,32004.9,S183,شركة القوة المتجددة للوقود,95,MK005
2026-04-28,7258426288,32998.7,S132,شركة النسيم الجديد المحدودة,91,MK007
2026-04-28,7258416150,32990.9,S132,شركة النسيم الجديد المحدودة,95,MK003
2026-04-28,7258416154,32998.2,S132,شركة النسيم الجديد المحدودة,95,MK007
2026-04-28,7258415344,32033.0,S020,Al-Nassar Transport Company,ديزل,JA053
2026-04-28,7258427630,31999.2,S183,شركة القوة المتجددة للوقود,ديزل,MK046
2026-04-28,7258403796,32002.3,S132A,شركة القوة المتجددة للوقود,95,MK047
2026-04-28,7258403795,32028.0,S132A,شركة القوة المتجددة للوقود,95,MK035
2026-04-29,7258430078,32005.2,S132A,شركة القوة المتجددة للوقود,ديزل,MK072
2026-04-29,7258430044,32002.3,S132A,شركة القوة المتجددة للوقود,ديزل,MK018
2026-04-29,7258429984,32001.8,S132A,شركة القوة المتجددة للوقود,ديزل,MK014
2026-04-29,7258429519,33004.6,S132A,شركة القوة المتجددة للوقود,95,MK014
2026-04-29,7258429471,32994.0,S132A,شركة القوة المتجددة للوقود,95,MK046
2026-04-29,7258429456,32989.9,S132A,شركة النسيم الجديد المحدودة,95,MK007
2026-04-29,7258429445,33002.0,S132A,شركة النسيم الجديد المحدودة,95,MK018
2026-04-29,7258429053,33008.1,S132A,مؤسسة سامي بن سلمان بن عامر الصاعدي للنقليات,91,MK007
2026-04-29,7258429049,33001.7,S132A,شركة تزويد السعودية المحدودة,91,MK004
2026-04-29,7258429043,33001.8,S132A,شركة النسيم الجديد المحدودة,91,MK003
2026-04-29,7258429041,32993.0,S132A,شركة النسيم الجديد المحدودة,91,MK020
2026-04-29,7258429035,32998.7,S132A,مؤسسة سامي بن سلمان بن عامر الصاعدي للنقليات,91,MK071
2026-04-29,7258403084,32001.6,S132A,شركة القوة المتجددة للوقود,91,MK017
2026-04-29,7258403076,31991.1,S132A,شركة القوة المتجددة للوقود,91,MK064
2026-04-29,7258403073,31993.5,S132A,شركة القوة المتجددة للوقود,91,MK047
2026-04-29,7258403063,32002.0,S132A,شركة القوة المتجددة للوقود,91,MK022
2026-04-29,7258403057,32001.4,S132A,شركة القوة المتجددة للوقود,91,MK001
2026-04-29,7258402888,33001.8,S132A,شركة النسيم الجديد المحدودة,91,MK018
2026-04-29,7258402876,32991.2,S132A,شركة النسيم الجديد المحدودة,91,MK023
2026-04-29,7258402875,33014.1,S132A,شركة النسيم الجديد المحدودة,91,MK008
2026-04-29,7258402871,32992.4,S132A,شركة النسيم الجديد المحدودة,91,MK003
2026-04-29,7258402864,33001.6,S132A,شركة النسيم الجديد المحدودة,91,MK002
2026-04-29,7258432438,32992.3,S132,شركة تزويد السعودية المحدودة,91,MK004
2026-04-29,7258432291,31987.7,S132,شركة القوة المتجددة للوقود,91,MK006
2026-04-29,7258431327,32000.0,S091,Al-Nassar Transport Company,91,JA053
2026-04-29,7258431330,32001.0,S091,Al-Nassar Transport Company,91,AS153
2026-04-29,7258431335,31996.0,S091,Al-Nassar Transport Company,91,JA041
2026-04-29,7258431340,31997.0,S091,Al-Nassar Transport Company,91,JA056
2026-04-29,7258433357,32003.1,S183,شركة القوة المتجددة للوقود,ديزل,MK028
2026-04-29,7258433359,32002.9,S183,شركة القوة المتجددة للوقود,ديزل,MK046
2026-04-29,7258433361,32001.7,S183,شركة القوة المتجددة للوقود,ديزل,MK047
2026-04-29,7258433362,31999.6,S183,شركة القوة المتجددة للوقود,ديزل,MK004
2026-04-29,7258435493,32002.7,S183,شركة القوة المتجددة للوقود,ديزل,MK033
2026-04-29,7258441987,33001.3,S132,مؤسسة سامي بن سلمان بن عامر الصاعدي للنقليات,91,MK015
2026-04-29,7258432529,33001.7,S132,شركة النسيم الجديد المحدودة,91,MK007
2026-04-29,7258432513,32988.5,S132,شركة النسيم الجديد المحدودة,91,MK072
2026-04-29,7258432490,33004.6,S132,شركة النسيم الجديد المحدودة,95,MK003
2026-04-29,7258432464,32991.2,S132,شركة النسيم الجديد المحدودة,95,MK003
2026-04-29,7258432412,31992.0,S132,شركة القوة المتجددة للوقود,91,MK046
2026-04-29,7258432398,31997.6,S132,شركة القوة المتجددة للوقود,91,MK028
2026-04-29,7258432373,31982.7,S132,شركة القوة المتجددة للوقود,91,MK005
2026-04-29,7258432348,31992.9,S132,شركة القوة المتجددة للوقود,95,MK017
2026-04-29,7258431344,31995.0,S091,Al-Nassar Transport Company,91,JA069
2026-04-29,7258430987,32005.0,S133,محطة منير سفير المطيري,95,RY025
2026-04-29,7258430277,31995.3,S133,شركة القوة المتجددة للوقود,95,RY075
2026-04-29,7258431053,32022.0,S012,محطة منير سفير المطيري,91,RY025
2026-04-29,7258429652,31991.8,S132A,شركة القوة المتجددة للوقود,95,MK063
2026-04-29,7258429620,32004.5,S132A,شركة القوة المتجددة للوقود,95,MK005
2026-04-29,7258429600,33002.0,S132A,شركة القوة المتجددة للوقود,95,MK006
2026-04-29,7258429580,32992.5,S132A,شركة القوة المتجددة للوقود,95,MK099
2026-04-29,7258429556,31993.5,S132A,شركة القوة المتجددة للوقود,95,MK028
2026-04-29,7258402780,32992.5,S132A,شركة النسيم الجديد المحدودة,95,MK016
2026-04-29,7258402693,32004.1,S132A,شركة القوة المتجددة للوقود,95,MK093
2026-04-29,7258402692,32004.3,S132A,شركة القوة المتجددة للوقود,95,MK064
2026-04-29,7258402691,31993.0,S132A,شركة تزويد السعودية المحدودة,95,MK004
2026-04-30,7258408287,32004.6,S143,شركة هال للنقليات,ديزل,EP051
2026-04-30,7258430763,32003.0,S091,شركة ناقلين المحدودة,95,JA061
2026-04-30,7258443866,33003.9,S132,شركة القوة المتجددة للوقود,95,MK001
2026-04-30,7258443851,33003.3,S132,شركة النسيم الجديد المحدودة,95,MK007
2026-04-30,7258446209,31999.1,S183,شركة القوة المتجددة للوقود,ديزل,MK047
2026-04-30,7258446182,31997.2,S183,شركة أسطول النادر للنقليات شركة شخص واحد,95,MK047
2026-04-30,7258446520,33018.2,S132A,شركة النسيم الجديد المحدودة,91,MK007
2026-04-30,7258441797,32007.5,S132A,شركة القوة المتجددة للوقود,91,MK035
2026-04-30,7258441796,31797.6,S132A,شركة القوة المتجددة للوقود,91,MK063
2026-04-30,7258441795,32002.0,S132A,شركة القوة المتجددة للوقود,91,MK046
2026-04-30,7258441563,32990.0,S132A,شركة النسيم الجديد المحدودة,91,MK007
2026-04-30,7258441521,33001.8,S132A,شركة النسيم الجديد المحدودة,ديزل,MK008
2026-04-30,7258441512,33001.5,S132A,شركة النسيم الجديد المحدودة,91,MK003
2026-04-30,7258441507,33002.9,S132A,شركة النسيم الجديد المحدودة,ديزل,MK007
2026-04-30,7258403446,33009.3,S132A,شركة النسيم الجديد المحدودة,91,MK029
2026-04-30,7258403425,33001.9,S132A,شركة النسيم الجديد المحدودة,91,MK016
2026-04-30,7258403417,33002.2,S132A,شركة النسيم الجديد المحدودة,91,MK003
2026-04-30,7258403327,32001.5,S132A,شركة القوة المتجددة للوقود,91,MK005
2026-04-30,7258403319,32009.4,S132A,شركة القوة المتجددة للوقود,91,MK006
2026-04-30,7258403309,31991.1,S132A,شركة القوة المتجددة للوقود,91,MK068
2026-04-30,7258403297,31991.0,S132A,شركة القوة المتجددة للوقود,91,MK033
2026-04-30,7258403290,32001.5,S132A,شركة أسطول النادر للنقليات شركة شخص واحد,91,MK001
2026-04-30,7258445222,31985.5,S133,شركة القوة المتجددة للوقود,91,RY075
2026-04-30,7258445316,32000.6,S142,مؤسسة مسار الطريق للنقليات,ديزل,QS055
2026-04-30,7258445273,32019.0,S012,محطة منير سفير المطيري,91,RY024
2026-04-30,7258454451,31990.3,S132,شركة القوة المتجددة للوقود,91,MK047
2026-04-30,7258444121,32988.7,S132,شركة القوة المتجددة للوقود,95,MK005
2026-04-30,7258458515,32999.0,S183,شركة النسيم الجديد المحدودة,95,MK084
2026-04-30,7258403610,33004.3,S132A,شركة القوة المتجددة للوقود,95,MK015
2026-04-30,7258403611,33004.6,S132A,شركة النسيم الجديد المحدودة,95,MK003
2026-04-30,7258403612,32991.2,S132A,شركة النسيم الجديد المحدودة,95,MK020
2026-04-30,7258440839,33004.4,S132A,شركة تزويد السعودية المحدودة,95,MK004
2026-04-30,7258440747,31993.1,S132A,شركة القوة المتجددة للوقود,95,MK028
2026-04-30,7258440670,32003.6,S132A,شركة القوة المتجددة للوقود,95,MK001
2026-04-30,7258440444,32003.7,S132A,شركة القوة المتجددة للوقود,95,MK068
2026-04-30,7258430650,32998.8,S132A,شركة النسيم الجديد المحدودة,95,MK003
2026-04-30,7258430649,32993.3,S132A,شركة النسيم الجديد المحدودة,95,MK072
2026-04-30,7258430604,33003.5,S132A,شركة النسيم الجديد المحدودة,95,MK008
2026-04-30,7258430603,33004.1,S132A,شركة النسيم الجديد المحدودة,95,MK029
2026-04-30,7258430587,33002.1,S132A,شركة النسيم الجديد المحدودة,95,MK007
2026-04-30,7258441569,33002.6,S132A,شركة النسيم الجديد المحدودة,ديزل,MK008
2026-05-01,7258431374,31998.0,S091,Al-Nassar Transport Company,95,JA041
2026-05-01,7258431387,31999.0,S091,Al-Nassar Transport Company,95,JA069
2026-05-01,7258432585,31997.0,S091,Al-Nassar Transport Company,95,JA053
2026-05-01,7258432593,32002.0,S091,Al-Nassar Transport Company,95,AS153
2026-05-01,7258432598,32002.0,S091,Al-Nassar Transport Company,95,JA060
2026-05-01,7258461560,31992.9,S132,شركة القوة المتجددة للوقود,ديزل,MK029
2026-05-01,7258461566,32002.6,S132,شركة القوة المتجددة للوقود,ديزل,MK004
2026-05-01,7258461569,31995.2,S132,شركة القوة المتجددة للوقود,ديزل,MK046
2026-05-01,7258461315,32001.9,S132,شركة القوة المتجددة للوقود,ديزل,MK064
2026-05-01,7258462845,32032.0,S020,Al-Nassar Transport Company,ديزل,JA056
2026-05-01,7258468624,32994.3,S132,شركة النسيم الجديد المحدودة,91,MK003
2026-05-01,7258468540,33010.1,S132,شركة النسيم الجديد المحدودة,91,MK020
2026-05-01,7258468489,31994.3,S132,شركة القوة المتجددة للوقود,91,MK047
2026-05-01,7258462534,33002.3,S132,شركة تزويد السعودية المحدودة,91,MK004
2026-05-01,7258461700,33001.3,S132,شركة النسيم الجديد المحدودة,ديزل,MK033
2026-05-01,7258461297,32001.6,S132,شركة القوة المتجددة للوقود,ديزل,MK004
2026-05-01,7258462562,31998.0,S091,Al-Nassar Transport Company,91,AS153
2026-05-01,7258462850,32032.0,S020,شركة ناقلين المحدودة,ديزل,JA061
2026-05-01,7258460428,31978.2,S184,محطة منير سفير المطيري,91,RY025
2026-05-01,7258460563,32001.5,S133,شركة القوة المتجددة للوقود,95,RY075
2026-05-01,7258462760,31991.8,S132A,شركة أسطول النادر للنقليات شركة شخص واحد,ديزل,MK014
2026-05-01,7258462201,33001.3,S132A,شركة النسيم الجديد المحدودة,91,MK007
2026-05-01,7258461414,33002.7,S132A,شركة النسيم الجديد المحدودة,ديزل,MK008
2026-05-01,7258460853,32991.8,S132A,شركة النسيم الجديد المحدودة,95,MK007
2026-05-01,7258459718,32009.1,S132A,شركة أسطول النادر للنقليات شركة شخص واحد,91,MK071
2026-05-01,7258459713,32001.5,S132A,شركة القوة المتجددة للوقود,91,MK099
2026-05-01,7258459707,32007.4,S132A,شركة القوة المتجددة للوقود,91,MK005
2026-05-01,7258459698,32007.6,S132A,شركة القوة المتجددة للوقود,91,MK028
2026-05-01,7258459677,31996.7,S132A,شركة حسين زين العطاس وسعد عوض العصيمي وشركائهم,91,MK019
2026-05-01,7258430480,32003.6,S132A,شركة القوة المتجددة للوقود,95,MK022
2026-05-01,7258430479,31997.5,S132A,شركة القوة المتجددة للوقود,95,MK047
2026-05-01,7258430477,31988.2,S132A,شركة القوة المتجددة للوقود,95,MK006
2026-05-01,7258430474,32001.8,S132A,شركة القوة المتجددة للوقود,95,MK046
2026-05-01,7258430473,32004.6,S132A,شركة القوة المتجددة للوقود,95,MK063
2026-05-01,7258430268,32997.6,S132A,شركة النسيم الجديد المحدودة,91,MK008
2026-05-01,7258430264,32992.6,S132A,شركة النسيم الجديد المحدودة,91,MK084
2026-05-01,7258430257,32997.9,S132A,شركة النسيم الجديد المحدودة,91,MK072
2026-05-01,7258430247,32989.7,S132A,شركة النسيم الجديد المحدودة,91,MK007
2026-05-01,7258430222,33001.8,S132A,مؤسسة سامي بن سلمان بن عامر الصاعدي للنقليات,91,MK015
2026-05-01,7258430215,32996.9,S132A,شركة تزويد السعودية المحدودة,91,MK004
2026-05-01,7258430165,31992.2,S132A,شركة تزويد السعودية المحدودة,95,MK028
2026-05-01,7258418085,32997.3,S132A,شركة النسيم الجديد المحدودة,95,MK018
2026-05-01,7258418084,32993.1,S132A,شركة النسيم الجديد المحدودة,95,MK003
2026-05-01,7258456878,32005.0,S037,شركة هال للنقليات,91,EP051
2026-05-01,7258414626,32000.3,S032,شركة هال للنقليات,95,EP051
2026-05-02,7258469944,32002.1,S132,شركة القوة المتجددة للوقود,ديزل,MK004
2026-05-02,7258469942,32001.4,S132,شركة القوة المتجددة للوقود,ديزل,MK046
2026-05-02,7258469940,32002.6,S132,شركة القوة المتجددة للوقود,ديزل,MK035
2026-05-02,7258469936,32001.8,S132,شركة القوة المتجددة للوقود,ديزل,MK072
2026-05-02,7258469531,31801.8,S132,شركة القوة المتجددة للوقود,91,MK093
2026-05-02,7258469522,31991.8,S132,شركة القوة المتجددة للوقود,91,MK046
2026-05-02,7258469520,32001.6,S132,شركة القوة المتجددة للوقود,91,MK028
2026-05-02,7258469663,32003.0,S091,شركة ناقلين المحدودة,91,JA061
2026-05-02,7258469748,32000.0,S091,Al-Nassar Transport Company,91,AS153
2026-05-02,7258469761,32000.0,S091,Al-Nassar Transport Company,91,JA069
2026-05-02,7258469783,31997.0,S091,Al-Nassar Transport Company,91,JA041
2026-05-02,7258469599,32030.0,S020,شركة ناقلين المحدودة,ديزل,JA060
2026-05-02,7258469886,33001.9,S132,شركة تزويد السعودية المحدودة,91,MK004
2026-05-02,7258470763,31991.5,S132,شركة القوة المتجددة للوقود,ديزل,MK004
2026-05-02,7258476237,32001.5,S132,شركة القوة المتجددة للوقود,ديزل,BH050
2026-05-02,7258462235,33004.9,S132,شركة النسيم الجديد المحدودة,95,MK003
2026-05-02,7258462543,32992.8,S132,مؤسسة سامي بن سلمان بن عامر الصاعدي للنقليات,95,MK015
2026-05-02,7258469835,33001.4,S132,شركة القوة المتجددة للوقود,91,BH050
2026-05-02,7258469831,32991.7,S132,شركة تزويد السعودية المحدودة,91,MK004
2026-05-02,7258469827,32996.5,S132,شركة النسيم الجديد المحدودة,91,MK008
2026-05-02,7258469527,31981.8,S132,شركة القوة المتجددة للوقود,91,MK064
2026-05-02,7258469525,32008.9,S132,شركة القوة المتجددة للوقود,91,MK063
2026-05-02,7258469683,31998.0,S091,شركة ناقلين المحدودة,91,JA060
2026-05-02,7258460500,32009.3,S184,شركة القوة المتجددة للوقود,91,RY075
2026-05-02,7258460540,32083.4,S184,محطة منير سفير المطيري,95,RY025
2026-05-02,7258470131,32007.1,S133,شركة القوة المتجددة للوقود,95,RY075
2026-05-02,7258475299,33004.6,S132A,شركة النسيم الجديد المحدودة,95,MK007
2026-05-02,7258475291,33014.6,S132A,شركة النسيم الجديد المحدودة,95,MK007
2026-05-02,7258469932,33002.5,S132A,شركة النسيم الجديد المحدودة,ديزل,MK007
2026-05-02,7258469920,33001.7,S132A,شركة النسيم الجديد المحدودة,ديزل,MK007
2026-05-02,7258469919,32994.0,S132A,شركة النسيم الجديد المحدودة,ديزل,MK008
2026-05-02,7258469480,31994.2,S132A,شركة القوة المتجددة للوقود,91,MK005
2026-05-02,7258469479,32003.0,S132A,شركة القوة المتجددة للوقود,91,MK006
2026-05-02,7258469461,31996.8,S132A,شركة القوة المتجددة للوقود,91,MK035
2026-05-02,7258469460,31994.4,S132A,شركة القوة المتجددة للوقود,91,MK014
2026-05-02,7258469458,31994.1,S132A,شركة القوة المتجددة للوقود,91,MK054
2026-05-02,7258469456,31987.8,S132A,شركة القوة المتجددة للوقود,91,MK022
2026-05-02,7258469454,32001.1,S132A,شركة القوة المتجددة للوقود,91,MK001
2026-05-02,7258469389,32996.9,S132A,شركة النسيم الجديد المحدودة,91,MK072
2026-05-02,7258469387,33001.3,S132A,شركة النسيم الجديد المحدودة,91,MK031
2026-05-02,7258469385,33001.4,S132A,شركة النسيم الجديد المحدودة,91,MK003
2026-05-02,7258469382,33009.1,S132A,شركة النسيم الجديد المحدودة,91,MK018
2026-05-02,7258469381,33001.4,S132A,شركة النسيم الجديد المحدودة,91,MK016
2026-05-02,7258469378,33008.8,S132A,شركة النسيم الجديد المحدودة,91,MK003
2026-05-02,7258469376,33017.7,S132A,شركة النسيم الجديد المحدودة,91,MK003
2026-05-03,7258477280,31992.1,S132,شركة القوة المتجددة للوقود,ديزل,MK028
2026-05-03,7258476295,32003.5,S132,شركة القوة المتجددة للوقود,95,MK006
2026-05-03,7258476294,32004.5,S132,شركة القوة المتجددة للوقود,95,MK035
2026-05-03,7258476292,31993.6,S132,شركة القوة المتجددة للوقود,95,MK047
2026-05-03,7258468608,32992.7,S132,شركة النسيم الجديد المحدودة,95,MK003
2026-05-03,7258469773,31998.0,S091,Al-Nassar Transport Company,95,JA069
2026-05-03,7258470186,32001.3,S133,محطة منير سفير المطيري,ديزل,RY042
2026-05-03,7258470170,32197.8,S184,محطة منير سفير المطيري,91,RY024
2026-05-03,7258476775,31981.8,S132A,شركة القوة المتجددة للوقود,ديزل,MK022
2026-05-03,7258476771,32001.7,S132A,شركة القوة المتجددة للوقود,ديزل,MK047
2026-05-03,7258476770,32002.3,S132A,شركة القوة المتجددة للوقود,ديزل,MK014
2026-05-03,7258476753,33001.6,S132A,شركة النسيم الجديد المحدودة,91,MK007
2026-05-03,7258476740,32007.7,S132A,شركة القوة المتجددة للوقود,91,MK017
2026-05-03,7258476739,32002.1,S132A,شركة القوة المتجددة للوقود,91,MK005
2026-05-03,7258476737,32007.4,S132A,شركة أسطول النادر للنقليات شركة شخص واحد,91,MK033
2026-05-03,7258476733,31991.5,S132A,شركة القوة المتجددة للوقود,91,MK006
2026-05-03,7258476732,32002.0,S132A,شركة القوة المتجددة للوقود,91,MK063
2026-05-03,7258476720,32992.8,S132A,شركة النسيم الجديد المحدودة,91,MK023
2026-05-03,7258476717,32993.4,S132A,شركة النسيم الجديد المحدودة,91,MK029
2026-05-03,7258476715,33001.9,S132A,شركة النسيم الجديد المحدودة,91,MK007
2026-05-03,7258476712,33002.4,S132A,مؤسسة سامي بن سلمان بن عامر الصاعدي للنقليات,91,MK015
2026-05-03,7258476708,33001.5,S132A,شركة القوة المتجددة للوقود,91,MK054
2026-05-03,7258476704,33001.6,S132A,شركة النسيم الجديد المحدودة,91,MK007
2026-05-03,7258476694,32982.9,S132A,شركة النسيم الجديد المحدودة,91,MK084
2026-05-03,7258475541,33004.0,S132A,شركة النسيم الجديد المحدودة,95,MK007
2026-05-03,7258469512,33004.5,S132A,شركة النسيم الجديد المحدودة,95,MK003
2026-05-03,7258485159,33001.7,S132,شركة النسيم الجديد المحدودة,ديزل,MK008
2026-05-03,7258480292,32002.7,S132,شركة القوة المتجددة للوقود,ديزل,MK046
2026-05-03,7258478038,33005.4,S132,شركة النسيم الجديد المحدودة,95,MK020
2026-05-03,7258476293,31989.7,S132,شركة القوة المتجددة للوقود,95,MK054
2026-05-03,7258470189,31978.4,S133,شركة القوة المتجددة للوقود,ديزل,RY075
2026-05-03,7258476754,33002.0,S132A,شركة النسيم الجديد المحدودة,91,MK072
2026-05-03,7258469627,31989.8,S132A,شركة القوة المتجددة للوقود,95,MK017
2026-05-04,7258486504,31997.4,S132,شركة القوة المتجددة للوقود,91,MK093
2026-05-04,7258486498,32002.4,S132,شركة القوة المتجددة للوقود,91,MK005
2026-05-04,7258486493,31994.6,S132,شركة القوة المتجددة للوقود,91,MK046
2026-05-04,7258485519,31994.2,S132,شركة القوة المتجددة للوقود,ديزل,MK022
2026-05-04,7258487818,31998.0,S091,Al-Nassar Transport Company,95,JA041
2026-05-04,7258487859,31995.0,S091,Al-Nassar Transport Company,95,JA053
2026-05-04,7258486486,32003.8,S132,شركة القوة المتجددة للوقود,91,MK005
2026-05-04,7258487657,32030.0,S020,شركة ناقلين المحدودة,ديزل,JA061
2026-05-04,7258477363,31997.7,S142,مؤسسة مسار الطريق للنقليات,91,HA043
2026-05-04,7258483025,19958.4,S142,مؤسسة مسار الطريق للنقليات,91,HA043
2026-05-04,7258482748,31999.5,S133,محطة منير سفير المطيري,95,RY024
2026-05-04,7258477405,31999.5,S133,مؤسسة المصودع للنقليات,95,RY025
2026-05-04,7258477394,31980.9,S133,شركة القوة المتجددة للوقود,91,RY075
2026-05-04,7258487560,31999.0,S142,مؤسسة مسار الطريق للنقليات,ديزل,QS055
2026-05-04,7258494461,32002.7,S132,شركة القوة المتجددة للوقود,ديزل,MK047
2026-05-04,7258489434,32004.5,S132,شركة القوة المتجددة للوقود,95,MK028
2026-05-04,7258489435,32004.8,S132,شركة القوة المتجددة للوقود,95,BH050
2026-05-04,7258489438,32004.4,S132,شركة القوة المتجددة للوقود,95,MK046
2026-05-04,7258485629,32992.8,S132,شركة النسيم الجديد المحدودة,ديزل,MK007
2026-05-04,7258477222,31998.6,S132,شركة القوة المتجددة للوقود,95,MK063
2026-05-04,7258487883,31998.0,S091,Al-Nassar Transport Company,91,JA069
2026-05-04,7258487837,32000.0,S091,Al-Nassar Transport Company,95,JA069
2026-05-04,7258485683,32807.9,S132A,مؤسسة سامي بن سلمان بن عامر الصاعدي للنقليات,91,MK015
2026-05-04,7258485605,32001.5,S132A,شركة القوة المتجددة للوقود,ديزل,MK004
2026-05-04,7258485591,32001.5,S132A,شركة القوة المتجددة للوقود,ديزل,MK004
2026-05-04,7258485581,31993.4,S132A,شركة القوة المتجددة للوقود,ديزل,MK004
2026-05-04,7258485473,33002.0,S132A,شركة النسيم الجديد المحدودة,91,MK072
2026-05-04,7258485468,33002.6,S132A,شركة النسيم الجديد المحدودة,91,MK029
2026-05-04,7258485461,33002.1,S132A,شركة تزويد السعودية المحدودة,91,MK004
2026-05-04,7258485432,32009.2,S132A,شركة القوة المتجددة للوقود,91,MK001
2026-05-04,7258485427,32002.6,S132A,شركة القوة المتجددة للوقود,91,MK017
2026-05-04,7258485423,32001.7,S132A,شركة القوة المتجددة للوقود,91,MK033
2026-05-04,7258485419,31992.7,S132A,شركة القوة المتجددة للوقود,91,MK068
2026-05-04,7258485411,32015.7,S132A,شركة القوة المتجددة للوقود,91,MK006
2026-05-04,7258485382,33001.4,S132A,شركة النسيم الجديد المحدودة,91,MK002
2026-05-04,7258485368,32994.3,S132A,شركة النسيم الجديد المحدودة,91,MK003
2026-05-04,7258485358,33048.6,S132A,شركة النسيم الجديد المحدودة,91,MK003
2026-05-04,7258485352,32799.6,S132A,شركة النسيم الجديد المحدودة,91,MK008
2026-05-04,7258485343,32994.2,S132A,مؤسسة سامي بن سلمان بن عامر الصاعدي للنقليات,91,MK015
2026-05-04,7258485273,33003.2,S132A,شركة النسيم الجديد المحدودة,95,MK007
2026-05-04,7258485246,33004.1,S132A,مؤسسة سامي بن سلمان بن عامر الصاعدي للنقليات,95,MK015
2026-05-04,7258485233,33003.7,S132A,شركة تزويد السعودية المحدودة,95,MK004
2026-05-04,7258485223,32998.3,S132A,شركة القوة المتجددة للوقود,95,MK006
2026-05-04,7258485212,32004.8,S132A,شركة القوة المتجددة للوقود,95,MK005
2026-05-04,7258476169,33004.6,S132A,شركة القوة المتجددة للوقود,95,MK001
2026-05-04,7258476168,33005.0,S132A,شركة النسيم الجديد المحدودة,95,MK016
2026-05-04,7258469625,32002.9,S132A,شركة القوة المتجددة للوقود,95,MK022
2026-05-05,7258491836,32005.9,S037,شركة هال للنقليات,91,EP051
2026-05-05,7258482870,32020.1,S133,محطة منير سفير المطيري,ديزل,RY025
2026-05-05,7258482816,31995.6,S133,شركة القوة المتجددة للوقود,95,RY075
2026-05-05,7258503413,32018.0,S012,مؤسسة المصودع للنقليات,91,RY075
2026-05-05,7258503422,32018.0,S012,شركة عبر الوديعة للنقليات,91,RY042
2026-05-05,7258498624,31991.8,S132,شركة القوة المتجددة للوقود,ديزل,MK071
2026-05-05,7258498616,31992.7,S132,شركة القوة المتجددة للوقود,ديزل,MK014
2026-05-05,7258498611,32002.3,S132,شركة القوة المتجددة للوقود,ديزل,MK033
2026-05-05,7258495620,32004.1,S132,شركة القوة المتجددة للوقود,95,MK005
2026-05-05,7258495610,32001.9,S132,شركة أسطول النادر للنقليات شركة شخص واحد,95,MK007
2026-05-05,7258495600,32004.5,S132,شركة القوة المتجددة للوقود,95,MK017
2026-05-05,7258489461,32005.0,S183,شركة القوة المتجددة للوقود,95,MK068
2026-05-05,7258489462,32000.9,S183,شركة القوة المتجددة للوقود,95,MK015
2026-05-05,7258489463,32005.3,S183,شركة تزويد السعودية المحدودة,95,MK004
2026-05-05,7258497421,31994.0,S091,Al-Nassar Transport Company,95,AS153
2026-05-05,7258499324,33002.1,S132,شركة القوة المتجددة للوقود,95,MK035
2026-05-05,7258499314,31998.0,S132,شركة القوة المتجددة للوقود,95,MK046
2026-05-05,7258499293,32004.8,S132,شركة القوة المتجددة للوقود,95,MK047
2026-05-05,7258498798,31989.7,S132,شركة أسطول النادر للنقليات شركة شخص واحد,91,MK100
2026-05-05,7258497999,32001.7,S132,شركة القوة المتجددة للوقود,91,MK064
2026-05-05,7258498500,31998.0,S091,Al-Nassar Transport Company,91,JA053
2026-05-05,7258498509,31996.0,S091,Al-Nassar Transport Company,95,JA056
2026-05-05,7258498738,31994.0,S091,شركة ناقلين المحدودة,95,JA061
2026-05-05,7258498538,32030.0,S020,Al-Nassar Transport Company,ديزل,JA069
2026-05-05,7258504253,33004.6,S132A,مؤسسة سامي بن سلمان بن عامر الصاعدي للنقليات,95,MK015
2026-05-05,7258496109,31993.9,S132A,شركة القوة المتجددة للوقود,ديزل,MK031
2026-05-05,7258496071,33001.8,S132A,شركة أسطول النادر للنقليات شركة شخص واحد,ديزل,MK046
2026-05-05,7258495797,33001.4,S132A,شركة النسيم الجديد المحدودة,91,MK020
2026-05-05,7258495786,33020.6,S132A,شركة النسيم الجديد المحدودة,91,MK007
2026-05-05,7258495780,32989.2,S132A,شركة النسيم الجديد المحدودة,91,MK016
2026-05-05,7258495692,32002.3,S132A,شركة أسطول النادر للنقليات شركة شخص واحد,91,MK001
2026-05-05,7258495676,31992.6,S132A,شركة حسين زين العطاس وسعد عوض العصيمي وشركائهم,91,MK028
2026-05-05,7258495669,31828.1,S132A,شركة القوة المتجددة للوقود,91,MK046
2026-05-05,7258495659,31991.2,S132A,شركة حسين زين العطاس وسعد عوض العصيمي وشركائهم,91,MK035
2026-05-05,7258495644,32001.5,S132A,شركة القوة المتجددة للوقود,91,MK006
2026-05-05,7258495609,31899.0,S132A,شركة القوة المتجددة للوقود,91,MK047
2026-05-05,7258495341,33009.3,S132A,شركة النسيم الجديد المحدودة,91,MK020
2026-05-05,7258495335,32993.7,S132A,شركة النسيم الجديد المحدودة,91,MK007
2026-05-05,7258495329,32992.9,S132A,شركة النسيم الجديد المحدودة,91,MK003
2026-05-05,7258495327,32993.3,S132A,شركة النسيم الجديد المحدودة,91,MK003
2026-05-05,7258476182,31998.1,S132A,شركة أسطول النادر للنقليات شركة شخص واحد,95,MK071
2026-05-05,7258476179,31991.8,S132A,شركة القوة المتجددة للوقود,95,MK028
2026-05-05,7258476171,32991.0,S132A,شركة النسيم الجديد المحدودة,95,MK003
2026-05-05,7258474841,33002.3,S132A,شركة النسيم الجديد المحدودة,95,MK003
2026-05-05,7258474785,32997.3,S132A,شركة النسيم الجديد المحدودة,95,MK008
2026-05-05,7258474768,32989.4,S132A,شركة النسيم الجديد المحدودة,95,MK019
2026-05-05,7258474739,33004.1,S132A,شركة النسيم الجديد المحدودة,95,MK003
2026-05-05,7258469623,31995.9,S132A,شركة القوة المتجددة للوقود,95,MK033
2026-05-06,7258487518,31998.5,S133,محطة منير سفير المطيري,95,RY024
2026-05-06,7258499029,31995.4,S133,شركة القوة المتجددة للوقود,95,RY075
2026-05-06,7258512553,32018.0,S012,محطة منير سفير المطيري,91,RY025
2026-05-06,7258509867,32019.0,S012,مؤسسة المصودع للنقليات,91,RY024
2026-05-06,7258509847,32021.0,S012,شركة القوة المتجددة للوقود,91,RY075
2026-05-06,7258498178,33004.6,S183,شركة النسيم الجديد المحدودة,95,MK007
2026-05-06,7258498145,33004.9,S183,شركة النسيم الجديد المحدودة,95,MK029
2026-05-06,7258498085,32004.3,S183,شركة القوة المتجددة للوقود,95,MK047
2026-05-06,7258507057,33003.7,S132,مؤسسة سامي بن سلمان بن عامر الصاعدي للنقليات,95,MK014
2026-05-06,7258507054,32005.7,S132,شركة القوة المتجددة للوقود,95,MK063
2026-05-06,7258507046,32004.6,S132,شركة القوة المتجددة للوقود,95,MK064
2026-05-06,7258505899,32001.4,S132,شركة القوة المتجددة للوقود,ديزل,MK031
2026-05-06,7258497956,31999.0,S183,شركة تزويد السعودية المحدودة,95,MK004
2026-05-06,7258498111,32000.5,S183,شركة القوة المتجددة للوقود,95,MK015
2026-05-06,7258507052,32004.1,S132,شركة القوة المتجددة للوقود,95,MK099
2026-05-06,7258506915,33002.2,S132,شركة النسيم الجديد المحدودة,ديزل,MK008
2026-05-06,7258506836,32992.4,S132,شركة أسطول النادر للنقليات شركة شخص واحد,ديزل,MK035
2026-05-06,7258507411,32978.5,S132A,شركة القوة المتجددة للوقود,91,MK072
2026-05-06,7258507398,32001.7,S132A,شركة القوة المتجددة للوقود,91,MK005
2026-05-06,7258507389,32001.2,S132A,شركة القوة المتجددة للوقود,91,MK063
2026-05-06,7258507045,32002.7,S132A,شركة القوة المتجددة للوقود,ديزل,MK014
2026-05-06,7258506927,31993.2,S132A,شركة القوة المتجددة للوقود,91,MK099
2026-05-06,7258506922,32001.7,S132A,شركة القوة المتجددة للوقود,91,MK017
2026-05-06,7258506916,31992.5,S132A,شركة القوة المتجددة للوقود,91,MK047
2026-05-06,7258506908,31993.6,S132A,شركة القوة المتجددة للوقود,91,MK001
2026-05-06,7258506815,33001.8,S132A,شركة النسيم الجديد المحدودة,91,MK023
2026-05-06,7258506804,33014.6,S132A,شركة النسيم الجديد المحدودة,91,MK008
2026-05-06,7258506798,33008.0,S132A,شركة النسيم الجديد المحدودة,91,MK018
2026-05-06,7258506794,32993.0,S132A,شركة النسيم الجديد المحدودة,91,MK029
2026-05-06,7258506787,33003.3,S132A,شركة القوة المتجددة للوقود,91,MK068
2026-05-06,7258506784,32992.7,S132A,مؤسسة سامي بن سلمان بن عامر الصاعدي للنقليات,91,MK071
2026-05-06,7258506775,32992.9,S132A,شركة النسيم الجديد المحدودة,91,MK016
2026-05-06,7258506707,32993.5,S132A,شركة النسيم الجديد المحدودة,ديزل,MK008
2026-05-06,7258506705,33002.0,S132A,شركة أسطول النادر للنقليات شركة شخص واحد,ديزل,MK064
2026-05-06,7258483878,33004.7,S132A,شركة النسيم الجديد المحدودة,95,MK003
2026-05-06,7258483877,33002.7,S132A,شركة النسيم الجديد المحدودة,95,MK003
2026-05-06,7258483876,32998.5,S132A,شركة تزويد السعودية المحدودة,95,MK004
2026-05-06,7258483875,33003.7,S132A,شركة النسيم الجديد المحدودة,95,MK072
2026-05-06,7258476184,32004.3,S132A,شركة القوة المتجددة للوقود,95,MK001
2026-05-06,7258474847,33005.1,S132A,شركة القوة المتجددة للوقود,95,MK005
2026-05-06,7258474845,33001.9,S132A,شركة النسيم الجديد المحدودة,95,MK031
2026-05-06,7258474843,32998.7,S132A,شركة النسيم الجديد المحدودة,95,MK016
2026-05-06,7258474842,33001.7,S132A,شركة النسيم الجديد المحدودة,95,MK002
2026-05-06,7258469517,33004.9,S132A,شركة النسيم الجديد المحدودة,95,MK003
2026-05-07,7258509905,32004.6,S133,محطة منير سفير المطيري,91,RY025
2026-05-07,7258509830,31979.3,S133,شركة القوة المتجددة للوقود,91,RY075
2026-05-07,7258506235,32015.2,S133,شركة القوة المتجددة للوقود,ديزل,RY042
2026-05-07,7258516438,33004.6,S183,شركة النسيم الجديد المحدودة,95,MK007
2026-05-07,7258516023,31992.5,S132,شركة القوة المتجددة للوقود,ديزل,MK046
2026-05-07,7258518289,33001.6,S132,شركة النسيم الجديد المحدودة,ديزل,MK007
2026-05-07,7258520509,32001.0,S091,Al-Nassar Transport Company,91,JA041
2026-05-07,7258520301,31998.0,S091,Al-Nassar Transport Company,91,JA069
2026-05-07,7258520299,31996.0,S091,Al-Nassar Transport Company,91,JA056
2026-05-07,7258520297,31999.0,S091,شركة ناقلين المحدودة,91,JA061
2026-05-07,7258520631,32027.0,S020,Al-Nassar Transport Company,ديزل,AS153
2026-05-07,7258520791,32992.9,S132,شركة النسيم الجديد المحدودة,95,MK020
2026-05-07,7258520797,33003.4,S132,شركة النسيم الجديد المحدودة,95,MK084
2026-05-07,7258518662,32001.8,S132,شركة القوة المتجددة للوقود,ديزل,MK029
2026-05-07,7258518654,31994.1,S132,شركة القوة المتجددة للوقود,ديزل,MK099
2026-05-07,7258518645,32001.8,S132,شركة القوة المتجددة للوقود,ديزل,MK014
2026-05-07,7258518640,32002.1,S132,شركة القوة المتجددة للوقود,ديزل,MK100
2026-05-07,7258518634,32002.1,S132,شركة القوة المتجددة للوقود,ديزل,MK004
2026-05-07,7258518624,31992.7,S132,شركة القوة المتجددة للوقود,ديزل,MK004
2026-05-07,7258520647,31998.0,S091,Al-Nassar Transport Company,95,JA069
2026-05-07,7258519229,33001.9,S132A,مؤسسة سامي بن سلمان بن عامر الصاعدي للنقليات,91,MK015
2026-05-07,7258519224,33008.0,S132A,مؤسسة سامي بن سلمان بن عامر الصاعدي للنقليات,91,MK071
2026-05-07,7258519197,31992.5,S132A,شركة القوة المتجددة للوقود,91,MK093
2026-05-07,7258519189,32001.9,S132A,شركة القوة المتجددة للوقود,91,MK004
2026-05-07,7258519181,31977.6,S132A,شركة تزويد السعودية المحدودة,91,MK004
2026-05-07,7258519172,31991.5,S132A,شركة القوة المتجددة للوقود,91,MK046
2026-05-07,7258519166,31996.9,S132A,شركة القوة المتجددة للوقود,91,MK017
2026-05-07,7258518808,32988.8,S132A,شركة النسيم الجديد المحدودة,91,MK019
2026-05-07,7258518803,33001.5,S132A,شركة النسيم الجديد المحدودة,91,MK003
2026-05-07,7258518791,33001.7,S132A,شركة النسيم الجديد المحدودة,91,MK003
2026-05-07,7258518779,33001.5,S132A,شركة النسيم الجديد المحدودة,91,MK020
2026-05-07,7258518766,33001.5,S132A,شركة النسيم الجديد المحدودة,91,MK007
2026-05-07,7258518753,32991.8,S132A,مؤسسة سامي بن سلمان بن عامر الصاعدي للنقليات,91,MK015
2026-05-07,7258518076,32001.5,S132A,شركة القوة المتجددة للوقود,ديزل,MK047
2026-05-07,7258518073,31992.9,S132A,شركة القوة المتجددة للوقود,ديزل,MK033
2026-05-07,7258518072,32002.2,S132A,شركة القوة المتجددة للوقود,ديزل,MK064
2026-05-07,7258492914,32991.4,S132A,شركة النسيم الجديد المحدودة,95,MK029
2026-05-07,7258492904,32002.5,S132A,شركة القوة المتجددة للوقود,95,MK001
2026-05-07,7258492894,32122.8,S132A,شركة القوة المتجددة للوقود,95,MK006
2026-05-07,7258476200,32004.8,S132A,شركة القوة المتجددة للوقود,95,MK046
2026-05-07,7258476198,32004.6,S132A,شركة القوة المتجددة للوقود,95,MK093
2026-05-07,7258476197,31992.9,S132A,شركة القوة المتجددة للوقود,95,MK015
2026-05-07,7258476196,31990.0,S132A,شركة القوة المتجددة للوقود,95,MK033
2026-05-07,7258474849,32998.5,S132A,شركة النسيم الجديد المحدودة,95,MK007
2026-05-07,7258474848,33002.3,S132A,شركة النسيم الجديد المحدودة,95,MK003
2026-05-07,7258469516,33005.0,S132A,شركة النسيم الجديد المحدودة,95,MK008
2026-05-08,7258532064,33001.5,S132,شركة النسيم الجديد المحدودة,ديزل,MK008
2026-05-08,7258531630,32999.2,S132,شركة النسيم الجديد المحدودة,95,MK003
2026-05-08,7258531632,32992.0,S132,شركة النسيم الجديد المحدودة,95,MK020
2026-05-08,7258531996,31995.0,S091,Al-Nassar Transport Company,95,JA041
2026-05-08,7258522137,32001.0,S091,Al-Nassar Transport Company,91,AS153
2026-05-08,7258532041,32029.3,S020,شركة ناقلين المحدودة,ديزل,JA061
2026-05-08,7258510138,32002.8,S032,شركة هال للنقليات,95,EP051
2026-05-08,7258531501,31983.0,S032,شركة هال للنقليات,91,EP051
2026-05-08,7258531628,32003.8,S132A,شركة القوة المتجددة للوقود,95,MK047
2026-05-08,7258531343,32001.6,S132A,شركة القوة المتجددة للوقود,91,MK063
2026-05-08,7258531333,32037.2,S132A,شركة القوة المتجددة للوقود,91,MK035
2026-05-08,7258531323,32008.4,S132A,شركة القوة المتجددة للوقود,91,MK001
2026-05-08,7258531309,31992.4,S132A,شركة القوة المتجددة للوقود,91,MK047
2026-05-08,7258531304,31857.6,S132A,شركة القوة المتجددة للوقود,91,MK006
2026-05-08,7258531301,32001.5,S132A,شركة القوة المتجددة للوقود,91,MK028
2026-05-08,7258531296,31991.9,S132A,شركة القوة المتجددة للوقود,91,MK005
2026-05-08,7258531254,32978.7,S132A,شركة النسيم الجديد المحدودة,91,MK003
2026-05-08,7258531252,33001.4,S132A,شركة النسيم الجديد المحدودة,91,MK007
2026-05-08,7258531210,32973.7,S132A,شركة النسيم الجديد المحدودة,91,MK008
2026-05-08,7258531207,32993.8,S132A,شركة النسيم الجديد المحدودة,91,MK031
2026-05-08,7258531205,33001.3,S132A,مؤسسة سامي بن سلمان بن عامر الصاعدي للنقليات,91,MK015
2026-05-08,7258531202,33002.6,S132A,شركة النسيم الجديد المحدودة,91,MK002
2026-05-08,7258531198,33000.5,S132A,شركة تزويد السعودية المحدودة,91,MK004
2026-05-08,7258531563,32005.3,S132A,شركة القوة المتجددة للوقود,95,MK054
2026-05-08,7258531545,32002.4,S132A,شركة القوة المتجددة للوقود,ديزل,MK047
2026-05-08,7258531540,32003.0,S132A,شركة القوة المتجددة للوقود,ديزل,MK046
2026-05-08,7258531537,31993.9,S132A,شركة القوة المتجددة للوقود,ديزل,MK029
2026-05-08,7258484988,32005.1,S132A,شركة تزويد السعودية المحدودة,95,MK004
2026-05-08,7258484955,32992.5,S132A,شركة النسيم الجديد المحدودة,95,MK003
2026-05-08,7258484951,33004.3,S132A,شركة النسيم الجديد المحدودة,95,MK008
2026-05-08,7258484947,33000.3,S132A,شركة النسيم الجديد المحدودة,95,MK007
2026-05-08,7258484946,33004.2,S132A,شركة النسيم الجديد المحدودة,95,MK029
2026-05-08,7258484943,33004.7,S132A,شركة النسيم الجديد المحدودة,95,MK023
2026-05-08,7258484933,32998.9,S132A,شركة النسيم الجديد المحدودة,95,MK016
2026-05-08,7258518514,31994.4,S133,شركة القوة المتجددة للوقود,91,RY075
2026-05-08,7258510225,32015.9,S133,شركة القوة المتجددة للوقود,ديزل,RY075
2026-05-08,7258509933,32004.9,S133,مؤسسة المصودع للنقليات,91,RY042
2026-05-08,7258508401,32003.9,S133,مؤسسة المصودع للنقليات,95,RY025
2026-05-08,7258499072,31994.8,S133,شركة القوة المتجددة للوقود,95,RY075
2026-05-08,7258527057,32001.7,S142,مؤسسة مسار الطريق للنقليات,95,QS055
2026-05-08,7258539107,31980.3,S132,شركة القوة المتجددة للوقود,91,MK022
2026-05-08,7258516138,31998.0,S132,شركة القوة المتجددة للوقود,95,MK017
2026-05-08,7258532661,32997.4,S132,شركة القوة المتجددة للوقود,95,MK028
2026-05-08,7258532660,32999.6,S132,شركة القوة المتجددة للوقود,95,MK005
2026-05-08,7258469515,33003.7,S132A,شركة النسيم الجديد المحدودة,95,MK029
2026-05-09,7258539122,32993.2,S132A,شركة النسيم الجديد المحدودة,ديزل,MK008
2026-05-09,7258539106,32002.4,S132A,شركة القوة المتجددة للوقود,ديزل,MK072
2026-05-09,7258539104,31995.1,S132A,شركة القوة المتجددة للوقود,ديزل,MK004
2026-05-09,7258539083,33001.4,S132A,شركة القوة المتجددة للوقود,91,MK022
2026-05-09,7258539080,33008.8,S132A,شركة النسيم الجديد المحدودة,91,MK008
2026-05-09,7258539042,32001.6,S132A,شركة القوة المتجددة للوقود,91,MK054
2026-05-09,7258539041,31992.6,S132A,شركة القوة المتجددة للوقود,91,MK046
2026-05-09,7258539037,31992.7,S132A,شركة القوة المتجددة للوقود,91,MK006
2026-05-09,7258532280,33008.7,S132A,مؤسسة سامي بن سلمان بن عامر الصاعدي للنقليات,91,MK015
2026-05-09,7258532275,33009.7,S132A,شركة النسيم الجديد المحدودة,91,MK007
2026-05-09,7258532271,32988.8,S132A,شركة النسيم الجديد المحدودة,91,MK020
2026-05-09,7258532267,33001.7,S132A,شركة النسيم الجديد المحدودة,91,MK016
2026-05-09,7258532260,33001.5,S132A,شركة النسيم الجديد المحدودة,91,MK003
2026-05-09,7258532252,33007.3,S132A,شركة النسيم الجديد المحدودة,91,MK003
2026-05-09,7258532248,33008.6,S132A,شركة النسيم الجديد المحدودة,91,MK029
2026-05-09,7258532243,33001.4,S132A,شركة النسيم الجديد المحدودة,91,MK072
2026-05-09,7258532239,33001.6,S132A,شركة القوة المتجددة للوقود,91,MK047
2026-05-09,7258485064,33000.6,S132A,شركة القوة المتجددة للوقود,95,MK047
2026-05-09,7258485061,32991.0,S132A,شركة النسيم الجديد المحدودة,95,MK084
2026-05-09,7258485056,33004.9,S132A,شركة النسيم الجديد المحدودة,95,MK003
2026-05-09,7258485052,32993.1,S132A,شركة تزويد السعودية المحدودة,95,MK004
2026-05-09,7258485045,33004.9,S132A,شركة أسطول النادر للنقليات شركة شخص واحد,95,MK006
2026-05-09,7258485041,32991.1,S132A,شركة النسيم الجديد المحدودة,95,MK007
2026-05-09,7258485003,31993.7,S132A,شركة القوة المتجددة للوقود,95,MK064
2026-05-09,7258484999,31991.2,S132A,شركة القوة المتجددة للوقود,95,MK063
2026-05-09,7258484993,32002.0,S132A,شركة القوة المتجددة للوقود,95,MK005
2026-05-09,7258537747,32068.2,S142,مؤسسة مسار الطريق للنقليات,91,QS055
2026-05-09,7258530919,32015.0,S133,مؤسسة المصودع للنقليات,91,RY025
2026-05-09,7258527866,32003.8,S142,مؤسسة مسار الطريق للنقليات,ديزل,QS055
2026-05-09,7258531009,32009.8,S184,مؤسسة المصودع للنقليات,95,RY075
2026-05-09,7258540004,31994.7,S132,شركة القوة المتجددة للوقود,ديزل,MK063
2026-05-09,7258540067,32001.2,S132,شركة القوة المتجددة للوقود,ديزل,MK068
2026-05-09,7258540086,33002.5,S132,شركة النسيم الجديد المحدودة,ديزل,MK007
2026-05-09,7258532020,31997.0,S091,Al-Nassar Transport Company,95,JA069
2026-05-09,7258539934,31993.0,S091,Al-Nassar Transport Company,95,AS153
2026-05-09,7258539937,31997.0,S091,Al-Nassar Transport Company,95,JA053
2026-05-09,7258539864,32008.2,S183,شركة القوة المتجددة للوقود,95,MK017
2026-05-09,7258539896,32000.5,S183,شركة القوة المتجددة للوقود,95,MK068
2026-05-09,7258540003,32002.1,S132,شركة القوة المتجددة للوقود,ديزل,MK035
2026-05-09,7258545858,32001.0,S132,شركة القوة المتجددة للوقود,ديزل,MK033
2026-05-09,7258469513,32991.3,S132A,شركة النسيم الجديد المحدودة,95,MK023
2026-05-10,7258546048,33003.5,S132A,شركة النسيم الجديد المحدودة,91,MK007
2026-05-10,7258546044,32001.5,S132A,شركة القوة المتجددة للوقود,91,MK006
2026-05-10,7258545970,32992.4,S132A,شركة النسيم الجديد المحدودة,91,MK003
2026-05-10,7258545930,33001.9,S132A,شركة النسيم الجديد المحدودة,91,MK003
2026-05-10,7258545736,33001.8,S132A,شركة النسيم الجديد المحدودة,91,MK084
2026-05-10,7258545730,33009.0,S132A,شركة القوة المتجددة للوقود,91,MK005
2026-05-10,7258545682,32001.5,S132A,شركة القوة المتجددة للوقود,91,MK028
2026-05-10,7258545675,33003.1,S132A,مؤسسة سامي بن سلمان بن عامر الصاعدي للنقليات,91,MK015
2026-05-10,7258545650,32002.4,S132A,شركة القوة المتجددة للوقود,ديزل,MK054
2026-05-10,7258545649,32002.7,S132A,شركة القوة المتجددة للوقود,ديزل,MK046
2026-05-10,7258545645,32003.3,S132A,شركة القوة المتجددة للوقود,ديزل,MK014
2026-05-10,7258531049,32005.3,S133,محطة منير سفير المطيري,95,RY042
2026-05-10,7258546138,32017.0,S012,محطة منير سفير المطيري,91,RY024
2026-05-10,7258545709,32001.0,S091,Al-Nassar Transport Company,91,JA069
2026-05-10,7258545710,31999.0,S091,Al-Nassar Transport Company,91,AS153
2026-05-10,7258546079,33001.4,S132,شركة النسيم الجديد المحدودة,ديزل,MK008
2026-05-10,7258546101,32993.5,S132,شركة النسيم الجديد المحدودة,ديزل,MK008
2026-05-10,7258539546,31993.9,S132,شركة القوة المتجددة للوقود,ديزل,MK033
2026-05-10,7258545734,31986.0,S032,شركة هال للنقليات,91,EP051
2026-05-10,7258556465,33001.5,S132,شركة النسيم الجديد المحدودة,ديزل,MK008
2026-05-10,7258556623,31992.1,S132,شركة القوة المتجددة للوقود,95,MK035
2026-05-10,7258546050,31993.1,S132,شركة القوة المتجددة للوقود,ديزل,MK033
2026-05-10,7258510177,31985.5,S133,شركة القوة المتجددة للوقود,91,RY075
2026-05-10,7258510400,32005.4,S133,مؤسسة المصودع للنقليات,95,RY075
2026-05-10,7258530980,32015.2,S133,شركة القوة المتجددة للوقود,ديزل,RY024
2026-05-10,7258531034,32001.6,S133,مؤسسة المصودع للنقليات,91,RY042
2026-05-10,7258540411,32001.4,S142,مؤسسة مسار الطريق للنقليات,95,HA043
2026-05-10,7258546017,33001.6,S132A,مؤسسة سامي بن سلمان بن عامر الصاعدي للنقليات,91,MK015
2026-05-10,7258545996,32001.7,S132A,شركة القوة المتجددة للوقود,91,MK063
2026-05-10,7258545914,33001.3,S132A,شركة النسيم الجديد المحدودة,91,MK072
2026-05-10,7258545760,33001.6,S132A,شركة القوة المتجددة للوقود,91,MK046
2026-05-10,7258545687,32001.9,S132A,شركة القوة المتجددة للوقود,91,MK068
2026-05-10,7258545600,33013.4,S132A,شركة النسيم الجديد المحدودة,91,MK029
2026-05-10,7258485150,32004.3,S132A,شركة القوة المتجددة للوقود,95,MK063
2026-05-10,7258485148,32109.1,S132A,شركة القوة المتجددة للوقود,95,MK006
2026-05-10,7258485146,31992.9,S132A,شركة القوة المتجددة للوقود,95,MK046
2026-05-10,7258485114,32990.6,S132A,مؤسسة سامي بن سلمان بن عامر الصاعدي للنقليات,95,MK015
2026-05-10,7258485113,32993.3,S132A,شركة أسطول النادر للنقليات شركة شخص واحد,95,MK028
2026-05-10,7258485112,32997.5,S132A,شركة النسيم الجديد المحدودة,95,MK003
2026-05-10,7258485111,33004.7,S132A,شركة النسيم الجديد المحدودة,95,MK003
2026-05-10,7258485109,33003.9,S132A,شركة النسيم الجديد المحدودة,95,MK029
2026-05-10,7258485108,32992.7,S132A,شركة القوة المتجددة للوقود,95,MK100
2026-05-10,7258469628,32003.6,S132A,شركة النسيم الجديد المحدودة,95,MK072
2026-05-11,7258557455,31993.2,S132,شركة القوة المتجددة للوقود,ديزل,MK046
2026-05-11,7258557453,32015.8,S132,شركة القوة المتجددة للوقود,ديزل,MK004
2026-05-11,7258557442,31994.5,S132,شركة القوة المتجددة للوقود,ديزل,MK054
2026-05-11,7258556487,32992.2,S132,شركة تزويد السعودية المحدودة,95,MK004
2026-05-11,7258558886,32031.6,S020,Al-Nassar Transport Company,ديزل,JA053
2026-05-11,7258558123,33015.9,S132,شركة النسيم الجديد المحدودة,95,MK007
2026-05-11,7258566671,33003.9,S132,مؤسسة سامي بن سلمان بن عامر الصاعدي للنقليات,95,MK015
2026-05-11,7258557477,32989.0,S132,شركة النسيم الجديد المحدودة,91,MK003
2026-05-11,7258555829,31993.0,S132,مؤسسة سامي بن سلمان بن عامر الصاعدي للنقليات,ديزل,MK014
2026-05-11,7258566956,32991.6,S132,شركة حسين زين العطاس وسعد عوض العصيمي وشركائهم,91,MK100
2026-05-11,7258558127,33004.5,S132,شركة تزويد السعودية المحدودة,95,MK005
2026-05-11,7258557634,31994.4,S132,شركة القوة المتجددة للوقود,ديزل,MK068
2026-05-11,7258563500,32001.0,S091,Al-Nassar Transport Company,95,JA041
2026-05-11,7258565395,32000.0,S091,Al-Nassar Transport Company,95,AS153
2026-05-11,7258527160,32004.5,S142,مؤسسة مسار الطريق للنقليات,91,HA043
2026-05-11,7258546169,32004.6,S133,مؤسسة المصودع للنقليات,95,RY025
2026-05-11,7258531087,31985.7,S133,شركة القوة المتجددة للوقود,91,RY075
2026-05-11,7258564722,32992.6,S132A,شركة أسطول النادر للنقليات شركة شخص واحد,91,MK064
2026-05-11,7258564505,33003.3,S132A,شركة النسيم الجديد المحدودة,91,MK072
2026-05-11,7258564234,32976.9,S132A,شركة النسيم الجديد المحدودة,91,MK008
2026-05-11,7258562619,32009.4,S132A,شركة أسطول النادر للنقليات شركة شخص واحد,95,MK020
2026-05-11,7258557330,31992.5,S132A,شركة القوة المتجددة للوقود,ديزل,MK018
2026-05-11,7258557317,33001.9,S132A,شركة النسيم الجديد المحدودة,91,MK019
2026-05-11,7258557313,33001.6,S132A,مؤسسة سامي بن سلمان بن عامر الصاعدي للنقليات,91,MK015
2026-05-11,7258557310,32994.1,S132A,شركة النسيم الجديد المحدودة,91,MK003
2026-05-11,7258557265,31980.4,S132A,شركة القوة المتجددة للوقود,91,MK035
2026-05-11,7258557249,32001.7,S132A,شركة القوة المتجددة للوقود,91,MK064
2026-05-11,7258557241,31992.0,S132A,شركة القوة المتجددة للوقود,91,MK093
2026-05-11,7258557234,31940.0,S132A,شركة القوة المتجددة للوقود,91,MK004
2026-05-11,7258557229,31992.7,S132A,شركة القوة المتجددة للوقود,91,MK046
2026-05-11,7258557225,31991.4,S132A,شركة تزويد السعودية المحدودة,91,MK004
2026-05-11,7258557218,32007.3,S132A,شركة القوة المتجددة للوقود,91,MK005
2026-05-11,7258557210,31774.6,S132A,شركة القوة المتجددة للوقود,91,MK017
2026-05-11,7258557201,32001.6,S132A,شركة القوة المتجددة للوقود,91,MK023
2026-05-11,7258557194,31992.0,S132A,شركة القوة المتجددة للوقود,91,MK001
2026-05-11,7258556863,33004.1,S132A,شركة النسيم الجديد المحدودة,95,MK007
2026-05-11,7258556861,32991.4,S132A,مؤسسة سامي بن سلمان بن عامر الصاعدي للنقليات,95,MK071
2026-05-11,7258556779,32993.5,S132A,شركة النسيم الجديد المحدودة,ديزل,MK007
2026-05-11,7258556770,32993.7,S132A,شركة النسيم الجديد المحدودة,ديزل,MK008
2026-05-11,7258505630,32997.5,S132A,شركة النسيم الجديد المحدودة,95,MK003
2026-05-11,7258505629,32992.5,S132A,شركة النسيم الجديد المحدودة,95,MK008
2026-05-11,7258505628,32992.8,S132A,شركة النسيم الجديد المحدودة,95,MK018
2026-05-11,7258505627,33002.1,S132A,شركة القوة المتجددة للوقود,95,MK022
2026-05-11,7258505626,33004.2,S132A,شركة النسيم الجديد المحدودة,95,MK072
2026-05-11,7258505625,33003.6,S132A,شركة القوة المتجددة للوقود,95,MK001
2026-05-12,7258567887,32001.6,S132,شركة القوة المتجددة للوقود,91,MK001
2026-05-12,7258567878,32025.5,S132,شركة القوة المتجددة للوقود,91,MK033
2026-05-12,7258567870,31993.0,S132,شركة حسين زين العطاس وسعد عوض العصيمي وشركائهم,91,MK014
2026-05-12,7258565730,31991.4,S132,شركة القوة المتجددة للوقود,ديزل,MK004
2026-05-12,7258565729,31993.0,S132,شركة القوة المتجددة للوقود,ديزل,MK033
2026-05-12,7258565727,32002.6,S132,شركة القوة المتجددة للوقود,ديزل,MK084
2026-05-12,7258565726,31995.5,S132,شركة القوة المتجددة للوقود,ديزل,MK047
2026-05-12,7258565356,32990.1,S132,شركة أسطول النادر للنقليات شركة شخص واحد,95,MK068
2026-05-12,7258569141,32992.9,S132,شركة النسيم الجديد المحدودة,ديزل,MK007
2026-05-12,7258567884,31994.2,S132,شركة القوة المتجددة للوقود,91,MK047
2026-05-12,7258566779,33004.3,S183,شركة النسيم الجديد المحدودة,95,MK019
2026-05-12,7258567939,33009.8,S183,شركة حسين زين العطاس وسعد عوض العصيمي وشركائهم,95,MK003
2026-05-12,7258567863,32001.0,S091,Al-Nassar Transport Company,95,JA069
2026-05-12,7258567847,31997.0,S091,Al-Nassar Transport Company,91,JA053
2026-05-12,7258567227,31998.0,S091,Al-Nassar Transport Company,91,JA041
2026-05-12,7258567192,32004.0,S091,Al-Nassar Transport Company,91,AS153
2026-05-12,7258566957,31994.0,S091,شركة ناقلين المحدودة,95,JA061
2026-05-12,7258531073,32084.8,S133,محطة منير سفير المطيري,95,RY024
2026-05-12,7258540447,32013.6,S184,محطة منير سفير المطيري,91,RY025
2026-05-12,7258555749,31994.8,S133,شركة القوة المتجددة للوقود,95,RY075
2026-05-12,7258567824,32001.3,S132A,شركة القوة المتجددة للوقود,91,BH050
2026-05-12,7258567819,32001.4,S132A,شركة القوة المتجددة للوقود,91,MK006
2026-05-12,7258567815,32003.8,S132A,شركة القوة المتجددة للوقود,91,MK063
2026-05-12,7258567767,32990.7,S132A,شركة حسين زين العطاس وسعد عوض العصيمي وشركائهم,91,MK099
2026-05-12,7258567765,32992.6,S132A,شركة القوة المتجددة للوقود,91,MK005
2026-05-12,7258567757,33008.8,S132A,شركة أسطول النادر للنقليات شركة شخص واحد,91,MK028
2026-05-12,7258567754,32993.3,S132A,شركة القوة المتجددة للوقود,91,MK005
2026-05-12,7258567752,32992.1,S132A,شركة النسيم الجديد المحدودة,91,MK007
2026-05-12,7258567746,33001.7,S132A,شركة النسيم الجديد المحدودة,91,MK018
2026-05-12,7258567738,32994.9,S132A,مؤسسة سامي بن سلمان بن عامر الصاعدي للنقليات,91,MK071
2026-05-12,7258565479,32017.5,S132A,شركة القوة المتجددة للوقود,ديزل,MK047
2026-05-12,7258565470,33001.4,S132A,شركة النسيم الجديد المحدودة,ديزل,MK008
2026-05-12,7258565441,32992.3,S132A,شركة النسيم الجديد المحدودة,ديزل,MK008
2026-05-12,7258556955,32004.8,S132A,شركة تزويد السعودية المحدودة,95,MK028
2026-05-12,7258556929,32004.0,S132A,شركة القوة المتجددة للوقود,95,MK035
2026-05-12,7258556928,32004.5,S132A,شركة حسين زين العطاس وسعد عوض العصيمي وشركائهم,95,MK093
2026-05-12,7258514561,32993.2,S132A,شركة القوة المتجددة للوقود,95,MK005
2026-05-12,7258514550,33003.7,S132A,شركة النسيم الجديد المحدودة,95,MK020
2026-05-12,7258514538,33007.3,S132A,شركة النسيم الجديد المحدودة,95,MK003
2026-05-12,7258566333,32002.7,S037,شركة هال للنقليات,95,EP051
2026-05-12,7258574809,33004.1,S132,شركة حسين زين العطاس وسعد عوض العصيمي وشركائهم,95,MK046
2026-05-12,7258574840,33004.6,S132,شركة حسين زين العطاس وسعد عوض العصيمي وشركائهم,95,MK099
2026-05-12,7258575030,32998.5,S132,شركة تزويد السعودية المحدودة,95,MK004
2026-05-12,7258569122,33001.6,S132,شركة أسطول النادر للنقليات شركة شخص واحد,91,MK004
2026-05-12,7258568732,31993.5,S132,شركة القوة المتجددة للوقود,ديزل,MK004
2026-05-12,7258568669,31991.4,S132,شركة القوة المتجددة للوقود,ديزل,MK093
2026-05-12,7258568658,32001.0,S132,شركة عبر الوديعة للنقليات,ديزل,MK014
2026-05-12,7258568545,31994.4,S132,شركة القوة المتجددة للوقود,95,MK047
2026-05-12,7258568420,33003.4,S132,شركة النسيم الجديد المحدودة,95,MK007
2026-05-12,7258567872,31988.0,S132,شركة القوة المتجددة للوقود,91,MK022
2026-05-12,7258569185,32001.8,S132,شركة القوة المتجددة للوقود,ديزل,MK071
2026-05-12,7258569160,33002.3,S132,شركة النسيم الجديد المحدودة,ديزل,MK008
2026-05-12,7258569153,33001.8,S132,شركة النسيم الجديد المحدودة,ديزل,MK008
2026-05-13,7258567857,31997.0,S091,Al-Nassar Transport Company,91,JA069
2026-05-13,7258579154,31999.0,S091,Al-Nassar Transport Company,91,JA060
2026-05-13,7258577523,33000.8,S183,شركة النسيم الجديد المحدودة,95,MK002
2026-05-13,7258577528,32953.0,S183,شركة النسيم الجديد المحدودة,95,MK023
2026-05-13,7258577539,33003.9,S183,شركة النسيم الجديد المحدودة,95,MK016
2026-05-13,7258579048,32001.7,S132,شركة حسين زين العطاس وسعد عوض العصيمي وشركائهم,ديزل,MK046
2026-05-13,7258579053,32002.6,S132,شركة القوة المتجددة للوقود,ديزل,MK004
2026-05-13,7258579075,31992.8,S132,شركة القوة المتجددة للوقود,ديزل,MK029
2026-05-13,7258579081,31995.1,S132,شركة القوة المتجددة للوقود,ديزل,MK033
2026-05-13,7258579085,31992.0,S132,شركة القوة المتجددة للوقود,ديزل,MK028
2026-05-13,7258579127,32030.0,S020,شركة ناقلين المحدودة,ديزل,JA061
2026-05-13,7258574206,31989.0,S132,شركة القوة المتجددة للوقود,95,MK064
2026-05-13,7258588618,32995.5,S132,شركة النسيم الجديد المحدودة,ديزل,MK033
2026-05-13,7258588621,33036.3,S132,شركة النسيم الجديد المحدودة,ديزل,MK018
2026-05-13,7258588635,31993.8,S132,شركة القوة المتجددة للوقود,ديزل,MK072
2026-05-13,7258580862,31987.7,S132,شركة القوة المتجددة للوقود,91,MK017
2026-05-13,7258579080,32002.1,S132,شركة القوة المتجددة للوقود,ديزل,MK035
2026-05-13,7258579063,32002.0,S132,شركة القوة المتجددة للوقود,ديزل,MK033
2026-05-13,7258585989,33007.7,S132A,شركة النسيم الجديد المحدودة,91,MK008
2026-05-13,7258578603,33003.8,S132A,مؤسسة سامي بن سلمان بن عامر الصاعدي للنقليات,95,MK015
2026-05-13,7258578554,33004.4,S132A,شركة النسيم الجديد المحدودة,95,MK029
2026-05-13,7258578550,32997.3,S132A,شركة النسيم الجديد المحدودة,95,MK007
2026-05-13,7258578225,33001.8,S132A,شركة النسيم الجديد المحدودة,ديزل,MK007
2026-05-13,7258578221,32993.6,S132A,شركة النسيم الجديد المحدودة,ديزل,MK008
2026-05-13,7258578213,33001.6,S132A,شركة النسيم الجديد المحدودة,ديزل,MK008
2026-05-13,7258577072,32991.6,S132A,شركة النسيم الجديد المحدودة,91,MK029
2026-05-13,7258577065,32994.7,S132A,شركة النسيم الجديد المحدودة,91,MK003
2026-05-13,7258577029,32001.8,S132A,شركة القوة المتجددة للوقود,91,MK028
2026-05-13,7258577017,32001.6,S132A,شركة القوة المتجددة للوقود,91,MK047
2026-05-13,7258576851,33001.8,S132A,مؤسسة سامي بن سلمان بن عامر الصاعدي للنقليات,91,MK015
2026-05-13,7258576840,32974.5,S132A,شركة تزويد السعودية المحدودة,91,MK004
2026-05-13,7258576825,33001.6,S132A,شركة النسيم الجديد المحدودة,91,MK072
2026-05-13,7258576819,33007.2,S132A,مؤسسة سامي بن سلمان بن عامر الصاعدي للنقليات,91,MK015
2026-05-13,7258576803,33002.3,S132A,شركة حسين زين العطاس وسعد عوض العصيمي وشركائهم,91,MK007
2026-05-13,7258576787,33002.0,S132A,شركة حسين زين العطاس وسعد عوض العصيمي وشركائهم,91,MK018
2026-05-13,7258576638,32995.2,S132A,شركة النسيم الجديد المحدودة,91,MK016
2026-05-13,7258576630,33001.8,S132A,شركة النسيم الجديد المحدودة,91,MK007
2026-05-13,7258576622,32990.2,S132A,شركة النسيم الجديد المحدودة,91,MK003
2026-05-13,7258514859,31999.5,S132A,شركة القوة المتجددة للوقود,95,MK001
2026-05-13,7258514852,31999.5,S132A,شركة القوة المتجددة للوقود,95,MK022
2026-05-13,7258514848,32002.3,S132A,شركة القوة المتجددة للوقود,95,MK054
2026-05-13,7258514838,31992.4,S132A,شركة القوة المتجددة للوقود,95,MK033
2026-05-13,7258514835,32127.2,S132A,شركة القوة المتجددة للوقود,95,MK017
2026-05-13,7258514830,31991.4,S132A,شركة القوة المتجددة للوقود,95,MK072
2026-05-13,7258540450,32014.7,S184,شركة القوة المتجددة للوقود,91,RY075
2026-05-13,7258540469,32008.1,S133,شركة القوة المتجددة للوقود,95,RY075
2026-05-13,7258576568,32019.0,S012,محطة منير سفير المطيري,91,RY024
2026-05-13,7258577252,32005.1,S142,مؤسسة مسار الطريق للنقليات,91,QS055
2026-05-13,7258559518,31959.0,S032,شركة هال للنقليات,91,EP051
2026-05-14,7258590440,31999.0,S183,شركة القوة المتجددة للوقود,95,MK006
2026-05-14,7258591228,32000.0,S091,Al-Nassar Transport Company,95,JA069
2026-05-14,7258591225,31998.0,S091,شركة ناقلين المحدودة,91,JA061
2026-05-14,7258591219,31996.0,S091,Al-Nassar Transport Company,91,JA056
2026-05-14,7258591216,31995.0,S091,Al-Nassar Transport Company,95,JA053
2026-05-14,7258590478,33004.3,S132,شركة النسيم الجديد المحدودة,95,MK003
2026-05-14,7258590480,32999.6,S132,شركة النسيم الجديد المحدودة,95,MK016
2026-05-14,7258590482,32998.3,S132,شركة النسيم الجديد المحدودة,95,MK008
2026-05-14,7258590484,33005.8,S132,شركة القوة المتجددة للوقود,95,MK005
2026-05-14,7258590566,32001.7,S132,شركة القوة المتجددة للوقود,ديزل,MK014
2026-05-14,7258590572,32001.3,S132,شركة القوة المتجددة للوقود,ديزل,MK046
2026-05-14,7258590578,31993.9,S132,شركة القوة المتجددة للوقود,ديزل,MK022
2026-05-14,7258590582,31994.6,S132,شركة القوة المتجددة للوقود,ديزل,MK004
2026-05-14,7258590439,32004.4,S183,شركة القوة المتجددة للوقود,95,MK063
2026-05-14,7258590479,33004.3,S132,شركة النسيم الجديد المحدودة,95,MK029
2026-05-14,7258590628,33001.7,S132A,شركة النسيم الجديد المحدودة,91,MK007
2026-05-14,7258590623,32992.1,S132A,شركة النسيم الجديد المحدودة,91,MK003
2026-05-14,7258590590,33001.9,S132A,شركة النسيم الجديد المحدودة,ديزل,MK008
2026-05-14,7258590510,33002.3,S132A,شركة النسيم الجديد المحدودة,ديزل,MK007
2026-05-14,7258590507,33002.7,S132A,شركة النسيم الجديد المحدودة,ديزل,MK031
2026-05-14,7258590412,32001.7,S132A,شركة القوة المتجددة للوقود,91,MK035
2026-05-14,7258590408,32001.6,S132A,شركة القوة المتجددة للوقود,91,MK033
2026-05-14,7258590403,32001.8,S132A,شركة القوة المتجددة للوقود,91,MK068
2026-05-14,7258590398,32007.1,S132A,شركة القوة المتجددة للوقود,91,MK017
2026-05-14,7258590254,32991.3,S132A,شركة النسيم الجديد المحدودة,91,MK020
2026-05-14,7258590248,33029.0,S132A,شركة النسيم الجديد المحدودة,91,MK072
2026-05-14,7258590245,33001.7,S132A,شركة النسيم الجديد المحدودة,91,MK003
2026-05-14,7258590242,32987.8,S132A,مؤسسة سامي بن سلمان بن عامر الصاعدي للنقليات,91,MK071
2026-05-14,7258590237,33007.8,S132A,شركة النسيم الجديد المحدودة,91,MK003
2026-05-14,7258590169,32007.3,S132A,شركة القوة المتجددة للوقود,91,MK006
2026-05-14,7258590165,31980.3,S132A,شركة القوة المتجددة للوقود,91,MK001
2026-05-14,7258590160,32001.4,S132A,شركة القوة المتجددة للوقود,91,MK046
2026-05-14,7258575308,32002.2,S132A,شركة القوة المتجددة للوقود,95,MK028
2026-05-14,7258575305,31990.8,S132A,شركة القوة المتجددة للوقود,95,MK071
2026-05-14,7258575301,31988.6,S132A,شركة القوة المتجددة للوقود,95,MK064
2026-05-14,7258575298,32003.2,S132A,شركة القوة المتجددة للوقود,95,MK054
2026-05-14,7258575256,33003.6,S132A,شركة النسيم الجديد المحدودة,95,MK007
2026-05-14,7258575253,33005.5,S132A,شركة تزويد السعودية المحدودة,95,MK004
2026-05-14,7258575252,32991.1,S132A,شركة النسيم الجديد المحدودة,95,MK003
2026-05-14,7258575251,32990.2,S132A,مؤسسة سامي بن سلمان بن عامر الصاعدي للنقليات,95,MK015
2026-05-14,7258592329,31995.7,S142,مؤسسة مسار الطريق للنقليات,ديزل,QS055
2026-05-14,7258555985,32016.8,S133,شركة القوة المتجددة للوقود,ديزل,RY075
2026-05-14,7258555963,32004.0,S133,مؤسسة المصودع للنقليات,95,RY025
2026-05-14,7258555919,32006.0,S133,شركة القوة المتجددة للوقود,91,RY075
2026-05-14,7258577227,32003.2,S142,مؤسسة مسار الطريق للنقليات,ديزل,QS055
2026-05-15,7258602470,33003.7,S132,شركة النسيم الجديد المحدودة,95,MK003
2026-05-15,7258602481,31996.5,S132,شركة القوة المتجددة للوقود,95,MK047
2026-05-15,7258602484,32998.0,S132,شركة النسيم الجديد المحدودة,95,MK007
2026-05-15,7258602495,31988.5,S132,شركة القوة المتجددة للوقود,95,MK068
2026-05-15,7258602544,33002.7,S132,شركة النسيم الجديد المحدودة,95,MK031
2026-05-15,7258602180,31998.0,S091,Al-Nassar Transport Company,95,AS153
2026-05-15,7258602128,31997.0,S091,Al-Nassar Transport Company,91,AS153
2026-05-15,7258602119,32002.0,S091,Al-Nassar Transport Company,91,JA053
2026-05-15,7258602818,32988.1,S132,شركة النسيم الجديد المحدودة,91,MK007
2026-05-15,7258602784,32999.4,S132,شركة القوة المتجددة للوقود,95,MK017
2026-05-15,7258603115,31986.5,S132,شركة أسطول النادر للنقليات شركة شخص واحد,91,MK029
2026-05-15,7258602035,32992.1,S132,شركة النسيم الجديد المحدودة,ديزل,MK033
2026-05-15,7258602028,33002.0,S132,شركة النسيم الجديد المحدودة,ديزل,MK008
2026-05-15,7258601965,32001.4,S132,شركة القوة المتجددة للوقود,ديزل,MK004
2026-05-15,7258601961,32002.4,S132,شركة القوة المتجددة للوقود,ديزل,MK004
2026-05-15,7258601955,31992.3,S132,شركة القوة المتجددة للوقود,ديزل,MK100
2026-05-15,7258601951,32001.4,S132,شركة القوة المتجددة للوقود,ديزل,MK014
2026-05-15,7258602161,31999.0,S091,Al-Nassar Transport Company,95,JA060
2026-05-15,7258602081,31998.0,S091,Al-Nassar Transport Company,91,JA069
2026-05-15,7258601775,31994.5,S132A,شركة القوة المتجددة للوقود,ديزل,MK004
2026-05-15,7258601768,32001.8,S132A,شركة القوة المتجددة للوقود,ديزل,MK047
2026-05-15,7258601762,32057.1,S132A,شركة القوة المتجددة للوقود,ديزل,MK022
2026-05-15,7258599609,32995.1,S132A,شركة النسيم الجديد المحدودة,91,MK003
2026-05-15,7258599602,32995.6,S132A,شركة النسيم الجديد المحدودة,91,MK072
2026-05-15,7258599595,32977.4,S132A,شركة النسيم الجديد المحدودة,91,MK007
2026-05-15,7258599592,32992.7,S132A,شركة النسيم الجديد المحدودة,91,MK023
2026-05-15,7258599581,32994.0,S132A,شركة النسيم الجديد المحدودة,91,MK016
2026-05-15,7258599574,32987.3,S132A,شركة النسيم الجديد المحدودة,91,MK007
2026-05-15,7258599567,33009.0,S132A,شركة النسيم الجديد المحدودة,91,MK008
2026-05-15,7258599564,33001.2,S132A,شركة النسيم الجديد المحدودة,91,MK003
2026-05-15,7258599555,32993.7,S132A,مؤسسة سامي بن سلمان بن عامر الصاعدي للنقليات,91,MK015
2026-05-15,7258557109,32998.5,S132A,شركة النسيم الجديد المحدودة,95,MK003
2026-05-15,7258557104,33003.9,S132A,شركة النسيم الجديد المحدودة,95,MK007
2026-05-15,7258557103,33004.1,S132A,شركة النسيم الجديد المحدودة,95,MK072
2026-05-15,7258557102,33004.9,S132A,شركة النسيم الجديد المحدودة,95,MK018
2026-05-15,7258557095,31988.3,S132A,شركة القوة المتجددة للوقود,95,MK006
2026-05-15,7258557093,32004.0,S132A,شركة القوة المتجددة للوقود,95,MK005
2026-05-15,7258557092,32004.1,S132A,شركة القوة المتجددة للوقود,95,MK046
2026-05-15,7258557091,31996.9,S132A,شركة القوة المتجددة للوقود,95,MK063
2026-05-15,7258557084,31993.3,S132A,شركة القوة المتجددة للوقود,95,MK047
2026-05-15,7258603473,31993.7,S133,مؤسسة المصودع للنقليات,95,RY042
2026-05-15,7258578587,32017.0,S012,مؤسسة المصودع للنقليات,91,RY025
2026-05-15,7258578543,31994.3,S133,شركة القوة المتجددة للوقود,95,RY075
2026-05-15,7258556370,32003.6,S037,شركة هال للنقليات,95,EP051
2026-05-15,7258601344,32004.1,S183D,شركة القوة المتجددة للوقود,91,MK063
2026-05-15,7258601342,31985.0,S183D,شركة القوة المتجددة للوقود,91,MK054
2026-05-15,7258601341,32002.5,S183D,شركة القوة المتجددة للوقود,91,MK093
2026-05-15,7258601340,32002.2,S183D,شركة القوة المتجددة للوقود,91,MK005
2026-05-16,7258608760,32001.9,S132,شركة القوة المتجددة للوقود,ديزل,MK029
2026-05-16,7258608759,32002.5,S132,شركة القوة المتجددة للوقود,ديزل,MK072
2026-05-16,7258608751,32001.5,S132,شركة القوة المتجددة للوقود,ديزل,MK064
2026-05-16,7258608690,32010.3,S132,شركة أسطول النادر للنقليات شركة شخص واحد,91,MK022
2026-05-16,7258608686,31768.6,S132,شركة حسين زين العطاس وسعد عوض العصيمي وشركائهم,91,MK005
2026-05-16,7258608685,32008.5,S132,شركة حسين زين العطاس وسعد عوض العصيمي وشركائهم,91,MK064
2026-05-16,7258608682,32001.6,S132,شركة القوة المتجددة للوقود,91,MK046
2026-05-16,7258608678,31994.1,S132,شركة القوة المتجددة للوقود,91,MK006
2026-05-16,7258608675,32001.1,S132,شركة القوة المتجددة للوقود,91,MK005
2026-05-16,7258608672,32001.8,S132,شركة حسين زين العطاس وسعد عوض العصيمي وشركائهم,91,MK047
2026-05-16,7258608611,31995.0,S091,Al-Nassar Transport Company,95,JA056
2026-05-16,7258608636,31998.0,S091,Al-Nassar Transport Company,91,JA041
2026-05-16,7258608625,31999.0,S091,Al-Nassar Transport Company,95,JA041
2026-05-16,7258591926,32019.0,S012,شركة القوة المتجددة للوقود,91,RY075
2026-05-16,7258591953,32010.8,S184,مؤسسة المصودع للنقليات,95,RY024
2026-05-16,7258614677,32991.8,S132,شركة القوة المتجددة للوقود,95,MK035
2026-05-16,7258614314,32000.2,S132,شركة القوة المتجددة للوقود,95,MK001
2026-05-16,7258614730,33004.6,S132,شركة أسطول النادر للنقليات شركة شخص واحد,95,MK099
2026-05-16,7258614199,33001.4,S132,شركة النسيم الجديد المحدودة,ديزل,MK008
2026-05-16,7258609581,32982.5,S132,شركة النسيم الجديد المحدودة,91,MK008
2026-05-16,7258609580,32991.6,S132,شركة النسيم الجديد المحدودة,91,MK003
2026-05-16,7258609579,32991.9,S132,شركة النسيم الجديد المحدودة,91,MK007
2026-05-16,7258609578,33001.4,S132,شركة النسيم الجديد المحدودة,91,MK016
2026-05-16,7258609577,32995.1,S132,شركة النسيم الجديد المحدودة,91,MK003
2026-05-16,7258608795,32991.2,S132,شركة النسيم الجديد المحدودة,95,MK007
2026-05-16,7258608789,32992.6,S132,مؤسسة سامي بن سلمان بن عامر الصاعدي للنقليات,95,MK015
2026-05-16,7258608778,32992.1,S132,شركة النسيم الجديد المحدودة,95,MK003
2026-05-16,7258608768,31994.2,S132,شركة القوة المتجددة للوقود,ديزل,MK022
2026-05-16,7258608688,32009.0,S132,شركة القوة المتجددة للوقود,91,MK028
2026-05-16,7258608677,32009.6,S132,شركة القوة المتجددة للوقود,91,MK006
2026-05-16,7258614916,32992.8,S132A,شركة حسين زين العطاس وسعد عوض العصيمي وشركائهم,91,MK099
2026-05-16,7258609067,32003.7,S132A,شركة القوة المتجددة للوقود,95,MK046
2026-05-16,7258609064,32004.3,S132A,شركة القوة المتجددة للوقود,95,MK028
2026-05-16,7258609061,32003.8,S132A,شركة القوة المتجددة للوقود,95,MK006
2026-05-16,7258609057,32004.7,S132A,شركة القوة المتجددة للوقود,95,MK005
2026-05-16,7258608737,33001.7,S132A,شركة أسطول النادر للنقليات شركة شخص واحد,ديزل,MK047
2026-05-16,7258608735,33024.3,S132A,شركة النسيم الجديد المحدودة,ديزل,MK007
2026-05-16,7258608734,33001.5,S132A,شركة النسيم الجديد المحدودة,ديزل,MK008
2026-05-16,7258608562,33001.5,S132A,شركة النسيم الجديد المحدودة,91,MK020
2026-05-16,7258608561,33008.4,S132A,شركة النسيم الجديد المحدودة,91,MK072
2026-05-16,7258608557,33001.7,S132A,شركة النسيم الجديد المحدودة,91,MK018
2026-05-16,7258608556,33001.7,S132A,شركة النسيم الجديد المحدودة,91,MK029
2026-05-16,7258608554,32990.9,S132A,شركة النسيم الجديد المحدودة,91,MK031
2026-05-16,7258591628,32991.4,S132A,مؤسسة سامي بن سلمان بن عامر الصاعدي للنقليات,95,MK015
2026-05-16,7258591627,33004.8,S132A,شركة تزويد السعودية المحدودة,95,MK004
2026-05-16,7258591625,33004.9,S132A,شركة حسين زين العطاس وسعد عوض العصيمي وشركائهم,95,MK003
2026-05-16,7258591624,32992.5,S132A,شركة القوة المتجددة للوقود,95,MK002
2026-05-16,7258591622,33001.0,S132A,شركة حسين زين العطاس وسعد عوض العصيمي وشركائهم,95,MK020
2026-05-16,7258608577,33003.7,S183D,شركة تزويد السعودية المحدودة,91,MK004
2026-05-16,7258608576,32983.9,S183D,مؤسسة سامي بن سلمان بن عامر الصاعدي للنقليات,91,MK015
2026-05-16,7258608574,32984.2,S183D,شركة النسيم الجديد المحدودة,91,MK084
2026-05-16,7258608566,33003.1,S183D,شركة القوة المتجددة للوقود,91,MK001
2026-05-17,7258614826,32992.8,S132,شركة حسين زين العطاس وسعد عوض العصيمي وشركائهم,95,MK093
2026-05-17,7258616192,33002.2,S132,شركة النسيم الجديد المحدودة,ديزل,MK008
2026-05-17,7258616398,32002.2,S132,شركة القوة المتجددة للوقود,ديزل,MK046
2026-05-17,7258615996,31994.0,S091,Al-Nassar Transport Company,95,JA061
2026-05-17,7258615992,32000.0,S091,Al-Nassar Transport Company,95,JA069
2026-05-17,7258624103,33001.8,S132,شركة النسيم الجديد المحدودة,ديزل,MK007
2026-05-17,7258615927,33002.2,S132,شركة النسيم الجديد المحدودة,95,MK072
2026-05-17,7258615932,33001.8,S132,شركة النسيم الجديد المحدودة,95,MK084
2026-05-17,7258615964,32999.6,S132,شركة النسيم الجديد المحدودة,95,MK007
2026-05-17,7258615966,32002.0,S132,شركة القوة المتجددة للوقود,95,MK001
2026-05-17,7258615980,31989.6,S132,شركة القوة المتجددة للوقود,95,MK005
2026-05-17,7258624102,32991.1,S132,شركة النسيم الجديد المحدودة,ديزل,MK008
2026-05-17,7258621114,31993.9,S132,شركة القوة المتجددة للوقود,ديزل,MK033
2026-05-17,7258607474,32004.6,S133,شركة القوة المتجددة للوقود,95,RY075
2026-05-17,7258616121,31999.9,S184,مؤسسة المصودع للنقليات,91,RY075
2026-05-17,7258597398,19982.0,S032,شركة هال للنقليات,91,EP051
2026-05-17,7258624116,32001.7,S132A,شركة القوة المتجددة للوقود,91,MK017
2026-05-17,7258615735,31993.6,S132A,شركة القوة المتجددة للوقود,ديزل,MK031
2026-05-17,7258615732,31993.0,S132A,شركة القوة المتجددة للوقود,ديزل,MK004
2026-05-17,7258615731,32002.6,S132A,شركة القوة المتجددة للوقود,ديزل,MK014
2026-05-17,7258615584,32992.2,S132A,شركة النسيم الجديد المحدودة,91,MK003
2026-05-17,7258615582,32992.1,S132A,شركة تزويد السعودية المحدودة,91,MK004
2026-05-17,7258615581,33002.1,S132A,مؤسسة سامي بن سلمان بن عامر الصاعدي للنقليات,91,MK071
2026-05-17,7258615580,33003.1,S132A,مؤسسة سامي بن سلمان بن عامر الصاعدي للنقليات,91,MK015
2026-05-17,7258615577,33002.2,S132A,شركة النسيم الجديد المحدودة,91,MK007
2026-05-17,7258615576,33001.6,S132A,شركة النسيم الجديد المحدودة,91,MK003
2026-05-17,7258615575,33011.5,S132A,شركة النسيم الجديد المحدودة,91,MK003
2026-05-17,7258615561,32008.4,S132A,شركة القوة المتجددة للوقود,91,MK005
2026-05-17,7258615557,32006.8,S132A,شركة القوة المتجددة للوقود,91,MK006
2026-05-17,7258614932,33005.5,S132A,شركة النسيم الجديد المحدودة,95,MK029
2026-05-17,7258614931,32999.4,S132A,شركة النسيم الجديد المحدودة,95,MK008
2026-05-17,7258614930,32989.5,S132A,شركة النسيم الجديد المحدودة,95,MK003
2026-05-17,7258614882,32003.9,S132A,شركة القوة المتجددة للوقود,95,MK004
2026-05-17,7258614879,32002.0,S132A,شركة القوة المتجددة للوقود,95,MK028
2026-05-17,7258614875,32003.4,S132A,شركة القوة المتجددة للوقود,95,MK063
2026-05-17,7258614873,31991.2,S132A,شركة تزويد السعودية المحدودة,95,MK004
2026-05-17,7258614870,32003.5,S132A,شركة القوة المتجددة للوقود,95,MK033
2026-05-17,7258599451,32006.5,S132A,شركة القوة المتجددة للوقود,95,BH050
2026-05-17,7258615545,32004.0,S183D,شركة حسين زين العطاس وسعد عوض العصيمي وشركائهم,91,MK023
2026-05-17,7258615543,32004.6,S183D,شركة القوة المتجددة للوقود,91,MK046
2026-05-17,7258615540,32004.5,S183D,شركة القوة المتجددة للوقود,91,MK047
2026-05-17,7258615539,31984.0,S183D,شركة أسطول النادر للنقليات شركة شخص واحد,91,MK072
2026-05-18,7258627340,31990.2,S132,شركة القوة المتجددة للوقود,91,MK001
2026-05-18,7258626300,32001.5,S132,شركة القوة المتجددة للوقود,ديزل,MK046
2026-05-18,7258626283,32001.5,S132,شركة أسطول النادر للنقليات شركة شخص واحد,ديزل,MK033
2026-05-18,7258626277,32001.9,S132,شركة القوة المتجددة للوقود,ديزل,MK029
2026-05-18,7258626269,31991.8,S132,شركة القوة المتجددة للوقود,ديزل,MK033
2026-05-18,7258625495,31997.0,S091,Al-Nassar Transport Company,91,JA069
2026-05-18,7258625299,31994.0,S091,Al-Nassar Transport Company,95,JA069
2026-05-18,7258625304,31997.0,S091,Al-Nassar Transport Company,95,JA041
2026-05-18,7258597494,32012.1,S184,محطة منير سفير المطيري,91,RY024
2026-05-18,7258597497,32015.3,S184,محطة منير سفير المطيري,91,RY025
2026-05-18,7258609644,32007.1,S184,شركة القوة المتجددة للوقود,ديزل,RY042
2026-05-18,7258616002,32009.9,S142,مؤسسة مسار الطريق للنقليات,95,QS055
2026-05-18,7258626183,32994.3,S132A,شركة النسيم الجديد المحدودة,ديزل,MK033
2026-05-18,7258626176,32994.0,S132A,شركة النسيم الجديد المحدودة,ديزل,MK008
2026-05-18,7258625606,31991.7,S132A,شركة القوة المتجددة للوقود,95,MK068
2026-05-18,7258625239,32990.1,S132A,شركة النسيم الجديد المحدودة,95,MK023
2026-05-18,7258625236,33002.1,S132A,شركة النسيم الجديد المحدودة,95,MK016
2026-05-18,7258625233,32990.9,S132A,شركة النسيم الجديد المحدودة,95,MK003
2026-05-18,7258624428,32979.8,S132A,شركة القوة المتجددة للوقود,91,MK064
2026-05-18,7258624421,33001.7,S132A,شركة النسيم الجديد المحدودة,91,MK007
2026-05-18,7258624411,32992.1,S132A,شركة النسيم الجديد المحدودة,91,MK002
2026-05-18,7258624400,33008.3,S132A,شركة النسيم الجديد المحدودة,91,MK031
2026-05-18,7258624394,33002.2,S132A,مؤسسة سامي بن سلمان بن عامر الصاعدي للنقليات,91,MK015
2026-05-18,7258624390,32976.7,S132A,شركة النسيم الجديد المحدودة,91,MK020
2026-05-18,7258624382,33011.9,S132A,شركة النسيم الجديد المحدودة,91,MK002
2026-05-18,7258624897,31985.5,S183D,شركة القوة المتجددة للوقود,91,MK063
2026-05-18,7258624896,32003.8,S183D,شركة حسين زين العطاس وسعد عوض العصيمي وشركائهم,91,MK028
2026-05-18,7258624882,32003.6,S183D,شركة القوة المتجددة للوقود,91,MK035
2026-05-18,7258609664,31994.9,S133,مؤسسة المصودع للنقليات,95,RY025
2026-05-18,7258597580,32005.5,S133,شركة القوة المتجددة للوقود,95,RY075
2026-05-18,7258623405,32022.0,S012,شركة القوة المتجددة للوقود,91,RY075
2026-05-18,7258628148,32000.1,S132,شركة القوة المتجددة للوقود,ديزل,MK028
2026-05-18,7258626108,32997.2,S132,شركة القوة المتجددة للوقود,95,MK022
2026-05-18,7258627408,32003.9,S132,شركة القوة المتجددة للوقود,ديزل,MK071
2026-05-18,7258627161,33001.5,S132,شركة النسيم الجديد المحدودة,91,MK008
2026-05-18,7258626810,33001.8,S132,شركة النسيم الجديد المحدودة,91,MK072
2026-05-18,7258626607,31992.9,S132,شركة القوة المتجددة للوقود,ديزل,MK035
2026-05-18,7258626601,32002.1,S132,شركة القوة المتجددة للوقود,ديزل,MK063
2026-05-18,7258626145,33004.2,S132,مؤسسة سامي بن سلمان بن عامر الصاعدي للنقليات,95,MK015
2026-05-18,7258627247,32997.5,S132,شركة النسيم الجديد المحدودة,95,MK008
2026-05-18,7258631005,32034.8,S020,Al-Nassar Transport Company,ديزل,AS153
2026-05-18,7258633360,32034.8,S020,Al-Nassar Transport Company,ديزل,JA056
2026-05-18,7258635244,32029.7,S020,شركة ناقلين المحدودة,ديزل,JA061
2026-05-18,7258626257,32994.2,S132A,شركة النسيم الجديد المحدودة,ديزل,MK008
2026-05-18,7258625649,32001.9,S132A,شركة القوة المتجددة للوقود,95,MK035
2026-05-18,7258625648,32003.9,S132A,شركة القوة المتجددة للوقود,95,MK006
2026-05-18,7258625646,31997.5,S132A,شركة القوة المتجددة للوقود,95,MK005
2026-05-18,7258625599,31997.0,S132A,شركة القوة المتجددة للوقود,95,MK100
2026-05-18,7258624387,32992.0,S132A,شركة النسيم الجديد المحدودة,91,MK003
2026-05-18,7258624878,31983.9,S183D,شركة القوة المتجددة للوقود,91,MK100
2026-05-18,7258624877,32004.4,S183D,شركة القوة المتجددة للوقود,91,MK068
2026-05-19,7258609666,31994.8,S133,محطة منير سفير المطيري,95,RY024
2026-05-19,7258625986,32045.8,S142,مؤسسة مسار الطريق للنقليات,95,HA043
2026-05-19,7258626705,32005.3,S037,شركة هال للنقليات,95,EP051
2026-05-19,7258631290,31998.0,S091,Al-Nassar Transport Company,91,AS153
2026-05-19,7258632437,33010.9,S183,مؤسسة سامي بن سلمان بن عامر الصاعدي للنقليات,95,MK014
2026-05-19,7258645316,31999.0,S091,شركة ناقلين المحدودة,91,JA061
2026-05-19,7258644061,32994.7,S132,شركة النسيم الجديد المحدودة,ديزل,MK007
2026-05-19,7258642744,32002.3,S132,شركة القوة المتجددة للوقود,ديزل,MK004
2026-05-19,7258635964,32003.6,S132,شركة القوة المتجددة للوقود,ديزل,MK046
2026-05-19,7258636132,33001.8,S132,شركة النسيم الجديد المحدودة,ديزل,MK008
2026-05-19,7258642210,32030.9,S020,Al-Nassar Transport Company,91,JA041
2026-05-19,7258641358,32973.0,S132A,شركة حسين زين العطاس وسعد عوض العصيمي وشركائهم,91,MK006
2026-05-19,7258635147,31994.9,S132A,شركة القوة المتجددة للوقود,ديزل,MK064
2026-05-19,7258635136,31993.8,S132A,شركة القوة المتجددة للوقود,ديزل,MK014
2026-05-19,7258635128,32001.9,S132A,شركة القوة المتجددة للوقود,ديزل,MK047
2026-05-19,7258634155,32002.8,S132A,شركة القوة المتجددة للوقود,91,MK054
2026-05-19,7258634143,32001.7,S132A,شركة القوة المتجددة للوقود,91,MK046
2026-05-19,7258634040,33066.6,S132A,شركة النسيم الجديد المحدودة,95,MK029
2026-05-19,7258633968,32004.8,S132A,شركة القوة المتجددة للوقود,95,MK017
2026-05-19,7258633967,31998.6,S132A,شركة القوة المتجددة للوقود,95,MK064
2026-05-19,7258633965,32003.7,S132A,شركة القوة المتجددة للوقود,95,MK047
2026-05-19,7258633964,32004.1,S132A,شركة القوة المتجددة للوقود,95,MK046
2026-05-19,7258633819,33003.9,S132A,شركة النسيم الجديد المحدودة,95,MK007
2026-05-19,7258633817,32991.0,S132A,شركة النسيم الجديد المحدودة,95,MK020
2026-05-19,7258633816,32998.0,S132A,شركة النسيم الجديد المحدودة,95,MK003
2026-05-19,7258633807,32997.0,S132A,شركة النسيم الجديد المحدودة,95,MK019
2026-05-19,7258633801,33004.4,S132A,شركة النسيم الجديد المحدودة,95,MK003
2026-05-19,7258633765,33004.1,S132A,شركة النسيم الجديد المحدودة,95,MK007
2026-05-19,7258633701,33001.6,S132A,شركة تزويد السعودية المحدودة,91,MK004
2026-05-19,7258633698,33001.8,S132A,شركة النسيم الجديد المحدودة,91,MK029
2026-05-19,7258633686,33001.6,S132A,شركة النسيم الجديد المحدودة,91,MK072
2026-05-19,7258633677,32992.8,S132A,شركة النسيم الجديد المحدودة,91,MK016
2026-05-19,7258633671,32992.4,S132A,شركة النسيم الجديد المحدودة,91,MK003
2026-05-19,7258635919,32003.3,S183D,شركة القوة المتجددة للوقود,91,BH050
2026-05-19,7258635306,31984.1,S183D,شركة القوة المتجددة للوقود,91,MK005
2026-05-19,7258634344,32984.1,S183D,شركة القوة المتجددة للوقود,91,MK093
2026-05-19,7258634329,33003.2,S183D,شركة القوة المتجددة للوقود,91,MK047
2026-05-20,7258625968,32002.9,S142,مؤسسة مسار الطريق للنقليات,91,QS055
2026-05-20,7258625971,31996.7,S142,مؤسسة مسار الطريق للنقليات,91,HA043
2026-05-20,7258644430,32007.0,S037,شركة هال للنقليات,91,EP051
2026-05-20,7258647898,33001.5,S132,شركة النسيم الجديد المحدودة,ديزل,MK008
2026-05-20,7258647831,33008.8,S132,شركة أسطول النادر للنقليات شركة شخص واحد,91,MK033
2026-05-20,7258644540,33008.7,S132,شركة النسيم الجديد المحدودة,91,MK007
2026-05-20,7258645128,31996.0,S091,Al-Nassar Transport Company,95,JA053
2026-05-20,7258645064,32002.1,S132A,شركة القوة المتجددة للوقود,95,MK006
2026-05-20,7258645061,31998.4,S132A,شركة القوة المتجددة للوقود,95,MK001
2026-05-20,7258644983,32998.5,S132A,شركة النسيم الجديد المحدودة,95,MK072
2026-05-20,7258644980,33003.5,S132A,شركة النسيم الجديد المحدودة,95,MK018
2026-05-20,7258644347,32992.5,S132A,شركة النسيم الجديد المحدودة,91,MK029
2026-05-20,7258644344,32992.8,S132A,شركة النسيم الجديد المحدودة,91,MK018
2026-05-20,7258644340,33002.2,S132A,شركة النسيم الجديد المحدودة,91,MK020
2026-05-20,7258644334,33009.1,S132A,مؤسسة سامي بن سلمان بن عامر الصاعدي للنقليات,91,MK015
2026-05-20,7258644331,33019.8,S132A,شركة تزويد السعودية المحدودة,91,MK004
2026-05-20,7258643079,31984.4,S183D,شركة القوة المتجددة للوقود,91,MK001
2026-05-20,7258643078,32003.5,S183D,شركة حسين زين العطاس وسعد عوض العصيمي وشركائهم,91,MK017
2026-05-20,7258643076,32004.0,S183D,شركة القوة المتجددة للوقود,91,MK071
2026-05-20,7258643072,32004.1,S183D,شركة القوة المتجددة للوقود,91,MK063
2026-05-20,7258644577,33017.7,S132,شركة النسيم الجديد المحدودة,91,MK007
2026-05-20,7258645512,33001.8,S132,شركة النسيم الجديد المحدودة,ديزل,MK007
2026-05-20,7258645525,33001.7,S132,شركة النسيم الجديد المحدودة,ديزل,MK008
2026-05-20,7258628612,32000.4,S133,شركة القوة المتجددة للوقود,95,RY075
2026-05-20,7258636159,32020.0,S012,محطة منير سفير المطيري,91,RY042
2026-05-20,7258645955,32019.0,S012,محطة منير سفير المطيري,91,RY025
2026-05-20,7258646082,32019.0,S012,شركة القوة المتجددة للوقود,91,RY075
2026-05-20,7258654080,32991.7,S132A,شركة النسيم الجديد المحدودة,91,MK072
2026-05-20,7258645412,32002.0,S132A,شركة القوة المتجددة للوقود,ديزل,MK004
2026-05-20,7258645409,31993.2,S132A,شركة القوة المتجددة للوقود,ديزل,MK014
2026-05-20,7258645267,33003.8,S132A,شركة النسيم الجديد المحدودة,95,MK016
2026-05-20,7258645242,33005.3,S132A,شركة النسيم الجديد المحدودة,95,MK003
2026-05-20,7258645229,32992.4,S132A,شركة النسيم الجديد المحدودة,95,MK029
2026-05-20,7258645132,31989.6,S132A,شركة القوة المتجددة للوقود,95,MK028
2026-05-20,7258645130,32003.5,S132A,شركة القوة المتجددة للوقود,95,MK063
2026-05-20,7258644959,32998.7,S132A,شركة النسيم الجديد المحدودة,95,MK007
2026-05-20,7258643415,32983.5,S183D,شركة النسيم الجديد المحدودة,91,MK008
2026-05-20,7258643136,33003.7,S183D,شركة القوة المتجددة للوقود,91,MK004
2026-05-20,7258643075,32004.4,S183D,شركة القوة المتجددة للوقود,91,MK028
2026-05-21,7258655568,31992.0,S132,شركة القوة المتجددة للوقود,ديزل,MK046
2026-05-21,7258655576,32001.8,S132,شركة القوة المتجددة للوقود,ديزل,MK035
2026-05-21,7258655585,31994.7,S132,شركة القوة المتجددة للوقود,ديزل,MK004
2026-05-21,7258655594,31993.5,S132,شركة القوة المتجددة للوقود,ديزل,MK029
2026-05-21,7258655744,33003.4,S132,شركة النسيم الجديد المحدودة,ديزل,MK008
2026-05-21,7258655773,33001.7,S132,شركة النسيم الجديد المحدودة,ديزل,MK008
2026-05-21,7258657871,31997.0,S091,Al-Nassar Transport Company,95,JA056
2026-05-21,7258657872,32001.0,S091,Al-Nassar Transport Company,95,AS153
2026-05-21,7258657888,31993.6,S132,شركة القوة المتجددة للوقود,ديزل,MK072
2026-05-21,7258658092,31999.0,S091,Al-Nassar Transport Company,91,AS153
2026-05-21,7258658094,31997.0,S091,Al-Nassar Transport Company,91,JA069
2026-05-21,7258659280,32002.3,S132,شركة القوة المتجددة للوقود,ديزل,MK047
2026-05-21,7258660062,32001.6,S132,شركة القوة المتجددة للوقود,ديزل,MK064
2026-05-21,7258666823,33011.5,S132,شركة النسيم الجديد المحدودة,ديزل,MK007
2026-05-21,7258666824,33001.4,S132,شركة النسيم الجديد المحدودة,ديزل,MK008
2026-05-21,7258657195,31980.0,S012,مؤسسة المصودع للنقليات,91,RY075
2026-05-21,7258636167,32014.0,S012,محطة منير سفير المطيري,91,RY024
2026-05-21,7258626003,31999.8,S142,مؤسسة مسار الطريق للنقليات,ديزل,QS055
2026-05-21,7258628615,31994.0,S133,مؤسسة المصودع للنقليات,95,RY025
2026-05-21,7258667206,33002.2,S132A,شركة النسيم الجديد المحدودة,95,MK003
2026-05-21,7258667148,32979.8,S132A,شركة النسيم الجديد المحدودة,91,MK007
2026-05-21,7258655382,31994.0,S132A,شركة القوة المتجددة للوقود,ديزل,MK033
2026-05-21,7258655287,32993.4,S132A,شركة تزويد السعودية المحدودة,95,MK004
2026-05-21,7258655285,33004.2,S132A,شركة النسيم الجديد المحدودة,95,MK002
2026-05-21,7258655279,33002.1,S132A,شركة النسيم الجديد المحدودة,95,MK007
2026-05-21,7258655228,32002.0,S132A,شركة القوة المتجددة للوقود,95,MK046
2026-05-21,7258655134,31999.1,S132A,شركة القوة المتجددة للوقود,95,MK017
2026-05-21,7258655131,32004.2,S132A,شركة القوة المتجددة للوقود,95,MK093
2026-05-21,7258655126,31992.5,S132A,شركة القوة المتجددة للوقود,95,MK071
2026-05-21,7258655123,32001.8,S132A,شركة القوة المتجددة للوقود,95,MK022
2026-05-21,7258655120,32004.5,S132A,شركة القوة المتجددة للوقود,95,MK001
2026-05-21,7258654856,32002.7,S132A,شركة القوة المتجددة للوقود,91,MK035
2026-05-21,7258654848,31994.6,S132A,شركة القوة المتجددة للوقود,91,MK033
2026-05-21,7258654841,32007.7,S132A,شركة القوة المتجددة للوقود,91,MK093
2026-05-21,7258654713,33008.5,S132A,شركة النسيم الجديد المحدودة,91,MK016
2026-05-21,7258654701,33001.7,S132A,شركة القوة المتجددة للوقود,91,MK014
2026-05-21,7258654361,31993.2,S132A,شركة القوة المتجددة للوقود,91,MK022
2026-05-21,7258654352,32001.6,S132A,شركة القوة المتجددة للوقود,91,MK046
2026-05-21,7258654277,32986.7,S132A,مؤسسة سامي بن سلمان بن عامر الصاعدي للنقليات,91,MK015
2026-05-21,7258654276,33003.2,S132A,شركة النسيم الجديد المحدودة,91,MK019
2026-05-21,7258654270,33001.4,S132A,شركة النسيم الجديد المحدودة,91,MK003
2026-05-21,7258654268,33008.9,S132A,شركة النسيم الجديد المحدودة,91,MK072
2026-05-21,7258654983,33003.4,S183D,شركة تزويد السعودية المحدودة,91,MK004
2026-05-21,7258654961,33003.6,S183D,شركة تزويد السعودية المحدودة,91,MK005
2026-05-21,7258654929,33003.9,S183D,شركة النسيم الجديد المحدودة,91,MK029
2026-05-21,7258654898,32004.0,S183D,شركة القوة المتجددة للوقود,91,MK047
2026-05-22,7258670736,32001.7,S132,شركة القوة المتجددة للوقود,ديزل,MK014
2026-05-22,7258670739,31993.5,S132,شركة القوة المتجددة للوقود,ديزل,MK033
2026-05-22,7258670746,32002.4,S132,شركة القوة المتجددة للوقود,ديزل,MK033
2026-05-22,7258670751,32001.9,S132,شركة القوة المتجددة للوقود,ديزل,MK018
2026-05-22,7258670756,31992.3,S132,شركة القوة المتجددة للوقود,ديزل,MK047
2026-05-22,7258670760,32001.5,S132,شركة القوة المتجددة للوقود,ديزل,MK022
2026-05-22,7258670872,31995.2,S132,شركة القوة المتجددة للوقود,ديزل,MK004
2026-05-22,7258670875,32001.8,S132,شركة القوة المتجددة للوقود,ديزل,MK004
2026-05-22,7258671071,33004.7,S132,شركة النسيم الجديد المحدودة,95,MK023
2026-05-22,7258671083,31995.0,S091,Al-Nassar Transport Company,95,JA061
2026-05-22,7258671098,31996.0,S091,Al-Nassar Transport Company,95,JA069
2026-05-22,7258677046,33001.1,S132,شركة النسيم الجديد المحدودة,ديزل,MK008
2026-05-22,7258628616,31993.0,S133,شركة القوة المتجددة للوقود,95,RY075
2026-05-22,7258653988,32015.2,S133,محطة منير سفير المطيري,ديزل,RY025
2026-05-22,7258633140,31998.5,S142,مؤسسة مسار الطريق للنقليات,ديزل,HA043
2026-05-22,7258676951,32004.0,S132A,شركة حسين زين العطاس وسعد عوض العصيمي وشركائهم,95,MK047
2026-05-22,7258670669,32994.7,S132A,شركة النسيم الجديد المحدودة,ديزل,MK007
2026-05-22,7258670665,32993.1,S132A,شركة النسيم الجديد المحدودة,ديزل,MK008
2026-05-22,7258670664,33002.0,S132A,شركة النسيم الجديد المحدودة,ديزل,MK008
2026-05-22,7258670350,32001.9,S132A,شركة تزويد السعودية المحدودة,95,MK005
2026-05-22,7258670346,31998.4,S132A,شركة القوة المتجددة للوقود,95,MK063
2026-05-22,7258670341,32005.0,S132A,شركة القوة المتجددة للوقود,95,MK054
2026-05-22,7258670332,32001.9,S132A,شركة القوة المتجددة للوقود,95,MK064
2026-05-22,7258670211,33001.5,S132A,شركة القوة المتجددة للوقود,91,MK003
2026-05-22,7258670169,32991.5,S132A,شركة النسيم الجديد المحدودة,95,MK084
2026-05-22,7258670168,32991.7,S132A,شركة أسطول النادر للنقليات شركة شخص واحد,95,MK017
2026-05-22,7258670167,32991.0,S132A,شركة النسيم الجديد المحدودة,95,MK007
2026-05-22,7258670074,33003.6,S132A,مؤسسة سامي بن سلمان بن عامر الصاعدي للنقليات,95,MK015
2026-05-22,7258670071,33101.5,S132A,شركة النسيم الجديد المحدودة,95,MK020
2026-05-22,7258670066,32989.7,S132A,شركة النسيم الجديد المحدودة,95,MK003
2026-05-22,7258670059,33003.6,S132A,شركة النسيم الجديد المحدودة,95,MK008
2026-05-22,7258669803,32976.9,S132A,شركة القوة المتجددة للوقود,91,MK068
2026-05-22,7258669611,33001.4,S132A,شركة النسيم الجديد المحدودة,91,MK008
2026-05-22,7258669533,33001.6,S132A,شركة النسيم الجديد المحدودة,91,MK072
2026-05-22,7258669245,33002.0,S132A,مؤسسة سامي بن سلمان بن عامر الصاعدي للنقليات,91,MK015
2026-05-22,7258669236,32988.5,S132A,شركة النسيم الجديد المحدودة,91,MK084
2026-05-22,7258669226,32990.6,S132A,شركة النسيم الجديد المحدودة,91,MK007
2026-05-22,7258669214,33001.6,S132A,شركة النسيم الجديد المحدودة,91,MK003
2026-05-22,7258668825,32990.0,S132A,شركة أسطول النادر للنقليات شركة شخص واحد,91,MK017
2026-05-22,7258668599,33001.4,S132A,شركة القوة المتجددة للوقود,91,MK005
2026-05-22,7258668448,32003.7,S183D,شركة القوة المتجددة للوقود,91,MK028
2026-05-22,7258668447,32003.4,S183D,شركة القوة المتجددة للوقود,91,MK006
2026-05-22,7258668445,31983.3,S183D,شركة القوة المتجددة للوقود,91,MK063
2026-05-22,7258668443,32003.4,S183D,شركة حسين زين العطاس وسعد عوض العصيمي وشركائهم,91,MK001
2026-05-22,7258668442,32004.5,S183D,شركة حسين زين العطاس وسعد عوض العصيمي وشركائهم,91,MK001
2026-05-23,7258678725,32001.7,S132,شركة القوة المتجددة للوقود,ديزل,MK100
2026-05-23,7258678727,32002.0,S132,شركة القوة المتجددة للوقود,ديزل,MK004
2026-05-23,7258678729,32001.8,S132,شركة القوة المتجددة للوقود,ديزل,MK072
2026-05-23,7258678732,32001.5,S132,شركة القوة المتجددة للوقود,ديزل,MK033
2026-05-23,7258678757,32001.5,S132,شركة القوة المتجددة للوقود,ديزل,MK031
2026-05-23,7258678793,32005.0,S091,Al-Nassar Transport Company,91,JA053
2026-05-23,7258678833,32000.0,S091,Al-Nassar Transport Company,95,AS153
2026-05-23,7258671922,32001.0,S032,شركة هال للنقليات,91,EP051
2026-05-23,7258628617,32000.4,S133,مؤسسة المصودع للنقليات,95,RY042
2026-05-23,7258678767,32992.7,S132A,شركة النسيم الجديد المحدودة,ديزل,MK007
2026-05-23,7258678499,32986.1,S132A,شركة النسيم الجديد المحدودة,91,MK003
2026-05-23,7258678423,33001.4,S132A,مؤسسة سامي بن سلمان بن عامر الصاعدي للنقليات,91,MK015
2026-05-23,7258678421,33001.6,S132A,شركة النسيم الجديد المحدودة,91,MK072
2026-05-23,7258678420,33001.4,S132A,شركة النسيم الجديد المحدودة,91,MK018
2026-05-23,7258678418,32994.1,S132A,شركة النسيم الجديد المحدودة,91,MK007
2026-05-23,7258678416,32994.0,S132A,شركة النسيم الجديد المحدودة,91,MK020
2026-05-23,7258678412,32985.3,S132A,شركة النسيم الجديد المحدودة,91,MK003
2026-05-23,7258678721,32001.2,S132,شركة القوة المتجددة للوقود,ديزل,MK033
2026-05-23,7258678722,32012.4,S132,شركة القوة المتجددة للوقود,ديزل,MK046
2026-05-23,7258667257,31979.3,S133,شركة القوة المتجددة للوقود,91,RY075
2026-05-23,7258628628,31985.6,S133,مؤسسة المصودع للنقليات,91,RY025
2026-05-23,7258667089,32008.3,S184,شركة القوة المتجددة للوقود,ديزل,RY075
2026-05-23,7258678886,32005.2,S142,مؤسسة مسار الطريق للنقليات,ديزل,QS055
2026-05-23,7258684586,31993.0,S132A,شركة القوة المتجددة للوقود,ديزل,MK068
2026-05-23,7258678766,32993.9,S132A,شركة النسيم الجديد المحدودة,ديزل,MK008
2026-05-23,7258678690,33002.3,S132A,مؤسسة سامي بن سلمان بن عامر الصاعدي للنقليات,95,MK015
2026-05-23,7258678689,33003.9,S132A,شركة النسيم الجديد المحدودة,95,MK029
2026-05-23,7258678688,32998.7,S132A,شركة النسيم الجديد المحدودة,95,MK007
2026-05-23,7258678686,32992.3,S132A,شركة النسيم الجديد المحدودة,95,MK003
2026-05-23,7258678651,31998.3,S132A,شركة القوة المتجددة للوقود,95,MK033
2026-05-23,7258678646,31986.0,S132A,شركة القوة المتجددة للوقود,95,MK046
2026-05-23,7258678644,31998.1,S132A,شركة تزويد السعودية المحدودة,95,MK004
2026-05-23,7258678641,31991.0,S132A,شركة القوة المتجددة للوقود,95,MK005
2026-05-23,7258678640,32004.6,S132A,شركة القوة المتجددة للوقود,95,MK006
2026-05-23,7258678639,31994.1,S132A,شركة القوة المتجددة للوقود,95,MK068
2026-05-23,7258678638,32001.8,S132A,شركة القوة المتجددة للوقود,95,MK047
2026-05-23,7258678634,31998.3,S132A,شركة القوة المتجددة للوقود,95,MK001
2026-05-23,7258678583,32990.4,S132A,شركة النسيم الجديد المحدودة,91,MK023
2026-05-23,7258678578,32011.3,S132A,شركة تزويد السعودية المحدودة,91,MK004
2026-05-23,7258678577,32002.7,S132A,شركة القوة المتجددة للوقود,91,MK046
2026-05-23,7258678575,32002.9,S132A,شركة القوة المتجددة للوقود,91,MK006
2026-05-23,7258678555,33004.4,S183D,مؤسسة سامي بن سلمان بن عامر الصاعدي للنقليات,91,MK071
2026-05-24,7258685748,31979.6,S132,شركة القوة المتجددة للوقود,91,MK099
2026-05-24,7258686007,31995.0,S091,Al-Nassar Transport Company,95,JA041
2026-05-24,7258686016,31997.0,S091,Al-Nassar Transport Company,91,JA060
2026-05-24,7258685164,32016.0,S012,مؤسسة المصودع للنقليات,91,RY024
2026-05-24,7258686122,31992.5,S132A,شركة القوة المتجددة للوقود,ديزل,MK033
2026-05-24,7258686116,31992.5,S132A,شركة القوة المتجددة للوقود,ديزل,MK033
2026-05-24,7258686109,31992.3,S132A,شركة القوة المتجددة للوقود,ديزل,MK014
2026-05-24,7258685918,32003.9,S132A,شركة القوة المتجددة للوقود,95,MK028
2026-05-24,7258685805,33002.5,S132A,شركة النسيم الجديد المحدودة,95,MK019
2026-05-24,7258685804,33003.4,S132A,شركة النسيم الجديد المحدودة,95,MK016
2026-05-24,7258685803,33004.7,S132A,شركة النسيم الجديد المحدودة,95,MK018
2026-05-24,7258685801,33004.1,S132A,شركة النسيم الجديد المحدودة,95,MK007
2026-05-24,7258685782,33001.7,S132A,شركة القوة المتجددة للوقود,95,MK099
2026-05-24,7258685781,33003.7,S132A,شركة النسيم الجديد المحدودة,95,MK003
2026-05-24,7258685773,33002.0,S132A,شركة النسيم الجديد المحدودة,95,MK072
2026-05-24,7258685770,32991.2,S132A,شركة تزويد السعودية المحدودة,95,MK004
2026-05-24,7258685560,33047.9,S132A,شركة حسين زين العطاس وسعد عوض العصيمي وشركائهم,91,MK029
2026-05-24,7258685559,33009.4,S132A,شركة النسيم الجديد المحدودة,91,MK072
2026-05-24,7258685558,33003.6,S132A,شركة حسين زين العطاس وسعد عوض العصيمي وشركائهم,91,MK031
2026-05-24,7258685550,32991.9,S132A,شركة النسيم الجديد المحدودة,91,MK016
2026-05-24,7258685548,32993.9,S132A,شركة النسيم الجديد المحدودة,91,MK007
2026-05-24,7258685714,32005.0,S183D,شركة القوة المتجددة للوقود,91,MK064
2026-05-24,7258685712,31983.4,S183D,شركة القوة المتجددة للوقود,91,MK047
2026-05-24,7258685741,32002.1,S132,شركة القوة المتجددة للوقود,91,MK046
2026-05-24,7258685939,33114.6,S132,شركة النسيم الجديد المحدودة,95,MK008
2026-05-24,7258686155,33001.6,S132,شركة النسيم الجديد المحدودة,ديزل,MK008
2026-05-24,7258686172,33001.3,S132,شركة النسيم الجديد المحدودة,ديزل,MK007
2026-05-24,7258686192,32001.5,S132,شركة القوة المتجددة للوقود,ديزل,MK022
2026-05-24,7258695337,32002.2,S132,شركة القوة المتجددة للوقود,ديزل,MK029
2026-05-24,7258689473,32034.9,S020,Al-Nassar Transport Company,ديزل,JA061
2026-05-24,7258685910,32003.9,S132A,شركة القوة المتجددة للوقود,95,MK063
2026-05-24,7258685903,33002.3,S132A,شركة النسيم الجديد المحدودة,95,MK031
2026-05-24,7258685897,32998.7,S132A,شركة النسيم الجديد المحدودة,95,MK003
2026-05-24,7258685686,33002.3,S132A,شركة القوة المتجددة للوقود,91,MK063
2026-05-24,7258685685,33002.7,S132A,شركة القوة المتجددة للوقود,91,MK028
2026-05-24,7258685684,32989.9,S132A,شركة النسيم الجديد المحدودة,91,MK008
2026-05-24,7258685610,33002.6,S132A,شركة تزويد السعودية المحدودة,91,MK005
2026-05-24,7258685606,32994.3,S132A,شركة النسيم الجديد المحدودة,91,MK003
2026-05-24,7258685602,32994.4,S132A,شركة النسيم الجديد المحدودة,91,MK003
2026-05-24,7258685715,32003.4,S183D,شركة القوة المتجددة للوقود,91,MK054
2026-05-24,7258685485,31997.7,S142,مؤسسة مسار الطريق للنقليات,91,HA043
2026-05-24,7258685488,32011.3,S142,مؤسسة مسار الطريق للنقليات,91,QS055
2026-05-25,7258697553,32996.2,S132,شركة النسيم الجديد المحدودة,ديزل,MK007
2026-05-25,7258697135,32005.0,S091,Al-Nassar Transport Company,91,JA061
2026-05-25,7258697139,32000.0,S091,Al-Nassar Transport Company,91,JA056
2026-05-25,7258697142,31997.0,S091,Al-Nassar Transport Company,91,JA041
2026-05-25,7258697144,31996.0,S091,Al-Nassar Transport Company,91,AS153
2026-05-25,7258697231,32028.6,S020,Al-Nassar Transport Company,ديزل,JA053
2026-05-25,7258706067,33003.6,S132,شركة تزويد السعودية المحدودة,95,MK004
2026-05-25,7258704392,31994.3,S132,شركة القوة المتجددة للوقود,ديزل,MK018
2026-05-25,7258697812,32998.8,S132,شركة النسيم الجديد المحدودة,95,MK007
2026-05-25,7258697765,32992.3,S132,شركة النسيم الجديد المحدودة,95,MK029
2026-05-25,7258697562,33002.2,S132,شركة النسيم الجديد المحدودة,ديزل,MK008
2026-05-25,7258697540,31993.6,S132,شركة القوة المتجددة للوقود,ديزل,BH050
2026-05-25,7258697526,31993.6,S132,شركة القوة المتجددة للوقود,ديزل,MK028
2026-05-25,7258697506,32001.4,S132,شركة القوة المتجددة للوقود,ديزل,MK014
2026-05-25,7258705646,31995.0,S091,Al-Nassar Transport Company,95,JA053
2026-05-25,7258703243,32035.2,S020,Al-Nassar Transport Company,ديزل,JA053
2026-05-25,7258697487,31993.9,S132A,شركة القوة المتجددة للوقود,ديزل,MK047
2026-05-25,7258697485,32001.9,S132A,شركة أسطول النادر للنقليات شركة شخص واحد,ديزل,MK029
2026-05-25,7258697474,32002.2,S132A,شركة القوة المتجددة للوقود,ديزل,MK072
2026-05-25,7258697473,32002.0,S132A,شركة القوة المتجددة للوقود,ديزل,MK035
2026-05-25,7258697445,31993.8,S132A,شركة القوة المتجددة للوقود,ديزل,MK046
2026-05-25,7258697085,31988.7,S132A,شركة القوة المتجددة للوقود,95,MK028
2026-05-25,7258697083,32004.5,S132A,شركة القوة المتجددة للوقود,95,MK005
2026-05-25,7258696773,33002.0,S132A,شركة القوة المتجددة للوقود,95,MK006
2026-05-25,7258696772,33004.8,S132A,شركة القوة المتجددة للوقود,95,MK047
2026-05-25,7258696769,33000.3,S132A,شركة حسين زين العطاس وسعد عوض العصيمي وشركائهم,95,MK035
2026-05-25,7258696763,32993.1,S132A,شركة النسيم الجديد المحدودة,95,MK023
2026-05-25,7258696760,33003.9,S132A,شركة النسيم الجديد المحدودة,95,MK007
2026-05-25,7258696756,33004.2,S132A,شركة النسيم الجديد المحدودة,95,MK031
2026-05-25,7258696755,32998.9,S132A,شركة القوة المتجددة للوقود,95,MK071
2026-05-25,7258696751,33002.2,S132A,شركة أسطول النادر للنقليات شركة شخص واحد,95,MK017
2026-05-25,7258696746,32998.3,S132A,شركة النسيم الجديد المحدودة,95,MK015
2026-05-25,7258696744,32993.4,S132A,شركة النسيم الجديد المحدودة,95,MK020
2026-05-25,7258696529,33010.3,S132A,شركة النسيم الجديد المحدودة,91,MK072
2026-05-25,7258696483,33008.2,S132A,شركة النسيم الجديد المحدودة,91,MK003
2026-05-25,7258696100,33002.4,S132A,شركة تزويد السعودية المحدودة,91,MK004
2026-05-25,7258696081,32984.7,S132A,شركة النسيم الجديد المحدودة,91,MK020
2026-05-25,7258696078,33002.7,S132A,مؤسسة سامي بن سلمان بن عامر الصاعدي للنقليات,91,MK015
2026-05-25,7258696070,33001.2,S132A,شركة النسيم الجديد المحدودة,91,MK018
2026-05-25,7258696067,32990.6,S132A,شركة حسين زين العطاس وسعد عوض العصيمي وشركائهم,91,MK022
2026-05-25,7258696061,33009.4,S132A,شركة أسطول النادر للنقليات شركة شخص واحد,91,MK017
2026-05-25,7258696055,33002.9,S132A,شركة النسيم الجديد المحدودة,91,MK019
2026-05-25,7258696045,32991.7,S132A,شركة حسين زين العطاس وسعد عوض العصيمي وشركائهم,91,MK001
2026-05-25,7258696578,31983.7,S183D,شركة القوة المتجددة للوقود,91,MK093
2026-05-25,7258696577,32003.6,S183D,شركة القوة المتجددة للوقود,91,MK100
2026-05-25,7258696569,32003.4,S183D,شركة القوة المتجددة للوقود,91,MK046
2026-05-25,7258696567,32003.1,S183D,شركة القوة المتجددة للوقود,91,MK006
2026-05-25,7258696565,32002.5,S183D,شركة القوة المتجددة للوقود,91,MK035
2026-05-25,7258685116,31993.3,S133,مؤسسة المصودع للنقليات,95,RY025
2026-05-25,7258685117,32003.0,S133,مؤسسة المصودع للنقليات,95,RY024
2026-05-25,7258685118,32004.5,S133,شركة القوة المتجددة للوقود,95,RY075
2026-05-25,7258685483,31979.0,S133,شركة القوة المتجددة للوقود,91,RY075
2026-05-25,7258685538,32003.9,S142,مؤسسة مسار الطريق للنقليات,95,QS055
2026-05-25,7258685528,32049.5,S142,مؤسسة مسار الطريق للنقليات,95,HA043
2026-05-26,7258707609,31999.0,S091,Al-Nassar Transport Company,91,JA041
2026-05-26,7258707477,31999.0,S091,Al-Nassar Transport Company,91,AS153
2026-05-26,7258706631,31998.0,S091,Al-Nassar Transport Company,91,JA053
2026-05-26,7258705665,31999.0,S091,Al-Nassar Transport Company,95,JA069
2026-05-26,7258704315,32000.0,S091,Al-Nassar Transport Company,91,JA069
2026-05-26,7258709867,32002.1,S132,شركة القوة المتجددة للوقود,ديزل,MK033
2026-05-26,7258709871,32001.8,S132,شركة حسين زين العطاس وسعد عوض العصيمي وشركائهم,ديزل,MK071
2026-05-26,7258709872,32001.6,S132,شركة القوة المتجددة للوقود,ديزل,MK046
2026-05-26,7258710060,32993.4,S132,شركة النسيم الجديد المحدودة,ديزل,MK008
2026-05-26,7258710062,33001.7,S132,شركة النسيم الجديد المحدودة,ديزل,MK007
2026-05-26,7258703849,32021.9,S020,Al-Nassar Transport Company,ديزل,JA041
2026-05-26,7258710455,32992.3,S132,مؤسسة سامي بن سلمان بن عامر الصاعدي للنقليات,95,MK015
2026-05-26,7258709873,32001.8,S132,شركة القوة المتجددة للوقود,ديزل,MK004
2026-05-26,7258709868,31993.7,S132,شركة القوة المتجددة للوقود,ديزل,MK022
2026-05-26,7258710156,32993.9,S132,شركة النسيم الجديد المحدودة,ديزل,MK033
2026-05-26,7258711359,33001.8,S132,شركة النسيم الجديد المحدودة,ديزل,MK084
2026-05-26,7258711156,32001.8,S132,شركة القوة المتجددة للوقود,ديزل,MK033
2026-05-26,7258709964,32001.8,S132,شركة القوة المتجددة للوقود,ديزل,MK029
2026-05-26,7258709970,31993.6,S132,شركة القوة المتجددة للوقود,ديزل,MK054
2026-05-26,7258709697,32004.3,S132,شركة القوة المتجددة للوقود,95,MK068
2026-05-26,7258709663,32068.7,S132,شركة القوة المتجددة للوقود,95,MK093
2026-05-26,7258709621,31992.2,S132,شركة القوة المتجددة للوقود,95,MK063
2026-05-26,7258709575,33003.4,S132,شركة القوة المتجددة للوقود,95,MK064
2026-05-26,7258709540,32992.5,S132,شركة النسيم الجديد المحدودة,95,MK007
2026-05-26,7258709518,32990.9,S132,شركة النسيم الجديد المحدودة,95,MK008
2026-05-26,7258709501,33003.6,S132,شركة النسيم الجديد المحدودة,95,MK003
2026-05-26,7258709266,32997.7,S132,شركة النسيم الجديد المحدودة,95,MK072
2026-05-26,7258709146,32989.6,S132,شركة النسيم الجديد المحدودة,91,MK007
2026-05-26,7258709130,32001.5,S132,شركة القوة المتجددة للوقود,91,MK046
2026-05-26,7258709044,32993.4,S132,شركة النسيم الجديد المحدودة,91,MK008
2026-05-26,7258716630,32991.1,S132,شركة النسيم الجديد المحدودة,91,MK072
2026-05-26,7258709203,32003.5,S132A,شركة القوة المتجددة للوقود,95,MK006
2026-05-26,7258709202,31991.5,S132A,شركة القوة المتجددة للوقود,95,MK028
2026-05-26,7258709200,32004.4,S132A,شركة تزويد السعودية المحدودة,95,MK004
2026-05-26,7258709198,31991.1,S132A,شركة القوة المتجددة للوقود,95,MK054
2026-05-26,7258709197,31992.6,S132A,شركة القوة المتجددة للوقود,95,MK005
2026-05-26,7258709196,32005.2,S132A,شركة حسين زين العطاس وسعد عوض العصيمي وشركائهم,95,MK001
2026-05-26,7258709194,32003.7,S132A,شركة القوة المتجددة للوقود,95,MK005
2026-05-26,7258709193,31992.3,S132A,شركة القوة المتجددة للوقود,95,MK047
2026-05-26,7258709191,31992.6,S132A,شركة القوة المتجددة للوقود,95,MK046
2026-05-26,7258709104,33001.4,S132A,شركة النسيم الجديد المحدودة,ديزل,MK008
2026-05-26,7258708580,33002.7,S132A,مؤسسة سامي بن سلمان بن عامر الصاعدي للنقليات,91,MK015
2026-05-26,7258708579,32988.7,S132A,شركة النسيم الجديد المحدودة,91,MK007
2026-05-26,7258708577,32987.5,S132A,شركة النسيم الجديد المحدودة,91,MK029
2026-05-26,7258708343,33007.7,S132A,شركة النسيم الجديد المحدودة,91,MK003
2026-05-26,7258708341,33007.3,S132A,شركة القوة المتجددة للوقود,91,MK047
2026-05-26,7258708326,32988.4,S132A,شركة النسيم الجديد المحدودة,91,MK020
2026-05-26,7258708316,32892.2,S132A,شركة أسطول النادر للنقليات شركة شخص واحد,91,MK017
2026-05-26,7258708311,32992.5,S132A,شركة النسيم الجديد المحدودة,91,MK023
2026-05-26,7258708306,33010.0,S132A,شركة النسيم الجديد المحدودة,91,MK016
2026-05-26,7258708301,32986.8,S132A,شركة القوة المتجددة للوقود,91,MK001
2026-05-26,7258705715,32001.7,S132A,شركة القوة المتجددة للوقود,ديزل,MK054
2026-05-26,7258705706,32001.6,S132A,شركة القوة المتجددة للوقود,ديزل,MK054
2026-05-26,7258708754,32002.9,S183D,شركة تزويد السعودية المحدودة,91,MK005
2026-05-26,7258708751,32004.6,S183D,شركة تزويد السعودية المحدودة,91,MK004
2026-05-26,7258708749,32004.0,S183D,شركة القوة المتجددة للوقود,91,MK028
2026-05-26,7258708748,31983.6,S183D,شركة القوة المتجددة للوقود,91,MK064
2026-05-26,7258708746,31984.9,S183D,شركة القوة المتجددة للوقود,91,MK006
2026-05-26,7258708393,32004.8,S133,مؤسسة المصودع للنقليات,95,RY024
2026-05-26,7258708622,32015.0,S012,مؤسسة المصودع للنقليات,91,RY042
2026-05-26,7258685582,32004.8,S133,شركة القوة المتجددة للوقود,95,RY075
2026-05-26,7258708392,31995.3,S133,محطة منير سفير المطيري,95,RY025
2026-05-26,7258708404,32005.1,S133,مؤسسة المصودع للنقليات,95,RY042
2026-05-26,7258708640,31979.1,S133,شركة القوة المتجددة للوقود,91,RY024
2026-05-26,7258708621,32017.0,S012,محطة منير سفير المطيري,91,RY025
2026-05-26,7258699201,31995.0,S032,شركة هال للنقليات,91,EP051
2026-05-26,7258699209,32003.3,S032,شركة هال للنقليات,95,EP051
2026-05-27,7258718852,32001.8,S132,شركة القوة المتجددة للوقود,91,MK054
2026-05-27,7258718850,32001.7,S132,شركة القوة المتجددة للوقود,91,BH050
2026-05-27,7258718849,32002.9,S132,شركة أسطول النادر للنقليات شركة شخص واحد,91,MK018
2026-05-27,7258718847,32001.6,S132,شركة القوة المتجددة للوقود,91,MK022
2026-05-27,7258718846,32007.8,S132,شركة القوة المتجددة للوقود,91,MK033
2026-05-27,7258707767,31999.0,S091,Al-Nassar Transport Company,95,JA069
2026-05-27,7258707744,31998.0,S091,Al-Nassar Transport Company,95,AS153
2026-05-27,7258707714,31995.0,S091,Al-Nassar Transport Company,95,JA041
2026-05-27,7258718813,32001.4,S132,شركة القوة المتجددة للوقود,91,MK068
2026-05-27,7258710472,32993.0,S132,شركة النسيم الجديد المحدودة,95,MK016
2026-05-27,7258718886,31994.1,S132A,شركة القوة المتجددة للوقود,ديزل,MK022
2026-05-27,7258718883,32001.5,S132A,شركة القوة المتجددة للوقود,ديزل,MK014
2026-05-27,7258718662,33007.7,S132A,شركة النسيم الجديد المحدودة,91,MK007
2026-05-27,7258718655,33001.8,S132A,شركة القوة المتجددة للوقود,91,MK035
2026-05-27,7258718651,32991.1,S132A,شركة النسيم الجديد المحدودة,91,MK029
2026-05-27,7258718648,33008.4,S132A,شركة القوة المتجددة للوقود,91,MK001
2026-05-27,7258718646,33007.3,S132A,شركة النسيم الجديد المحدودة,91,MK003
2026-05-27,7258718580,31989.0,S132A,شركة تزويد السعودية المحدودة,91,MK004
2026-05-27,7258718579,32001.7,S132A,شركة أسطول النادر للنقليات شركة شخص واحد,91,MK006
2026-05-27,7258718576,31992.1,S132A,شركة حسين زين العطاس وسعد عوض العصيمي وشركائهم,91,MK005
2026-05-27,7258718575,31985.6,S132A,شركة القوة المتجددة للوقود,91,MK063
2026-05-27,7258711688,32999.0,S132A,شركة حسين زين العطاس وسعد عوض العصيمي وشركائهم,95,MK020
2026-05-27,7258711677,31998.5,S132A,شركة القوة المتجددة للوقود,95,MK001
2026-05-27,7258711676,31992.2,S132A,شركة أسطول النادر للنقليات شركة شخص واحد,95,MK017
2026-05-27,7258711672,31991.5,S132A,شركة القوة المتجددة للوقود,95,MK022
2026-05-27,7258711668,32004.3,S132A,شركة القوة المتجددة للوقود,95,MK006
2026-05-27,7258711666,32002.1,S132A,شركة القوة المتجددة للوقود,95,MK046
2026-05-27,7258711663,32002.1,S132A,شركة تزويد السعودية المحدودة,95,MK035
2026-05-27,7258718246,33004.7,S183D,مؤسسة سامي بن سلمان بن عامر الصاعدي للنقليات,91,MK071
2026-05-27,7258718911,33001.3,S132,شركة النسيم الجديد المحدودة,ديزل,MK007
2026-05-27,7258711702,32990.4,S132,شركة النسيم الجديد المحدودة,95,MK019
2026-05-27,7258711701,33004.6,S132,شركة النسيم الجديد المحدودة,95,MK003
2026-05-27,7258711700,32990.9,S132,شركة النسيم الجديد المحدودة,95,MK007
2026-05-27,7258718766,32001.7,S132,شركة القوة المتجددة للوقود,91,MK046
2026-05-27,7258718722,32993.9,S132,مؤسسة سامي بن سلمان بن عامر الصاعدي للنقليات,91,MK015
2026-05-27,7258712014,31994.2,S133,شركة القوة المتجددة للوقود,95,RY025
2026-05-27,7258719187,32022.0,S012,شركة القوة المتجددة للوقود,91,RY075
2026-05-27,7258718888,31992.3,S132A,شركة القوة المتجددة للوقود,ديزل,MK031
2026-05-27,7258711671,32003.7,S132A,شركة القوة المتجددة للوقود,95,MK033
2026-05-28,7258717491,31999.0,S091,Al-Nassar Transport Company,95,JA060
2026-05-28,7258725765,31998.0,S091,Al-Nassar Transport Company,95,JA053
2026-05-28,7258725774,32023.0,S020,Al-Nassar Transport Company,ديزل,JA061
2026-05-28,7258717225,32023.0,S012,شركة القوة المتجددة للوقود,ديزل,RY042
2026-05-28,7258717230,32009.0,S012,شركة القوة المتجددة للوقود,ديزل,RY025
2026-05-28,7258725893,33003.7,S183D,شركة القوة المتجددة للوقود,91,MK006
2026-05-28,7258725890,33004.3,S183D,شركة النسيم الجديد المحدودة,91,MK003
2026-05-28,7258725935,32001.9,S132A,شركة القوة المتجددة للوقود,ديزل,MK046
2026-05-28,7258725934,32001.7,S132A,شركة القوة المتجددة للوقود,ديزل,MK004
2026-05-28,7258725932,32001.4,S132A,شركة القوة المتجددة للوقود,ديزل,MK047
2026-05-28,7258725898,32002.2,S132A,شركة القوة المتجددة للوقود,95,MK047
2026-05-28,7258725885,32001.7,S132A,شركة القوة المتجددة للوقود,91,MK033
2026-05-28,7258725880,32992.9,S132A,شركة حسين زين العطاس وسعد عوض العصيمي وشركائهم,91,MK093
2026-05-28,7258725873,33008.5,S132A,شركة النسيم الجديد المحدودة,91,MK016
2026-05-28,7258725872,33008.4,S132A,شركة النسيم الجديد المحدودة,91,MK002
2026-05-28,7258725871,33001.6,S132A,شركة النسيم الجديد المحدودة,91,MK003
2026-05-28,7258725788,32992.8,S132A,شركة القوة المتجددة للوقود,91,MK047
2026-05-28,7258725755,32992.2,S132A,شركة النسيم الجديد المحدودة,91,MK023
2026-05-28,7258725748,33001.7,S132A,شركة النسيم الجديد المحدودة,91,MK084
2026-05-28,7258725737,32992.6,S132A,شركة النسيم الجديد المحدودة,91,MK072
2026-05-28,7258725717,32994.3,S132A,شركة النسيم الجديد المحدودة,91,MK008
2026-05-28,7258716240,32999.6,S132A,شركة النسيم الجديد المحدودة,95,MK072
2026-05-28,7258716239,32998.8,S132A,شركة النسيم الجديد المحدودة,95,MK003
2026-05-28,7258716238,33004.0,S132A,مؤسسة سامي بن سلمان بن عامر الصاعدي للنقليات,95,MK015
2026-05-28,7258716237,33032.2,S132A,شركة النسيم الجديد المحدودة,95,MK018
2026-05-28,7258716185,31998.2,S132A,شركة أسطول النادر للنقليات شركة شخص واحد,95,MK023
2026-05-28,7258716170,31993.6,S132A,شركة تزويد السعودية المحدودة,95,MK004
2026-05-28,7258733072,31993.1,S132,شركة القوة المتجددة للوقود,ديزل,MK029
2026-05-28,7258725926,33004.3,S132,شركة النسيم الجديد المحدودة,95,MK084
2026-05-28,7258725914,32004.2,S132,شركة القوة المتجددة للوقود,95,MK046
2026-05-28,7258725770,31999.0,S091,Al-Nassar Transport Company,91,JA060
2026-05-28,7258733093,33002.1,S132,شركة النسيم الجديد المحدودة,95,MK008
2026-05-28,7258712016,32006.1,S133,شركة القوة المتجددة للوقود,95,RY075
2026-05-28,7258711996,31995.0,S133,مؤسسة المصودع للنقليات,91,RY025
2026-05-29,7258734557,32001.7,S132,شركة القوة المتجددة للوقود,ديزل,MK072
2026-05-29,7258734528,32001.4,S132,شركة القوة المتجددة للوقود,ديزل,MK018
2026-05-29,7258733475,31995.0,S091,Al-Nassar Transport Company,95,JA061
2026-05-29,7258733595,32024.4,S020,Al-Nassar Transport Company,ديزل,AS153
2026-05-29,7258734253,32003.6,S183D,شركة القوة المتجددة للوقود,91,MK014
2026-05-29,7258734525,32001.9,S132A,شركة القوة المتجددة للوقود,ديزل,MK029
2026-05-29,7258734511,33002.8,S132A,شركة النسيم الجديد المحدودة,ديزل,MK007
2026-05-29,7258734509,33001.5,S132A,شركة النسيم الجديد المحدودة,ديزل,MK008
2026-05-29,7258734440,32993.1,S132A,شركة النسيم الجديد المحدودة,ديزل,MK008
2026-05-29,7258734375,33005.1,S132A,شركة النسيم الجديد المحدودة,95,MK016
2026-05-29,7258734353,31988.8,S132A,شركة القوة المتجددة للوقود,95,MK028
2026-05-29,7258734352,32004.0,S132A,شركة تزويد السعودية المحدودة,95,MK004
2026-05-29,7258734350,32002.3,S132A,شركة القوة المتجددة للوقود,95,MK014
2026-05-29,7258734349,32004.1,S132A,شركة القوة المتجددة للوقود,95,MK022
2026-05-29,7258734328,32990.0,S132A,شركة النسيم الجديد المحدودة,95,MK003
2026-05-29,7258734327,32990.8,S132A,شركة القوة المتجددة للوقود,95,MK001
2026-05-29,7258734326,33004.2,S132A,شركة النسيم الجديد المحدودة,95,MK007
2026-05-29,7258734320,33003.8,S132A,شركة النسيم الجديد المحدودة,95,MK029
2026-05-29,7258734076,32002.7,S132A,شركة القوة المتجددة للوقود,91,MK028
2026-05-29,7258734066,33002.1,S132A,شركة النسيم الجديد المحدودة,91,MK031
2026-05-29,7258734044,32993.7,S132A,شركة تزويد السعودية المحدودة,91,MK004
2026-05-29,7258734006,33018.0,S132A,شركة النسيم الجديد المحدودة,91,MK072
2026-05-29,7258733846,31992.1,S132A,شركة القوة المتجددة للوقود,91,MK063
2026-05-29,7258733789,32992.8,S132A,شركة القوة المتجددة للوقود,91,MK046
2026-05-29,7258733773,32988.3,S132A,شركة أسطول النادر للنقليات شركة شخص واحد,91,MK005
2026-05-29,7258733771,33002.1,S132A,شركة النسيم الجديد المحدودة,91,MK007
2026-05-29,7258733758,33001.5,S132A,شركة أسطول النادر للنقليات شركة شخص واحد,91,MK017
2026-05-29,7258733670,32994.1,S132A,شركة النسيم الجديد المحدودة,91,MK008
2026-05-29,7258733578,32000.0,S091,Al-Nassar Transport Company,91,AS153
2026-05-29,7258734442,33013.5,S132,شركة النسيم الجديد المحدودة,95,MK007
2026-05-29,7258734415,31992.0,S132,شركة القوة المتجددة للوقود,95,MK063
2026-05-29,7258736562,32999.9,S132,شركة النسيم الجديد المحدودة,95,MK003
2026-05-29,7258736576,32993.3,S132,شركة النسيم الجديد المحدودة,ديزل,MK008
2026-05-29,7258736648,33008.9,S132,شركة النسيم الجديد المحدودة,91,MK007
2026-05-29,7258736650,33002.0,S132,شركة النسيم الجديد المحدودة,91,MK003
2026-05-29,7258741041,31993.1,S132,شركة القوة المتجددة للوقود,95,MK006
2026-05-29,7258741053,32991.2,S132,شركة حسين زين العطاس وسعد عوض العصيمي وشركائهم,95,MK005
2026-05-29,7258712021,31994.0,S133,مؤسسة المصودع للنقليات,95,RY024
2026-05-29,7258712000,31985.1,S133,شركة القوة المتجددة للوقود,91,RY075
2026-05-30,7258741743,32992.4,S132A,شركة النسيم الجديد المحدودة,95,MK007
2026-05-30,7258741729,33003.8,S132A,شركة النسيم الجديد المحدودة,95,MK008
2026-05-30,7258736327,32991.7,S132A,شركة النسيم الجديد المحدودة,ديزل,MK064
2026-05-30,7258736322,32994.6,S132A,شركة أسطول النادر للنقليات شركة شخص واحد,ديزل,MK022
2026-05-30,7258736318,33001.7,S132A,شركة أسطول النادر للنقليات شركة شخص واحد,ديزل,MK022
2026-05-30,7258736302,32982.1,S132A,شركة النسيم الجديد المحدودة,91,MK003
2026-05-30,7258736299,33002.4,S132A,شركة النسيم الجديد المحدودة,91,MK007
2026-05-30,7258736281,31979.5,S132A,شركة القوة المتجددة للوقود,91,MK064
2026-05-30,7258736277,32001.6,S132A,شركة القوة المتجددة للوقود,91,MK099
2026-05-30,7258736273,31981.5,S132A,شركة القوة المتجددة للوقود,91,MK028
2026-05-30,7258736270,32001.6,S132A,شركة القوة المتجددة للوقود,91,MK047
2026-05-30,7258736262,31993.6,S132A,شركة القوة المتجددة للوقود,91,MK006
2026-05-30,7258736257,31886.6,S132A,شركة أسطول النادر للنقليات شركة شخص واحد,91,MK017
2026-05-30,7258736254,31991.9,S132A,شركة تزويد السعودية المحدودة,91,MK004
2026-05-30,7258736250,31978.0,S132A,شركة القوة المتجددة للوقود,91,MK001
2026-05-30,7258736230,32004.1,S132A,شركة القوة المتجددة للوقود,95,MK099
2026-05-30,7258736228,31992.2,S132A,شركة القوة المتجددة للوقود,95,MK020
2026-05-30,7258736227,32002.2,S132A,شركة القوة المتجددة للوقود,95,MK046
2026-05-30,7258736222,31999.8,S132A,شركة القوة المتجددة للوقود,95,MK028
2026-05-30,7258736199,32999.3,S132A,شركة القوة المتجددة للوقود,95,MK064
2026-05-30,7258736198,33003.9,S132A,شركة القوة المتجددة للوقود,95,MK100
2026-05-30,7258736197,33003.7,S132A,مؤسسة سامي بن سلمان بن عامر الصاعدي للنقليات,95,MK015
2026-05-30,7258736196,33004.3,S132A,شركة النسيم الجديد المحدودة,95,MK003
2026-05-30,7258733664,32013.3,S037,شركة هال للنقليات,95,EP051
2026-05-30,7258741873,32991.2,S132,شركة النسيم الجديد المحدودة,91,MK003
2026-05-30,7258741496,31998.0,S091,Al-Nassar Transport Company,95,AS153
2026-05-30,7258741478,32000.0,S091,Al-Nassar Transport Company,95,JA041
2026-05-30,7258741464,32000.0,S091,Al-Nassar Transport Company,91,JA061
2026-05-30,7258741671,33001.9,S132,شركة النسيم الجديد المحدودة,91,MK072
2026-05-30,7258741661,33002.5,S132,شركة النسيم الجديد المحدودة,91,MK003
2026-05-30,7258747153,32001.8,S132,شركة القوة المتجددة للوقود,ديزل,MK046
2026-05-30,7258747288,32002.4,S132,شركة القوة المتجددة للوقود,ديزل,MK029
2026-05-30,7258747307,31990.9,S132,شركة القوة المتجددة للوقود,ديزل,MK014
2026-05-30,7258747876,31991.3,S132,شركة القوة المتجددة للوقود,ديزل,MK047
2026-05-30,7258748651,32008.4,S132,شركة أسطول النادر للنقليات شركة شخص واحد,91,MK005
2026-05-30,7258741764,32997.9,S132,شركة القوة المتجددة للوقود,95,MK035
2026-05-30,7258741483,31995.0,S091,Al-Nassar Transport Company,95,JA069
2026-05-30,7258741680,32991.7,S132,شركة النسيم الجديد المحدودة,91,MK020
2026-05-30,7258741690,33001.4,S132,شركة النسيم الجديد المحدودة,91,MK008
2026-05-30,7258741706,32991.7,S132,شركة النسيم الجديد المحدودة,91,MK007
2026-05-30,7258741712,33005.4,S132,شركة النسيم الجديد المحدودة,91,MK016
2026-05-30,7258741748,32990.0,S132,مؤسسة سامي بن سلمان بن عامر الصاعدي للنقليات,91,MK015
2026-05-30,7258741799,33001.5,S132,شركة النسيم الجديد المحدودة,ديزل,MK007
2026-05-30,7258742049,32001.7,S132,شركة القوة المتجددة للوقود,ديزل,MK072
2026-05-30,7258742210,31998.9,S133,مؤسسة المصودع للنقليات,95,RY042
2026-05-31,7258750462,31997.5,S132,شركة حسين زين العطاس وسعد عوض العصيمي وشركائهم,95,MK005
2026-05-31,7258749396,32001.9,S132,شركة القوة المتجددة للوقود,ديزل,MK035
2026-05-31,7258748816,32036.8,S020,Al-Nassar Transport Company,ديزل,JA056
2026-05-31,7258748815,32035.3,S020,Al-Nassar Transport Company,ديزل,JA069
2026-05-31,7258750464,31998.7,S132,شركة القوة المتجددة للوقود,95,MK046
2026-05-31,7258750465,31999.3,S132,شركة تزويد السعودية المحدودة,95,MK004
2026-05-31,7258712043,32018.0,S012,محطة منير سفير المطيري,91,RY042
2026-05-31,7258742236,32005.8,S133,شركة القوة المتجددة للوقود,95,RY075
2026-05-31,7258747439,32005.6,S142,مؤسسة مسار الطريق للنقليات,ديزل,QS055
2026-05-31,7258747846,31979.3,S133,مؤسسة المصودع للنقليات,91,RY075
2026-05-31,7258733717,31997.0,S032,شركة هال للنقليات,91,EP051
2026-05-31,7258749874,32004.8,S143,شركة هال للنقليات,91,EP051
2026-05-31,7258748958,32004.1,S183D,شركة القوة المتجددة للوقود,91,MK035
2026-05-31,7258748955,31983.8,S183D,شركة القوة المتجددة للوقود,91,MK046
2026-05-31,7258748902,33003.5,S183D,شركة القوة المتجددة للوقود,91,MK001
2026-05-31,7258749208,31993.0,S132A,شركة القوة المتجددة للوقود,ديزل,MK004
2026-05-31,7258749207,32001.4,S132A,شركة القوة المتجددة للوقود,ديزل,MK068
2026-05-31,7258749206,32001.3,S132A,شركة القوة المتجددة للوقود,ديزل,MK029
2026-05-31,7258749205,32001.5,S132A,شركة القوة المتجددة للوقود,ديزل,MK033
2026-05-31,7258748877,33001.9,S132A,شركة النسيم الجديد المحدودة,91,MK018
2026-05-31,7258748794,32994.3,S132A,شركة النسيم الجديد المحدودة,91,MK029
2026-05-31,7258736416,31993.3,S132A,شركة القوة المتجددة للوقود,95,MK001
2026-05-31,7258736415,32004.7,S132A,شركة القوة المتجددة للوقود,95,MK054
2026-05-31,7258736413,31992.3,S132A,شركة القوة المتجددة للوقود,95,MK005
2026-05-31,7258736411,32003.8,S132A,شركة القوة المتجددة للوقود,95,MK071
2026-05-31,7258736404,32998.7,S132A,شركة النسيم الجديد المحدودة,95,MK007
2026-05-31,7258736403,32998.1,S132A,شركة النسيم الجديد المحدودة,95,MK003
2026-05-31,7258736399,33004.3,S132A,شركة النسيم الجديد المحدودة,95,MK029
2026-05-31,7258736397,32991.9,S132A,شركة النسيم الجديد المحدودة,95,MK072
2026-05-31,7258736385,31989.1,S132A,شركة تزويد السعودية المحدودة,91,MK005
2026-05-31,7258736384,32001.0,S132A,شركة تزويد السعودية المحدودة,91,MK004
2026-05-31,7258736381,32001.4,S132A,شركة القوة المتجددة للوقود,91,MK071
2026-05-31,7258736380,31989.2,S132A,شركة القوة المتجددة للوقود,91,MK054
2026-05-31,7258736357,33008.2,S132A,شركة النسيم الجديد المحدودة,91,MK072
2026-05-31,7258736350,32992.6,S132A,شركة النسيم الجديد المحدودة,91,MK003
2026-05-31,7258736346,32992.0,S132A,شركة النسيم الجديد المحدودة,91,MK003
2026-05-31,7258736342,32989.7,S132A,شركة النسيم الجديد المحدودة,91,MK007
2026-05-31,7258749145,31990.3,S132A,شركة القوة المتجددة للوقود,95,MK028
2026-05-31,7258749140,31991.7,S132A,شركة القوة المتجددة للوقود,95,MK068
2026-05-31,7258749136,31999.5,S132A,شركة القوة المتجددة للوقود,95,MK047
2026-05-31,7258758015,32983.4,S132,شركة النسيم الجديد المحدودة,91,MK072
2026-05-31,7258757982,33002.0,S132,شركة النسيم الجديد المحدودة,ديزل,MK007
2026-05-31,7258757931,32992.1,S132,شركة حسين زين العطاس وسعد عوض العصيمي وشركائهم,91,MK028
2026-05-31,7258750463,32004.4,S132,شركة أسطول النادر للنقليات شركة شخص واحد,95,MK006
2026-05-31,7258748998,32989.7,S132,شركة النسيم الجديد المحدودة,91,MK003
2026-05-31,7258749000,33001.7,S132,شركة النسيم الجديد المحدودة,91,MK007
2026-05-31,7258749005,32985.7,S132,شركة القوة المتجددة للوقود,91,MK068
2026-05-31,7258749007,32991.5,S132,مؤسسة سامي بن سلمان بن عامر الصاعدي للنقليات,91,MK015
2026-05-31,7258749167,32991.3,S132,شركة أسطول النادر للنقليات شركة شخص واحد,95,MK004
2026-05-31,7258749179,33004.5,S132,شركة القوة المتجددة للوقود,95,MK063
2026-05-31,7258749191,33004.0,S132,شركة النسيم الجديد المحدودة,95,MK007
2026-05-31,7258749243,32998.5,S132,شركة النسيم الجديد المحدودة,95,MK003
2026-05-31,7258750417,32000.0,S091,Al-Nassar Transport Company,91,JA069
2026-05-31,7258748842,31998.0,S091,Al-Nassar Transport Company,91,JA053
2026-05-31,7258757202,32032.5,S020,Al-Nassar Transport Company,ديزل,JA060
2026-06-01,7258760327,32990.5,S132,شركة النسيم الجديد المحدودة,ديزل,MK007
2026-06-01,7258760310,33002.1,S132,شركة النسيم الجديد المحدودة,ديزل,MK033
2026-06-01,7258759925,33002.4,S132,شركة النسيم الجديد المحدودة,91,MK084
2026-06-01,7258759915,32989.1,S132,شركة النسيم الجديد المحدودة,91,MK002
2026-06-01,7258759907,32988.3,S132,شركة النسيم الجديد المحدودة,91,MK007
2026-06-01,7258759888,32814.8,S132,شركة حسين زين العطاس وسعد عوض العصيمي وشركائهم,91,MK031
2026-06-01,7258759862,32991.0,S132,شركة حسين زين العطاس وسعد عوض العصيمي وشركائهم,91,MK020
2026-06-01,7258759833,32986.1,S132,شركة النسيم الجديد المحدودة,91,MK008
2026-06-01,7258760540,31999.0,S091,Al-Nassar Transport Company,91,JA056
2026-06-01,7258760535,32004.0,S091,Al-Nassar Transport Company,91,JA069
2026-06-01,7258760512,31997.0,S091,Al-Nassar Transport Company,91,JA041
2026-06-01,7258760378,31992.7,S132,شركة القوة المتجددة للوقود,ديزل,MK022
2026-06-01,7258762058,33003.6,S132,شركة النسيم الجديد المحدودة,95,MK007
2026-06-01,7258762060,33002.5,S132,شركة النسيم الجديد المحدودة,95,MK029
2026-06-01,7258762064,33002.7,S132,شركة النسيم الجديد المحدودة,95,MK084
2026-06-01,7258762075,33003.3,S132,شركة القوة المتجددة للوقود,95,MK093
2026-06-01,7258760486,31991.9,S132,شركة القوة المتجددة للوقود,ديزل,MK004
2026-06-01,7258760481,32002.1,S132,شركة القوة المتجددة للوقود,ديزل,MK100
2026-06-01,7258760477,32002.0,S132,شركة القوة المتجددة للوقود,ديزل,MK018
2026-06-01,7258759982,31980.5,S132,شركة تزويد السعودية المحدودة,91,MK004
2026-06-01,7258759976,31991.5,S132,شركة أسطول النادر للنقليات شركة شخص واحد,91,MK005
2026-06-01,7258759939,33001.7,S132,شركة النسيم الجديد المحدودة,91,MK007
2026-06-01,7258759933,33001.3,S132,شركة النسيم الجديد المحدودة,91,MK072
2026-06-01,7258749600,31998.4,S142,مؤسسة مسار الطريق للنقليات,91,QS055
2026-06-01,7258760798,32024.0,S012,مؤسسة المصودع للنقليات,91,RY025
2026-06-01,7258760820,32023.0,S012,مؤسسة المصودع للنقليات,91,RY024
2026-06-01,7258749577,32001.5,S142,مؤسسة مسار الطريق للنقليات,91,HA043
2026-06-01,7258762053,33002.0,S132A,شركة النسيم الجديد المحدودة,95,MK003
2026-06-01,7258760227,32001.6,S132A,شركة القوة المتجددة للوقود,ديزل,MK046
2026-06-01,7258760226,32001.7,S132A,شركة القوة المتجددة للوقود,ديزل,MK004
2026-06-01,7258760221,32001.7,S132A,شركة القوة المتجددة للوقود,ديزل,MK014
2026-06-01,7258760143,32989.3,S132A,شركة القوة المتجددة للوقود,95,MK028
2026-06-01,7258760142,32996.2,S132A,شركة النسيم الجديد المحدودة,95,MK033
2026-06-01,7258760089,32003.7,S132A,شركة القوة المتجددة للوقود,95,MK047
2026-06-01,7258760087,32004.1,S132A,شركة القوة المتجددة للوقود,95,MK054
2026-06-01,7258760086,31997.0,S132A,شركة تزويد السعودية المحدودة,95,MK004
2026-06-01,7258759794,33001.7,S132A,شركة النسيم الجديد المحدودة,91,MK016
2026-06-01,7258759782,32991.4,S132A,شركة النسيم الجديد المحدودة,91,MK003
2026-06-01,7258759601,32007.8,S132A,شركة تزويد السعودية المحدودة,91,MK004
2026-06-01,7258759594,31992.6,S132A,شركة أسطول النادر للنقليات شركة شخص واحد,91,MK005
2026-06-01,7258759586,32007.6,S132A,شركة القوة المتجددة للوقود,91,MK093
2026-06-01,7258759582,31982.2,S132A,شركة القوة المتجددة للوقود,91,MK063
2026-06-01,7258759576,31968.4,S132A,شركة القوة المتجددة للوقود,91,MK046
2026-06-01,7258759574,31991.8,S132A,شركة القوة المتجددة للوقود,91,MK028
2026-06-01,7258759567,32001.6,S132A,شركة القوة المتجددة للوقود,91,MK006
2026-06-01,7258759563,32001.7,S132A,شركة القوة المتجددة للوقود,91,MK054
2026-06-01,7258759558,32001.5,S132A,شركة حسين زين العطاس وسعد عوض العصيمي وشركائهم,91,MK033
2026-06-01,7258759555,31991.6,S132A,شركة أسطول النادر للنقليات شركة شخص واحد,91,MK047
2026-06-01,7258759553,32001.5,S132A,شركة القوة المتجددة للوقود,91,MK022
2026-06-01,7258759546,32007.2,S132A,شركة القوة المتجددة للوقود,91,MK001
2026-06-01,7258758214,32991.7,S132A,شركة النسيم الجديد المحدودة,95,MK018
2026-06-01,7258758194,33003.5,S132A,شركة النسيم الجديد المحدودة,95,MK007
2026-06-01,7258758161,32997.4,S132A,شركة النسيم الجديد المحدودة,95,MK003
2026-06-02,7258769857,33001.2,S132,شركة أسطول النادر للنقليات شركة شخص واحد,ديزل,MK033
2026-06-02,7258770247,32002.0,S132,شركة القوة المتجددة للوقود,ديزل,MK047
2026-06-02,7258770253,32002.0,S132,شركة القوة المتجددة للوقود,ديزل,MK033
2026-06-02,7258770323,31991.4,S132,شركة القوة المتجددة للوقود,ديزل,MK004
2026-06-02,7258770552,33002.2,S132,شركة النسيم الجديد المحدودة,ديزل,MK007
2026-06-02,7258771451,31993.0,S132,شركة القوة المتجددة للوقود,95,MK046
2026-06-02,7258771453,32003.8,S132,شركة القوة المتجددة للوقود,95,MK063
2026-06-02,7258769831,31997.0,S091,Al-Nassar Transport Company,95,JA056
2026-06-02,7258771452,32003.6,S132,شركة القوة المتجددة للوقود,95,MK005
2026-06-02,7258771444,33004.2,S132,شركة تزويد السعودية المحدودة,95,MK006
2026-06-02,7258771443,32992.0,S132,شركة النسيم الجديد المحدودة,95,MK031
2026-06-02,7258771442,33004.0,S132,شركة النسيم الجديد المحدودة,95,MK016
2026-06-02,7258771441,32991.6,S132,شركة النسيم الجديد المحدودة,95,MK007
2026-06-02,7258770343,33001.7,S132,شركة النسيم الجديد المحدودة,ديزل,MK008
2026-06-02,7258776479,31997.0,S091,Al-Nassar Transport Company,95,JA041
2026-06-02,7258749624,32046.2,S142,مؤسسة مسار الطريق للنقليات,95,HA043
2026-06-02,7258770379,32005.6,S133,شركة القوة المتجددة للوقود,95,RY075
2026-06-02,7258770376,32000.4,S133,مؤسسة المصودع للنقليات,95,RY025
2026-06-02,7258749636,32018.5,S142,مؤسسة مسار الطريق للنقليات,95,QS055
2026-06-02,7258771433,33003.5,S132A,شركة النسيم الجديد المحدودة,95,MK003
2026-06-02,7258770223,31992.8,S132A,شركة القوة المتجددة للوقود,91,MK046
2026-06-02,7258770208,32990.9,S132A,شركة النسيم الجديد المحدودة,91,MK029
2026-06-02,7258770203,33002.4,S132A,شركة القوة المتجددة للوقود,91,MK006
2026-06-02,7258770201,32986.3,S132A,شركة القوة المتجددة للوقود,91,MK005
2026-06-02,7258770086,32001.4,S132A,شركة القوة المتجددة للوقود,91,MK063
2026-06-02,7258770081,32001.8,S132A,شركة القوة المتجددة للوقود,91,MK028
2026-06-02,7258770079,32001.7,S132A,شركة القوة المتجددة للوقود,91,MK100
2026-06-02,7258770055,33001.5,S132A,شركة تزويد السعودية المحدودة,91,MK004
2026-06-02,7258770053,33002.0,S132A,شركة النسيم الجديد المحدودة,91,MK008
2026-06-02,7258770049,33002.0,S132A,شركة النسيم الجديد المحدودة,91,MK072
2026-06-02,7258770048,32991.6,S132A,شركة النسيم الجديد المحدودة,91,MK003
2026-06-02,7258770046,32992.2,S132A,شركة النسيم الجديد المحدودة,91,MK007
2026-06-02,7258770042,32992.5,S132A,شركة النسيم الجديد المحدودة,91,MK018
2026-06-02,7258769278,33003.5,S132A,شركة النسيم الجديد المحدودة,95,MK008
2026-06-02,7258769256,32004.5,S132A,شركة القوة المتجددة للوقود,95,MK001
2026-06-02,7258768544,31998.1,S132A,شركة القوة المتجددة للوقود,95,BH050
2026-06-02,7258768528,33005.6,S132A,شركة النسيم الجديد المحدودة,95,MK020
2026-06-02,7258767277,32004.7,S132A,شركة القوة المتجددة للوقود,95,MK028
2026-06-02,7258767260,33003.7,S132A,شركة أسطول النادر للنقليات شركة شخص واحد,95,MK017
2026-06-02,7258767246,33004.0,S132A,شركة النسيم الجديد المحدودة,95,MK003
2026-06-02,7258767232,33004.5,S132A,شركة النسيم الجديد المحدودة,95,MK002
2026-06-02,7258760594,33001.3,S132A,شركة النسيم الجديد المحدودة,ديزل,MK007
2026-06-02,7258760592,32993.8,S132A,شركة النسيم الجديد المحدودة,ديزل,MK008
2026-06-03,7258776587,31995.0,S091,Al-Nassar Transport Company,91,AS153
2026-06-03,7258779343,31997.0,S091,Al-Nassar Transport Company,95,AS153
2026-06-03,7258769945,32002.0,S091,Al-Nassar Transport Company,95,JA069
2026-06-03,7258778581,32993.4,S132,شركة النسيم الجديد المحدودة,95,MK007
2026-06-03,7258777372,31995.2,S132,شركة القوة المتجددة للوقود,ديزل,MK046
2026-06-03,7258779374,32031.5,S020,Al-Nassar Transport Company,91,JA041
2026-06-03,7258779185,31993.7,S132,شركة القوة المتجددة للوقود,ديزل,MK028
2026-06-03,7258784994,33002.5,S132,شركة أسطول النادر للنقليات شركة شخص واحد,ديزل,MK054
2026-06-03,7258785005,32996.0,S132,شركة أسطول النادر للنقليات شركة شخص واحد,ديزل,MK054
2026-06-03,7258778392,32008.0,S132,شركة القوة المتجددة للوقود,91,BH050
2026-06-03,7258778394,31992.6,S132,شركة القوة المتجددة للوقود,91,MK035
2026-06-03,7258778398,32008.9,S132,شركة القوة المتجددة للوقود,91,MK005
2026-06-03,7258778781,32991.3,S132,شركة النسيم الجديد المحدودة,95,MK029
2026-06-03,7258779183,32001.5,S132,شركة القوة المتجددة للوقود,ديزل,MK093
2026-06-03,7258779182,32003.1,S132,شركة القوة المتجددة للوقود,ديزل,MK071
2026-06-03,7258779057,32002.1,S132,شركة القوة المتجددة للوقود,ديزل,MK014
2026-06-03,7258778974,33002.3,S132,شركة النسيم الجديد المحدودة,ديزل,MK007
2026-06-03,7258778802,32993.0,S132,مؤسسة سامي بن سلمان بن عامر الصاعدي للنقليات,95,MK015
2026-06-03,7258778968,32992.4,S132,شركة النسيم الجديد المحدودة,ديزل,MK008
2026-06-03,7258778401,32009.5,S132,شركة القوة المتجددة للوقود,91,MK006
2026-06-03,7258779458,33001.8,S132,شركة حسين زين العطاس وسعد عوض العصيمي وشركائهم,91,MK099
2026-06-03,7258784247,33000.9,S132,شركة النسيم الجديد المحدودة,91,MK007
2026-06-03,7258779438,33002.0,S132,شركة النسيم الجديد المحدودة,91,MK072
2026-06-03,7258778349,32001.3,S133,شركة القوة المتجددة للوقود,91,RY075
2026-06-03,7258778365,32005.8,S133,مؤسسة المصودع للنقليات,95,RY024
2026-06-03,7258779981,32023.0,S012,مؤسسة المصودع للنقليات,91,RY025
2026-06-03,7258778745,31994.0,S132A,شركة القوة المتجددة للوقود,ديزل,MK054
2026-06-03,7258778740,31994.2,S132A,شركة القوة المتجددة للوقود,ديزل,MK035
2026-06-03,7258778733,32002.0,S132A,شركة القوة المتجددة للوقود,ديزل,MK072
2026-06-03,7258778240,32001.8,S132A,شركة القوة المتجددة للوقود,91,MK047
2026-06-03,7258778236,31991.9,S132A,شركة أسطول النادر للنقليات شركة شخص واحد,91,MK017
2026-06-03,7258778004,33001.8,S132A,شركة القوة المتجددة للوقود,91,MK001
2026-06-03,7258777995,33001.6,S132A,مؤسسة سامي بن سلمان بن عامر الصاعدي للنقليات,91,MK015
2026-06-03,7258777991,33017.7,S132A,شركة النسيم الجديد المحدودة,91,MK071
2026-06-03,7258777983,32973.2,S132A,شركة النسيم الجديد المحدودة,91,MK003
2026-06-03,7258777977,33008.4,S132A,شركة النسيم الجديد المحدودة,91,MK084
2026-06-03,7258777966,33002.0,S132A,شركة النسيم الجديد المحدودة,91,MK020
2026-06-03,7258777959,33001.5,S132A,شركة النسيم الجديد المحدودة,91,MK029
2026-06-03,7258777951,33007.8,S132A,شركة النسيم الجديد المحدودة,91,MK016
2026-06-03,7258760165,33004.7,S132A,شركة النسيم الجديد المحدودة,95,MK072
2026-06-03,7258760153,32994.0,S132A,شركة النسيم الجديد المحدودة,95,MK003
2026-06-03,7258758406,32004.4,S132A,شركة القوة المتجددة للوقود,95,MK001
2026-06-03,7258758405,32004.3,S132A,شركة القوة المتجددة للوقود,95,MK005
2026-06-03,7258758404,31999.6,S132A,شركة أسطول النادر للنقليات شركة شخص واحد,95,MK017
2026-06-03,7258758403,31991.8,S132A,شركة القوة المتجددة للوقود,95,MK064
2026-06-03,7258758400,32000.3,S132A,شركة تزويد السعودية المحدودة,95,MK004
2026-06-03,7258764873,31979.0,S032,شركة هال للنقليات,91,EP051
2026-06-04,7258789167,33004.5,S132,شركة القوة المتجددة للوقود,95,MK035
2026-06-04,7258789163,32991.7,S132,شركة النسيم الجديد المحدودة,95,MK007
2026-06-04,7258789161,32989.1,S132,شركة النسيم الجديد المحدودة,95,MK020
2026-06-04,7258789171,33003.1,S132,مؤسسة سامي بن سلمان بن عامر الصاعدي للنقليات,95,MK015
2026-06-04,7258791128,31999.0,S091,Al-Nassar Transport Company,95,JA053
2026-06-04,7258791058,32030.4,S020,Al-Nassar Transport Company,91,AS153
2026-06-04,7258791012,32037.9,S020,Al-Nassar Transport Company,ديزل,JA061
2026-06-04,7258778583,33002.1,S132,شركة النسيم الجديد المحدودة,95,MK033
2026-06-04,7258791986,33001.8,S132,مؤسسة سامي بن سلمان بن عامر الصاعدي للنقليات,91,MK015
2026-06-04,7258791998,32002.8,S132,شركة القوة المتجددة للوقود,ديزل,MK014
2026-06-04,7258798975,32004.3,S132,شركة حسين زين العطاس وسعد عوض العصيمي وشركائهم,95,MK023
2026-06-04,7258789350,33003.7,S132,شركة النسيم الجديد المحدودة,95,MK019
2026-06-04,7258789560,33003.5,S132,شركة النسيم الجديد المحدودة,95,MK007
2026-06-04,7258790263,32001.5,S132,شركة القوة المتجددة للوقود,91,MK046
2026-06-04,7258790264,31992.0,S132,شركة القوة المتجددة للوقود,91,MK028
2026-06-04,7258790271,32008.1,S132,شركة القوة المتجددة للوقود,91,MK093
2026-06-04,7258790313,32007.6,S132,شركة القوة المتجددة للوقود,91,MK033
2026-06-04,7258790320,31991.9,S132,شركة القوة المتجددة للوقود,91,MK054
2026-06-04,7258790463,32003.7,S132,شركة أسطول النادر للنقليات شركة شخص واحد,95,MK046
2026-06-04,7258790918,32001.7,S132,شركة القوة المتجددة للوقود,ديزل,MK004
2026-06-04,7258790952,31995.4,S132,شركة القوة المتجددة للوقود,ديزل,MK046
2026-06-04,7258790412,33002.4,S132,شركة النسيم الجديد المحدودة,91,MK072
2026-06-04,7258790812,33001.8,S132,شركة النسيم الجديد المحدودة,ديزل,MK008
2026-06-04,7258791138,31998.0,S091,Al-Nassar Transport Company,95,JA061
2026-06-04,7258791187,32035.5,S020,Al-Nassar Transport Company,91,JA061
2026-06-04,7258791377,31999.8,S133,شركة القوة المتجددة للوقود,95,RY075
2026-06-04,7258790740,31994.6,S132A,شركة القوة المتجددة للوقود,ديزل,MK007
2026-06-04,7258790738,31994.0,S132A,شركة القوة المتجددة للوقود,ديزل,MK029
2026-06-04,7258790734,32002.1,S132A,شركة القوة المتجددة للوقود,ديزل,MK047
2026-06-04,7258790091,31991.4,S132A,شركة القوة المتجددة للوقود,91,MK033
2026-06-04,7258790088,31986.3,S132A,شركة القوة المتجددة للوقود,91,MK006
2026-06-04,7258790084,31988.1,S132A,شركة القوة المتجددة للوقود,91,MK022
2026-06-04,7258790080,31994.1,S132A,شركة أسطول النادر للنقليات شركة شخص واحد,91,MK017
2026-06-04,7258790074,32009.3,S132A,شركة القوة المتجددة للوقود,91,MK001
2026-06-04,7258789906,33002.5,S132A,شركة تزويد السعودية المحدودة,91,MK004
2026-06-04,7258789902,33002.5,S132A,شركة أسطول النادر للنقليات شركة شخص واحد,91,MK023
2026-06-04,7258789896,33001.3,S132A,شركة النسيم الجديد المحدودة,91,MK029
2026-06-04,7258789887,33001.6,S132A,شركة النسيم الجديد المحدودة,91,MK018
2026-06-04,7258789881,32990.7,S132A,مؤسسة سامي بن سلمان بن عامر الصاعدي للنقليات,91,MK015
2026-06-04,7258789874,33011.2,S132A,شركة النسيم الجديد المحدودة,91,MK008
2026-06-04,7258789868,33008.3,S132A,شركة النسيم الجديد المحدودة,91,MK016
2026-06-04,7258789863,33010.4,S132A,شركة النسيم الجديد المحدودة,91,MK007
2026-06-04,7258789856,32993.4,S132A,شركة النسيم الجديد المحدودة,91,MK003
2026-06-04,7258767322,32002.3,S132A,شركة القوة المتجددة للوقود,95,MK068
2026-06-04,7258767302,31992.9,S132A,شركة القوة المتجددة للوقود,95,MK047
2026-06-04,7258766823,31997.2,S132A,شركة القوة المتجددة للوقود,95,MK028
2026-06-04,7258766821,32003.5,S132A,شركة القوة المتجددة للوقود,95,MK006
2026-06-04,7258766819,32002.2,S132A,شركة القوة المتجددة للوقود,95,MK005
2026-06-04,7258766816,32001.7,S132A,شركة القوة المتجددة للوقود,95,MK063
2026-06-04,7258766709,32991.5,S132A,مؤسسة سامي بن سلمان بن عامر الصاعدي للنقليات,95,MK015
2026-06-04,7258766693,33003.9,S132A,شركة النسيم الجديد المحدودة,95,MK003
2026-06-04,7258766671,33003.7,S132A,شركة النسيم الجديد المحدودة,95,MK016
2026-06-05,7258805923,32001.9,S132,شركة القوة المتجددة للوقود,ديزل,MK004
2026-06-05,7258805921,31990.4,S132,شركة القوة المتجددة للوقود,ديزل,MK029
2026-06-05,7258805880,31993.9,S132,شركة القوة المتجددة للوقود,ديزل,MK031
2026-06-05,7258805681,32003.2,S132,شركة حسين زين العطاس وسعد عوض العصيمي وشركائهم,91,MK063
2026-06-05,7258805674,32002.6,S132,شركة حسين زين العطاس وسعد عوض العصيمي وشركائهم,91,MK068
2026-06-05,7258805669,32008.6,S132,شركة حسين زين العطاس وسعد عوض العصيمي وشركائهم,91,MK001
2026-06-05,7258805664,32001.7,S132,شركة تزويد السعودية المحدودة,91,MK004
2026-06-05,7258804711,33001.9,S132,شركة النسيم الجديد المحدودة,95,MK018
2026-06-05,7258802450,33001.6,S132,شركة النسيم الجديد المحدودة,ديزل,MK033
2026-06-05,7258775821,31990.7,S132,شركة القوة المتجددة للوقود,95,MK054
2026-06-05,7258802392,33001.5,S132,شركة النسيم الجديد المحدودة,ديزل,MK008
2026-06-05,7258802377,33012.4,S132,شركة النسيم الجديد المحدودة,ديزل,MK008
2026-06-05,7258806236,31998.0,S091,Al-Nassar Transport Company,95,JA069
2026-06-05,7258806225,32030.4,S020,Al-Nassar Transport Company,91,JA069
2026-06-05,7258806310,33002.0,S132,شركة النسيم الجديد المحدودة,ديزل,MK008
2026-06-05,7258806283,32001.7,S132,شركة القوة المتجددة للوقود,ديزل,MK004
2026-06-05,7258778824,33003.8,S132,مؤسسة سامي بن سلمان بن عامر الصاعدي للنقليات,95,MK015
2026-06-05,7258804722,32001.7,S132,شركة القوة المتجددة للوقود,95,MK099
2026-06-05,7258805884,32001.8,S132,شركة أسطول النادر للنقليات شركة شخص واحد,ديزل,MK022
2026-06-05,7258805922,32002.4,S132,شركة القوة المتجددة للوقود,ديزل,MK064
2026-06-05,7258806191,33001.8,S132,شركة النسيم الجديد المحدودة,ديزل,MK007
2026-06-05,7258805954,33001.8,S132,شركة النسيم الجديد المحدودة,91,MK007
2026-06-05,7258805054,31932.3,S184,مؤسسة المصودع للنقليات,91,RY024
2026-06-05,7258805033,32009.8,S184,مؤسسة المصودع للنقليات,95,RY025
2026-06-05,7258791220,32018.2,S133,شركة القوة المتجددة للوقود,ديزل,RY075
2026-06-05,7258805903,31993.4,S132A,شركة القوة المتجددة للوقود,ديزل,MK054
2026-06-05,7258805901,32001.8,S132A,شركة القوة المتجددة للوقود,ديزل,MK004
2026-06-05,7258805499,31774.2,S132A,شركة القوة المتجددة للوقود,91,MK005
2026-06-05,7258805482,32009.8,S132A,شركة القوة المتجددة للوقود,91,MK006
2026-06-05,7258805471,31994.7,S132A,شركة أسطول النادر للنقليات شركة شخص واحد,91,MK014
2026-06-05,7258805352,32978.6,S132A,شركة النسيم الجديد المحدودة,91,MK064
2026-06-05,7258805313,33001.8,S132A,شركة النسيم الجديد المحدودة,91,MK019
2026-06-05,7258805309,33002.0,S132A,شركة النسيم الجديد المحدودة,91,MK007
2026-06-05,7258805304,33002.0,S132A,شركة النسيم الجديد المحدودة,91,MK003
2026-06-05,7258805230,32001.8,S132A,شركة حسين زين العطاس وسعد عوض العصيمي وشركائهم,91,MK047
2026-06-05,7258804937,32977.1,S132A,شركة النسيم الجديد المحدودة,91,MK029
2026-06-05,7258804932,33008.6,S132A,شركة النسيم الجديد المحدودة,91,MK072
2026-06-05,7258804930,32992.6,S132A,شركة النسيم الجديد المحدودة,91,MK020
2026-06-05,7258804925,32992.4,S132A,شركة النسيم الجديد المحدودة,91,MK018
2026-06-05,7258804919,33001.5,S132A,شركة النسيم الجديد المحدودة,91,MK016
2026-06-05,7258804913,33002.1,S132A,شركة النسيم الجديد المحدودة,91,MK002
2026-06-05,7258804576,31998.3,S132A,شركة القوة المتجددة للوقود,95,MK022
2026-06-05,7258804559,31997.9,S132A,شركة القوة المتجددة للوقود,95,MK001
2026-06-05,7258804467,32992.4,S132A,شركة أسطول النادر للنقليات شركة شخص واحد,95,MK017
2026-06-05,7258804363,32990.0,S132A,شركة القوة المتجددة للوقود,95,MK093
2026-06-05,7258804300,33003.8,S132A,شركة تزويد السعودية المحدودة,95,MK004
2026-06-05,7258804155,33002.2,S132A,شركة النسيم الجديد المحدودة,95,MK084
2026-06-05,7258803979,32992.5,S132A,شركة النسيم الجديد المحدودة,95,MK002
2026-06-05,7258803909,32991.9,S132A,شركة النسيم الجديد المحدودة,95,MK003
2026-06-06,7258813521,31993.5,S132,شركة القوة المتجددة للوقود,ديزل,MK046
2026-06-06,7258813516,32001.4,S132,شركة القوة المتجددة للوقود,ديزل,MK018
2026-06-06,7258813513,32001.7,S132,شركة القوة المتجددة للوقود,ديزل,MK004
2026-06-06,7258813151,32002.0,S091,Al-Nassar Transport Company,95,JA060
2026-06-06,7258813152,31997.0,S091,Al-Nassar Transport Company,95,JA041
2026-06-06,7258813198,31996.0,S091,Al-Nassar Transport Company,95,AS153
2026-06-06,7258813240,32032.2,S020,Al-Nassar Transport Company,91,JA053
2026-06-06,7258813518,32001.2,S132,شركة القوة المتجددة للوقود,ديزل,MK035
2026-06-06,7258812687,31999.0,S132,شركة القوة المتجددة للوقود,95,MK006
2026-06-06,7258812688,31998.5,S132,شركة القوة المتجددة للوقود,95,MK005
2026-06-06,7258812689,31998.2,S132,شركة تزويد السعودية المحدودة,95,MK004
2026-06-06,7258819872,33002.1,S132,شركة النسيم الجديد المحدودة,ديزل,MK007
2026-06-06,7258805106,31997.3,S142,مؤسسة مسار الطريق للنقليات,91,QS055
2026-06-06,7258805104,32004.2,S142,مؤسسة مسار الطريق للنقليات,91,HA043
2026-06-06,7258789548,33004.0,S132A,شركة النسيم الجديد المحدودة,95,MK016
2026-06-06,7258789547,32998.8,S132A,شركة النسيم الجديد المحدودة,95,MK072
2026-06-06,7258789545,32989.1,S132A,شركة النسيم الجديد المحدودة,95,MK007
2026-06-06,7258789544,32998.2,S132A,شركة النسيم الجديد المحدودة,95,MK008
2026-06-06,7258789543,33002.1,S132A,شركة النسيم الجديد المحدودة,95,MK003
2026-06-06,7258791351,32014.2,S133,محطة منير سفير المطيري,ديزل,RY024
2026-06-06,7258791360,32015.3,S133,شركة القوة المتجددة للوقود,ديزل,RY042
2026-06-06,7258813845,32043.3,S133,شركة القوة المتجددة للوقود,91,RY075
2026-06-06,7258813607,32121.4,S133,شركة القوة المتجددة للوقود,95,RY075
2026-06-06,7258805149,31999.4,S142,مؤسسة مسار الطريق للنقليات,ديزل,QS055
2026-06-06,7258814816,31992.3,S132,شركة القوة المتجددة للوقود,95,MK046
2026-06-06,7258789641,32004.4,S132,شركة القوة المتجددة للوقود,95,MK028
2026-06-06,7258813385,32976.7,S132,شركة النسيم الجديد المحدودة,91,MK007
2026-06-06,7258813370,33001.8,S132A,شركة القوة المتجددة للوقود,91,MK063
2026-06-06,7258813367,32992.3,S132A,شركة النسيم الجديد المحدودة,91,MK003
2026-06-06,7258813320,31992.9,S132A,شركة القوة المتجددة للوقود,91,MK064
2026-06-06,7258813318,32001.6,S132A,شركة القوة المتجددة للوقود,91,MK035
2026-06-06,7258813317,31991.0,S132A,شركة القوة المتجددة للوقود,91,MK005
2026-06-06,7258813315,32002.4,S132A,شركة القوة المتجددة للوقود,91,MK046
2026-06-06,7258813312,32008.6,S132A,شركة القوة المتجددة للوقود,91,MK028
2026-06-06,7258813311,31995.0,S132A,شركة القوة المتجددة للوقود,91,MK071
2026-06-06,7258813228,32989.0,S132A,شركة تزويد السعودية المحدودة,91,MK004
2026-06-06,7258813227,33002.0,S132A,مؤسسة سامي بن سلمان بن عامر الصاعدي للنقليات,91,MK015
2026-06-06,7258813226,32997.4,S132A,شركة أسطول النادر للنقليات شركة شخص واحد,91,MK023
2026-06-06,7258813224,33002.3,S132A,شركة أسطول النادر للنقليات شركة شخص واحد,91,MK072
2026-06-06,7258813223,33001.8,S132A,شركة النسيم الجديد المحدودة,91,MK008
2026-06-06,7258813222,33007.5,S132A,شركة النسيم الجديد المحدودة,91,MK003
2026-06-06,7258812663,32991.6,S132A,شركة النسيم الجديد المحدودة,95,MK007
2026-06-06,7258812661,33003.9,S132A,شركة النسيم الجديد المحدودة,95,MK003
2026-06-06,7258812660,32992.2,S132A,شركة النسيم الجديد المحدودة,95,MK029
2026-06-06,7258812135,32993.0,S132A,شركة النسيم الجديد المحدودة,ديزل,MK008
2026-06-06,7258812134,33025.3,S132A,شركة النسيم الجديد المحدودة,ديزل,MK033
2026-06-06,7258790929,33004.4,S132A,شركة القوة المتجددة للوقود,95,MK047
2026-06-06,7258805675,31991.0,S032,شركة هال للنقليات,91,EP051
2026-06-07,7258804598,32025.0,S012,شركة القوة المتجددة للوقود,91,RY075
2026-06-07,7258821650,32001.3,S132,شركة القوة المتجددة للوقود,91,MK033
2026-06-07,7258821663,32007.5,S132,شركة القوة المتجددة للوقود,91,MK054
2026-06-07,7258821679,31993.4,S132,شركة القوة المتجددة للوقود,91,MK006
2026-06-07,7258820925,31998.0,S091,Al-Nassar Transport Company,95,JA053
2026-06-07,7258820789,33002.2,S132,شركة النسيم الجديد المحدودة,ديزل,MK008
2026-06-07,7258820796,32002.0,S132,شركة القوة المتجددة للوقود,ديزل,MK004
2026-06-07,7258820759,31993.2,S132A,شركة القوة المتجددة للوقود,ديزل,MK072
2026-06-07,7258820757,32002.0,S132A,شركة القوة المتجددة للوقود,ديزل,MK047
2026-06-07,7258820711,32991.8,S132A,شركة النسيم الجديد المحدودة,91,MK072
2026-06-07,7258820574,33004.8,S132A,شركة النسيم الجديد المحدودة,95,MK007
2026-06-07,7258820469,33001.7,S132A,شركة أسطول النادر للنقليات شركة شخص واحد,91,MK028
2026-06-07,7258820468,33001.5,S132A,مؤسسة سامي بن سلمان بن عامر الصاعدي للنقليات,91,MK015
2026-06-07,7258820466,33007.6,S132A,شركة النسيم الجديد المحدودة,91,MK008
2026-06-07,7258820464,32974.7,S132A,شركة تزويد السعودية المحدودة,91,MK004
2026-06-07,7258820462,33001.5,S132A,شركة القوة المتجددة للوقود,91,MK047
2026-06-07,7258820457,33001.6,S132A,شركة القوة المتجددة للوقود,91,MK022
2026-06-07,7258820330,32904.3,S132A,شركة أسطول النادر للنقليات شركة شخص واحد,91,MK017
2026-06-07,7258820327,33001.6,S132A,شركة النسيم الجديد المحدودة,91,MK084
2026-06-07,7258820320,33002.0,S132A,شركة النسيم الجديد المحدودة,91,MK007
2026-06-07,7258820312,33009.6,S132A,شركة النسيم الجديد المحدودة,91,MK020
2026-06-07,7258820304,33001.7,S132A,شركة النسيم الجديد المحدودة,91,MK016
2026-06-07,7258820298,33009.7,S132A,شركة النسيم الجديد المحدودة,91,MK003
2026-06-07,7258820291,33001.7,S132A,شركة القوة المتجددة للوقود,91,MK001
2026-06-07,7258820079,33119.2,S132A,شركة النسيم الجديد المحدودة,95,MK020
2026-06-07,7258820077,33002.1,S132A,شركة النسيم الجديد المحدودة,95,MK003
2026-06-07,7258820076,33004.6,S132A,شركة النسيم الجديد المحدودة,95,MK029
2026-06-07,7258813397,32993.3,S132A,شركة النسيم الجديد المحدودة,ديزل,MK007
2026-06-07,7258804792,32002.1,S132A,شركة القوة المتجددة للوقود,95,MK047
2026-06-07,7258804791,32003.2,S132A,شركة القوة المتجددة للوقود,95,MK071
2026-06-07,7258804789,31992.0,S132A,شركة القوة المتجددة للوقود,95,MK063
2026-06-07,7258804788,31998.0,S132A,شركة القوة المتجددة للوقود,95,MK035
2026-06-07,7258805473,32003.3,S032,شركة هال للنقليات,95,EP051
2026-06-07,7258822575,32003.4,S132,شركة أسطول النادر للنقليات شركة شخص واحد,95,MK017
2026-06-07,7258822573,33004.2,S132,شركة النسيم الجديد المحدودة,95,MK084
2026-06-07,7258822570,32991.0,S132,شركة النسيم الجديد المحدودة,95,MK008
2026-06-07,7258820651,31990.2,S132,شركة القوة المتجددة للوقود,95,MK014
2026-06-07,7258820654,31990.2,S132,شركة القوة المتجددة للوقود,95,MK064
2026-06-07,7258820664,32996.4,S132,شركة النسيم الجديد المحدودة,95,MK003
2026-06-07,7258820865,31991.9,S132,شركة القوة المتجددة للوقود,ديزل,MK014
2026-06-07,7258820721,33002.0,S132,شركة النسيم الجديد المحدودة,91,MK029
2026-06-07,7258820856,31986.4,S132,شركة القوة المتجددة للوقود,91,MK005
2026-06-07,7258820808,32007.0,S132,شركة القوة المتجددة للوقود,91,MK046
2026-06-07,7258820916,32029.4,S020,Al-Nassar Transport Company,91,AS153
2026-06-07,7258820928,31999.0,S091,Al-Nassar Transport Company,95,JA069
2026-06-07,7258821504,32017.0,S012,محطة منير سفير المطيري,91,RY025
2026-06-08,7258831938,32994.5,S132,شركة النسيم الجديد المحدودة,ديزل,MK008
2026-06-08,7258830687,31993.0,S132,شركة القوة المتجددة للوقود,95,MK001
2026-06-08,7258832218,32030.5,S020,Al-Nassar Transport Company,91,JA041
2026-06-08,7258834972,31990.7,S132,شركة القوة المتجددة للوقود,95,MK068
2026-06-08,7258834969,32998.7,S132,شركة النسيم الجديد المحدودة,95,MK033
2026-06-08,7258832189,32990.7,S132,شركة النسيم الجديد المحدودة,ديزل,MK007
2026-06-08,7258832082,33001.7,S132,شركة النسيم الجديد المحدودة,ديزل,MK008
2026-06-08,7258832234,32028.0,S020,Al-Nassar Transport Company,91,JA069
2026-06-08,7258834971,31999.8,S132,شركة القوة المتجددة للوقود,95,MK005
2026-06-08,7258811885,30997.9,S142,مؤسسة مسار الطريق للنقليات,ديزل,QS055
2026-06-08,7258832271,32035.5,S133,شركة القوة المتجددة للوقود,91,RY075
2026-06-08,7258832363,32005.8,S133,شركة القوة المتجددة للوقود,95,RY075
2026-06-08,7258832555,32000.8,S133,مؤسسة المصودع للنقليات,95,RY024
2026-06-08,7258832557,32003.4,S133,مؤسسة المصودع للنقليات,95,RY042
2026-06-08,7258832439,32010.1,S184,محطة منير سفير المطيري,95,RY025
2026-06-08,7258832618,32017.0,S012,محطة منير سفير المطيري,91,RY042
2026-06-08,7258839310,32000.0,S032,شركة هال للنقليات,91,EP051
2026-06-08,7258831866,31992.1,S132A,شركة القوة المتجددة للوقود,ديزل,MK033
2026-06-08,7258831865,32001.7,S132A,شركة القوة المتجددة للوقود,ديزل,MK047
2026-06-08,7258831855,31992.5,S132A,شركة القوة المتجددة للوقود,ديزل,MK046
2026-06-08,7258831805,32993.9,S132A,شركة النسيم الجديد المحدودة,91,MK008
2026-06-08,7258831787,33001.4,S132A,شركة النسيم الجديد المحدودة,91,MK007
2026-06-08,7258831769,32992.2,S132A,شركة النسيم الجديد المحدودة,91,MK072
2026-06-08,7258831751,31980.0,S132A,شركة القوة المتجددة للوقود,91,MK001
2026-06-08,7258831729,32031.6,S132A,شركة القوة المتجددة للوقود,91,MK093
2026-06-08,7258831537,33002.1,S132A,شركة النسيم الجديد المحدودة,91,MK031
2026-06-08,7258831532,33030.7,S132A,شركة النسيم الجديد المحدودة,91,MK007
2026-06-08,7258831531,32991.7,S132A,شركة النسيم الجديد المحدودة,91,MK018
2026-06-08,7258831514,32981.6,S132A,شركة النسيم الجديد المحدودة,91,MK003
2026-06-08,7258829838,31990.6,S132A,شركة القوة المتجددة للوقود,95,MK006
2026-06-08,7258813162,33004.1,S132A,شركة النسيم الجديد المحدودة,95,MK007
2026-06-08,7258813161,32998.9,S132A,شركة القوة المتجددة للوقود,95,MK046
2026-06-08,7258813160,32991.3,S132A,شركة القوة المتجددة للوقود,95,MK063
2026-06-08,7258813159,32992.7,S132A,شركة النسيم الجديد المحدودة,95,MK016
2026-06-08,7258813158,32992.0,S132A,شركة تزويد السعودية المحدودة,95,MK004
2026-06-08,7258813157,32992.8,S132A,شركة أسطول النادر للنقليات شركة شخص واحد,95,MK028
2026-06-08,7258813156,32998.9,S132A,شركة النسيم الجديد المحدودة,95,MK003
2026-06-08,7258813128,33005.0,S132A,شركة النسيم الجديد المحدودة,95,MK007
2026-06-09,7258842817,32031.3,S020,Al-Nassar Transport Company,ديزل,AS153
2026-06-09,7258842606,32015.0,S012,محطة منير سفير المطيري,91,RY025
2026-06-09,7258842610,32019.0,S012,شركة القوة المتجددة للوقود,91,RY024
2026-06-09,7258842614,32017.0,S012,شركة القوة المتجددة للوقود,91,RY075
2026-06-09,7258841535,32002.1,S132A,شركة القوة المتجددة للوقود,ديزل,MK014
2026-06-09,7258840986,32001.9,S132A,شركة القوة المتجددة للوقود,91,MK063
2026-06-09,7258840971,31976.9,S132A,شركة القوة المتجددة للوقود,91,MK046
2026-06-09,7258840958,31979.0,S132A,شركة القوة المتجددة للوقود,91,MK028
2026-06-09,7258840928,32007.4,S132A,شركة القوة المتجددة للوقود,91,MK068
2026-06-09,7258840907,31990.2,S132A,شركة القوة المتجددة للوقود,91,MK064
2026-06-09,7258840033,32992.5,S132A,شركة النسيم الجديد المحدودة,ديزل,MK008
2026-06-09,7258839848,32991.7,S132A,شركة تزويد السعودية المحدودة,91,MK004
2026-06-09,7258839846,33002.3,S132A,شركة أسطول النادر للنقليات شركة شخص واحد,91,MK017
2026-06-09,7258839844,32785.4,S132A,مؤسسة سامي بن سلمان بن عامر الصاعدي للنقليات,91,MK015
2026-06-09,7258839838,32979.3,S132A,شركة النسيم الجديد المحدودة,91,MK029
2026-06-09,7258839835,33038.6,S132A,شركة النسيم الجديد المحدودة,91,MK020
2026-06-09,7258839832,32990.1,S132A,شركة النسيم الجديد المحدودة,91,MK016
2026-06-09,7258839826,33007.1,S132A,شركة النسيم الجديد المحدودة,91,MK003
2026-06-09,7258820223,33005.0,S132A,شركة القوة المتجددة للوقود,95,MK001
2026-06-09,7258820094,33003.2,S132A,شركة النسيم الجديد المحدودة,95,MK029
2026-06-09,7258820092,32990.3,S132A,شركة النسيم الجديد المحدودة,95,MK003
2026-06-09,7258820089,33003.9,S132A,شركة النسيم الجديد المحدودة,95,MK023
2026-06-09,7258820080,33004.8,S132A,شركة النسيم الجديد المحدودة,95,MK020
2026-06-09,7258846518,32001.9,S132,شركة القوة المتجددة للوقود,91,MK047
2026-06-09,7258842428,33011.7,S132,شركة النسيم الجديد المحدودة,ديزل,MK007
2026-06-09,7258842420,32992.5,S132,شركة النسيم الجديد المحدودة,ديزل,MK008
2026-06-09,7258842200,31992.6,S132,شركة القوة المتجددة للوقود,ديزل,MK046
2026-06-09,7258842093,31993.7,S132,شركة القوة المتجددة للوقود,ديزل,MK022
2026-06-09,7258842086,32002.0,S132,شركة القوة المتجددة للوقود,ديزل,MK004
2026-06-09,7258842083,32013.2,S132,شركة القوة المتجددة للوقود,ديزل,MK004
2026-06-09,7258841421,32976.4,S132,شركة النسيم الجديد المحدودة,91,MK003
2026-06-09,7258841414,32983.4,S132,شركة النسيم الجديد المحدودة,91,MK072
2026-06-09,7258842826,32029.9,S020,Al-Nassar Transport Company,ديزل,JA061
2026-06-09,7258842844,31997.0,S091,Al-Nassar Transport Company,95,JA041
2026-06-10,7258839380,32002.9,S032,شركة هال للنقليات,95,EP051
2026-06-10,7258853358,32006.4,S132A,شركة القوة المتجددة للوقود,91,MK035
2026-06-10,7258853297,32993.8,S132A,شركة القوة المتجددة للوقود,91,MK033
2026-06-10,7258853286,32992.9,S132A,شركة النسيم الجديد المحدودة,91,MK019
2026-06-10,7258853280,33001.5,S132A,شركة النسيم الجديد المحدودة,91,MK007
2026-06-10,7258853274,32992.2,S132A,شركة النسيم الجديد المحدودة,91,MK008
2026-06-10,7258852780,33002.2,S132A,مؤسسة سامي بن سلمان بن عامر الصاعدي للنقليات,91,MK015
2026-06-10,7258852777,32976.0,S132A,شركة النسيم الجديد المحدودة,91,MK018
2026-06-10,7258852772,32992.5,S132A,شركة النسيم الجديد المحدودة,91,MK023
2026-06-10,7258852765,33001.6,S132A,شركة النسيم الجديد المحدودة,91,MK007
2026-06-10,7258852760,33001.5,S132A,شركة النسيم الجديد المحدودة,91,MK003
2026-06-10,7258852758,33007.1,S132A,شركة القوة المتجددة للوقود,91,MK001
2026-06-10,7258840250,32003.8,S132A,شركة القوة المتجددة للوقود,95,MK022
2026-06-10,7258839743,32992.3,S132A,شركة النسيم الجديد المحدودة,95,MK007
2026-06-10,7258853465,31994.1,S132,شركة القوة المتجددة للوقود,91,MK006
2026-06-10,7258853516,32001.7,S132,شركة القوة المتجددة للوقود,91,MK099
2026-06-10,7258853906,31995.1,S132,شركة القوة المتجددة للوقود,ديزل,MK064
2026-06-10,7258853905,32001.9,S132,شركة القوة المتجددة للوقود,ديزل,MK033
2026-06-10,7258853984,31999.0,S091,Al-Nassar Transport Company,95,JA061
2026-06-10,7258853983,32000.0,S091,Al-Nassar Transport Company,95,JA069
2026-06-10,7258853964,32031.1,S020,Al-Nassar Transport Company,91,JA060
2026-06-10,7258853963,32033.0,S020,Al-Nassar Transport Company,91,AS153
2026-06-10,7258853429,32985.1,S132,شركة أسطول النادر للنقليات شركة شخص واحد,91,MK005
2026-06-10,7258852652,31996.5,S132,شركة القوة المتجددة للوقود,95,MK093
2026-06-10,7258852594,32005.5,S132,شركة القوة المتجددة للوقود,95,MK028
2026-06-10,7258852581,32994.0,S132,شركة تزويد السعودية المحدودة,95,MK004
2026-06-10,7258852270,33001.0,S132,شركة القوة المتجددة للوقود,95,MK006
2026-06-10,7258852253,33005.3,S132,شركة النسيم الجديد المحدودة,95,MK003
2026-06-10,7258853936,32025.2,S132,شركة القوة المتجددة للوقود,ديزل,MK014
2026-06-10,7258853879,33019.4,S132,شركة النسيم الجديد المحدودة,ديزل,MK007
2026-06-10,7258853802,32994.0,S132,شركة النسيم الجديد المحدودة,ديزل,MK008
2026-06-10,7258853795,33002.0,S132,شركة النسيم الجديد المحدودة,ديزل,MK008
2026-06-10,7258853996,32029.8,S020,Al-Nassar Transport Company,91,JA056
2026-06-10,7258854009,31994.0,S091,Al-Nassar Transport Company,95,AS153
2026-06-10,7258854115,32031.1,S133,شركة القوة المتجددة للوقود,95,RY075
2026-06-10,7258853771,32001.5,S132A,شركة القوة المتجددة للوقود,ديزل,MK063
2026-06-10,7258853769,32001.5,S132A,شركة القوة المتجددة للوقود,ديزل,MK047
2026-06-10,7258853290,33006.4,S132A,شركة النسيم الجديد المحدودة,91,MK016
2026-06-10,7258853197,32993.5,S132A,شركة النسيم الجديد المحدودة,91,MK029
2026-06-10,7258853192,33001.7,S132A,شركة النسيم الجديد المحدودة,91,MK072
2026-06-10,7258841672,31993.3,S132A,شركة النسيم الجديد المحدودة,95,MK003
2026-06-10,7258841494,32999.0,S132A,شركة النسيم الجديد المحدودة,95,MK007
2026-06-10,7258840764,33004.2,S132A,شركة أسطول النادر للنقليات شركة شخص واحد,95,MK017
2026-06-10,7258840737,32991.0,S132A,شركة النسيم الجديد المحدودة,95,MK008
2026-06-10,7258840716,32006.3,S132A,شركة القوة المتجددة للوقود,95,MK005
2026-06-10,7258840259,32003.8,S132A,شركة القوة المتجددة للوقود,95,MK047
2026-06-10,7258840255,31994.0,S132A,شركة القوة المتجددة للوقود,95,MK072
2026-06-11,7258866596,32000.1,S132,شركة القوة المتجددة للوقود,95,MK035
2026-06-11,7258864212,33014.5,S132,شركة تزويد السعودية المحدودة,91,MK004
2026-06-11,7258864623,32033.3,S020,Al-Nassar Transport Company,91,JA061
2026-06-11,7258864620,32029.5,S020,Al-Nassar Transport Company,91,JA069
2026-06-11,7258866557,33005.4,S132,شركة النسيم الجديد المحدودة,95,MK029
2026-06-11,7258866560,32998.0,S132,شركة النسيم الجديد المحدودة,95,MK003
2026-06-11,7258866574,32004.5,S132,شركة القوة المتجددة للوقود,95,MK068
2026-06-11,7258866575,32006.6,S132,شركة القوة المتجددة للوقود,95,MK064
2026-06-11,7258866774,31991.0,S132,شركة القوة المتجددة للوقود,95,MK005
2026-06-11,7258864427,32993.4,S132,شركة أسطول النادر للنقليات شركة شخص واحد,91,MK028
2026-06-11,7258864390,33001.8,S132,شركة النسيم الجديد المحدودة,91,MK007
2026-06-11,7258864367,32002.3,S132,شركة القوة المتجددة للوقود,ديزل,MK072
2026-06-11,7258864351,32995.0,S132,شركة النسيم الجديد المحدودة,ديزل,MK008
2026-06-11,7258864329,32001.5,S132,شركة القوة المتجددة للوقود,ديزل,MK068
2026-06-11,7258864326,32002.4,S132,شركة القوة المتجددة للوقود,ديزل,MK033
2026-06-11,7258864322,32001.8,S132,شركة القوة المتجددة للوقود,ديزل,MK035
2026-06-11,7258864316,31993.9,S132,شركة القوة المتجددة للوقود,ديزل,MK004
2026-06-11,7258864280,31983.2,S132,شركة القوة المتجددة للوقود,91,MK054
2026-06-11,7258866137,32992.8,S132,مؤسسة سامي بن سلمان بن عامر الصاعدي للنقليات,91,MK015
2026-06-11,7258864311,32002.0,S132,شركة أسطول النادر للنقليات شركة شخص واحد,ديزل,MK071
2026-06-11,7258864639,32828.6,S020,Al-Nassar Transport Company,ديزل,JA053
2026-06-11,7258813617,32010.0,S012,شركة القوة المتجددة للوقود,ديزل,RY025
2026-06-11,7258854159,32001.0,S133,شركة القوة المتجددة للوقود,91,RY075
2026-06-11,7258864257,32024.7,S132A,شركة القوة المتجددة للوقود,ديزل,MK046
2026-06-11,7258864255,31994.1,S132A,شركة القوة المتجددة للوقود,ديزل,MK029
2026-06-11,7258864248,32002.1,S132A,شركة القوة المتجددة للوقود,ديزل,MK054
2026-06-11,7258864173,32001.9,S132A,شركة القوة المتجددة للوقود,91,MK022
2026-06-11,7258864170,31992.3,S132A,شركة القوة المتجددة للوقود,91,MK047
2026-06-11,7258864167,31991.0,S132A,شركة القوة المتجددة للوقود,91,MK005
2026-06-11,7258864165,31982.6,S132A,شركة القوة المتجددة للوقود,91,MK071
2026-06-11,7258864079,33002.0,S132A,شركة القوة المتجددة للوقود,91,MK046
2026-06-11,7258864074,32991.6,S132A,شركة القوة المتجددة للوقود,91,MK100
2026-06-11,7258864070,33001.5,S132A,شركة النسيم الجديد المحدودة,91,MK072
2026-06-11,7258864066,32989.6,S132A,شركة النسيم الجديد المحدودة,91,MK008
2026-06-11,7258863583,33001.5,S132A,شركة النسيم الجديد المحدودة,91,MK084
2026-06-11,7258863577,32991.7,S132A,شركة النسيم الجديد المحدودة,91,MK031
2026-06-11,7258863568,32991.6,S132A,شركة النسيم الجديد المحدودة,91,MK020
2026-06-11,7258863559,32977.3,S132A,شركة النسيم الجديد المحدودة,91,MK003
2026-06-11,7258863552,32992.3,S132A,شركة النسيم الجديد المحدودة,91,MK002
2026-06-11,7258852728,32003.9,S132A,شركة القوة المتجددة للوقود,95,MK046
2026-06-11,7258852727,31990.4,S132A,شركة القوة المتجددة للوقود,95,MK063
2026-06-11,7258852696,32999.2,S132A,مؤسسة سامي بن سلمان بن عامر الصاعدي للنقليات,95,MK015
2026-06-11,7258852695,33003.2,S132A,مؤسسة سامي بن سلمان بن عامر الصاعدي للنقليات,95,MK015
2026-06-11,7258852694,32991.6,S132A,شركة النسيم الجديد المحدودة,95,MK007
2026-06-11,7258852693,33003.6,S132A,شركة النسيم الجديد المحدودة,95,MK018
2026-06-11,7258852692,32991.5,S132A,شركة النسيم الجديد المحدودة,95,MK016
2026-06-11,7258852343,33004.3,S132A,شركة النسيم الجديد المحدودة,95,MK031
2026-06-12,7258877157,32001.8,S132,شركة القوة المتجددة للوقود,ديزل,MK004
2026-06-12,7258877148,31993.0,S132,شركة القوة المتجددة للوقود,ديزل,MK004
2026-06-12,7258877140,32001.6,S132,شركة القوة المتجددة للوقود,ديزل,MK047
2026-06-12,7258876931,31992.3,S132,شركة حسين زين العطاس وسعد عوض العصيمي وشركائهم,91,MK063
2026-06-12,7258876929,32001.9,S132,شركة حسين زين العطاس وسعد عوض العصيمي وشركائهم,91,MK093
2026-06-12,7258876924,32009.7,S132,شركة أسطول النادر للنقليات شركة شخص واحد,91,MK017
2026-06-12,7258866601,33001.6,S132,شركة أسطول النادر للنقليات شركة شخص واحد,ديزل,MK028
2026-06-12,7258866606,22003.3,S183,شركة أسطول النادر للنقليات شركة شخص واحد,98,MK015
2026-06-12,7258877152,32001.6,S132,شركة القوة المتجددة للوقود,ديزل,MK046
2026-06-12,7258877149,31994.0,S132,شركة أسطول النادر للنقليات شركة شخص واحد,ديزل,MK004
2026-06-12,7258877145,32001.4,S132,شركة القوة المتجددة للوقود,ديزل,MK014
2026-06-12,7258876982,33001.6,S132,شركة النسيم الجديد المحدودة,91,MK072
2026-06-12,7258876979,33002.1,S132,شركة النسيم الجديد المحدودة,91,MK007
2026-06-12,7258876977,32992.9,S132,شركة النسيم الجديد المحدودة,91,MK003
2026-06-12,7258876957,31975.7,S132,شركة القوة المتجددة للوقود,91,MK047
2026-06-12,7258876956,31994.1,S132,شركة القوة المتجددة للوقود,91,MK071
2026-06-12,7258876952,31983.5,S132,شركة القوة المتجددة للوقود,91,MK046
2026-06-12,7258876274,31962.3,S132,شركة حسين زين العطاس وسعد عوض العصيمي وشركائهم,95,MK005
2026-06-12,7258876272,31991.7,S132,شركة القوة المتجددة للوقود,95,MK028
2026-06-12,7258876253,32991.4,S132,مؤسسة سامي بن سلمان بن عامر الصاعدي للنقليات,95,MK015
2026-06-12,7258876225,33005.4,S132,شركة النسيم الجديد المحدودة,95,MK003
2026-06-12,7258876219,33004.9,S132,شركة النسيم الجديد المحدودة,95,MK007
2026-06-12,7258878342,32030.8,S020,Al-Nassar Transport Company,91,JA041
2026-06-12,7258877054,31996.0,S091,Al-Nassar Transport Company,91,AS153
2026-06-12,7258877537,31992.9,S132,شركة القوة المتجددة للوقود,ديزل,MK004
2026-06-12,7258877129,33001.9,S132,شركة النسيم الجديد المحدودة,ديزل,MK033
2026-06-12,7258854198,31998.2,S142,مؤسسة مسار الطريق للنقليات,ديزل,QS055
2026-06-12,7258873258,32005.4,S133,مؤسسة المصودع للنقليات,95,RY025
2026-06-12,7258873238,32042.9,S133,شركة القوة المتجددة للوقود,95,RY075
2026-06-12,7258877099,32993.8,S132A,شركة النسيم الجديد المحدودة,ديزل,MK008
2026-06-12,7258877057,33001.8,S132A,شركة النسيم الجديد المحدودة,ديزل,MK007
2026-06-12,7258877051,33002.0,S132A,شركة النسيم الجديد المحدودة,ديزل,MK008
2026-06-12,7258876867,32008.3,S132A,شركة القوة المتجددة للوقود,91,MK035
2026-06-12,7258876833,32001.7,S132A,شركة تزويد السعودية المحدودة,91,MK004
2026-06-12,7258876831,32001.9,S132A,شركة القوة المتجددة للوقود,91,MK006
2026-06-12,7258876828,31994.3,S132A,شركة القوة المتجددة للوقود,91,BH050
2026-06-12,7258876824,31918.8,S132A,شركة القوة المتجددة للوقود,91,MK001
2026-06-12,7258876822,31993.7,S132A,شركة القوة المتجددة للوقود,91,MK033
2026-06-12,7258876818,31990.5,S132A,شركة القوة المتجددة للوقود,91,MK001
2026-06-12,7258876421,33002.3,S132A,شركة النسيم الجديد المحدودة,91,MK029
2026-06-12,7258876420,33001.5,S132A,شركة النسيم الجديد المحدودة,91,MK003
2026-06-12,7258876414,33002.5,S132A,شركة القوة المتجددة للوقود,91,MK005
2026-06-12,7258876413,32991.8,S132A,شركة النسيم الجديد المحدودة,91,MK007
2026-06-12,7258876408,33001.8,S132A,مؤسسة سامي بن سلمان بن عامر الصاعدي للنقليات,91,MK015
2026-06-12,7258862356,32003.3,S132A,شركة تزويد السعودية المحدودة,95,MK004
2026-06-12,7258862354,31990.5,S132A,شركة القوة المتجددة للوقود,95,MK006
2026-06-12,7258862350,32003.9,S132A,شركة القوة المتجددة للوقود,95,MK047
2026-06-12,7258862338,32990.6,S132A,شركة النسيم الجديد المحدودة,95,MK007
2026-06-12,7258862333,33004.6,S132A,شركة النسيم الجديد المحدودة,95,MK003
2026-06-12,7258862331,33005.2,S132A,شركة النسيم الجديد المحدودة,95,MK008
2026-06-12,7258862330,33004.1,S132A,شركة النسيم الجديد المحدودة,95,MK020
2026-06-12,7258862326,33006.0,S132A,شركة أسطول النادر للنقليات شركة شخص واحد,95,MK017
2026-06-12,7258862323,32991.4,S132A,شركة القوة المتجددة للوقود,95,MK001
2026-06-13,7258883329,31986.9,S132,شركة تزويد السعودية المحدودة,91,MK004
2026-06-13,7258883327,32002.8,S132,شركة القوة المتجددة للوقود,91,MK006
2026-06-13,7258883179,33001.5,S132,شركة النسيم الجديد المحدودة,ديزل,MK084
2026-06-13,7258876283,32003.4,S132,شركة القوة المتجددة للوقود,95,MK054
2026-06-13,7258877076,31995.0,S091,Al-Nassar Transport Company,95,JA069
2026-06-13,7258883358,32032.8,S020,Al-Nassar Transport Company,91,JA053
2026-06-13,7258883391,32029.4,S020,Al-Nassar Transport Company,ديزل,JA060
2026-06-13,7258883055,33004.4,S132,شركة تزويد السعودية المحدودة,95,MK004
2026-06-13,7258813624,32022.0,S012,شركة القوة المتجددة للوقود,ديزل,RY042
2026-06-13,7258883856,32001.7,S132A,شركة القوة المتجددة للوقود,ديزل,MK004
2026-06-13,7258883854,32002.0,S132A,شركة القوة المتجددة للوقود,ديزل,MK100
2026-06-13,7258883851,32009.6,S132A,شركة القوة المتجددة للوقود,ديزل,MK054
2026-06-13,7258883315,31991.5,S132A,شركة القوة المتجددة للوقود,91,MK028
2026-06-13,7258883314,32002.0,S132A,شركة القوة المتجددة للوقود,91,MK005
2026-06-13,7258883313,32002.4,S132A,شركة القوة المتجددة للوقود,91,MK068
2026-06-13,7258883267,33001.9,S132A,مؤسسة سامي بن سلمان بن عامر الصاعدي للنقليات,91,MK015
2026-06-13,7258883263,33002.6,S132A,شركة النسيم الجديد المحدودة,91,MK072
2026-06-13,7258883257,33001.8,S132A,شركة النسيم الجديد المحدودة,91,MK029
2026-06-13,7258883252,33001.6,S132A,شركة النسيم الجديد المحدودة,91,MK008
2026-06-13,7258883247,33006.5,S132A,شركة النسيم الجديد المحدودة,91,MK007
2026-06-13,7258883243,32953.2,S132A,شركة النسيم الجديد المحدودة,91,MK003
2026-06-13,7258883113,32810.9,S132A,شركة النسيم الجديد المحدودة,91,MK016
2026-06-13,7258883110,33001.6,S132A,شركة النسيم الجديد المحدودة,91,MK007
2026-06-13,7258883106,33001.6,S132A,شركة النسيم الجديد المحدودة,91,MK018
2026-06-13,7258883102,33001.9,S132A,شركة النسيم الجديد المحدودة,91,MK020
2026-06-13,7258883095,32994.1,S132A,شركة النسيم الجديد المحدودة,91,MK003
2026-06-13,7258876376,32003.9,S132A,شركة القوة المتجددة للوقود,95,MK046
2026-06-13,7258876375,31992.7,S132A,شركة القوة المتجددة للوقود,95,MK005
2026-06-13,7258876355,32000.0,S132A,شركة القوة المتجددة للوقود,95,MK006
2026-06-13,7258876349,33004.7,S132A,شركة النسيم الجديد المحدودة,95,MK029
2026-06-13,7258876296,32997.4,S132A,شركة القوة المتجددة للوقود,95,MK001
2026-06-13,7258876292,32999.0,S132A,شركة النسيم الجديد المحدودة,95,MK003
2026-06-13,7258876287,32992.5,S132A,شركة النسيم الجديد المحدودة,95,MK007
2026-06-13,7258876285,33003.3,S132A,شركة النسيم الجديد المحدودة,95,MK016
2026-06-13,7258876282,32989.0,S132A,شركة النسيم الجديد المحدودة,95,MK072
2026-06-13,7258854222,31995.7,S142,مؤسسة مسار الطريق للنقليات,ديزل,HA043
2026-06-13,7258883722,31995.7,S133,مؤسسة المصودع للنقليات,95,RY024
2026-06-13,7258883614,31996.3,S133,شركة القوة المتجددة للوقود,95,RY075
2026-06-13,7258877114,32991.4,S132,شركة النسيم الجديد المحدودة,ديزل,MK008
2026-06-13,7258883048,32992.0,S132,شركة القوة المتجددة للوقود,95,MK028
2026-06-13,7258883057,31991.6,S132,شركة القوة المتجددة للوقود,95,MK022
2026-06-13,7258883061,32993.3,S132,شركة النسيم الجديد المحدودة,95,MK084
2026-06-13,7258883363,32000.0,S091,Al-Nassar Transport Company,95,JA053
2026-06-13,7258889753,31996.0,S091,Al-Nassar Transport Company,95,JA041
2026-06-14,7258890048,32010.3,S142,مؤسسة مسار الطريق للنقليات,95,QS055
2026-06-14,7258890018,32004.0,S142,مؤسسة مسار الطريق للنقليات,91,QS055
2026-06-14,7258890191,31979.0,S133,مؤسسة المصودع للنقليات,91,RY075
2026-06-14,7258883548,32020.2,S184,شركة القوة المتجددة للوقود,91,RY075
2026-06-14,7258890821,32020.7,S132,شركة القوة المتجددة للوقود,ديزل,MK063
2026-06-14,7258890800,32007.2,S132,شركة تزويد السعودية المحدودة,91,MK004
2026-06-14,7258890783,32007.4,S132,شركة القوة المتجددة للوقود,91,MK005
2026-06-14,7258890782,31974.7,S132,شركة القوة المتجددة للوقود,91,MK006
2026-06-14,7258890573,32030.6,S020,Al-Nassar Transport Company,ديزل,JA061
2026-06-14,7258890571,31997.0,S091,Al-Nassar Transport Company,95,JA056
2026-06-14,7258890566,31999.0,S091,Al-Nassar Transport Company,91,JA069
2026-06-14,7258890813,31994.5,S132,شركة القوة المتجددة للوقود,ديزل,MK064
2026-06-14,7258890927,31992.8,S132,شركة القوة المتجددة للوقود,91,MK047
2026-06-14,7258890995,32993.5,S132,شركة النسيم الجديد المحدودة,ديزل,MK033
2026-06-14,7258890836,32990.8,S132,شركة النسيم الجديد المحدودة,ديزل,MK008
2026-06-14,7258890834,32994.3,S132,شركة النسيم الجديد المحدودة,ديزل,MK007
2026-06-14,7258890824,32001.3,S132,شركة القوة المتجددة للوقود,ديزل,MK014
2026-06-14,7258890823,31990.8,S132,شركة القوة المتجددة للوقود,ديزل,MK029
2026-06-14,7258890819,32001.9,S132,شركة القوة المتجددة للوقود,ديزل,MK046
2026-06-14,7258890785,32005.8,S132,شركة القوة المتجددة للوقود,91,MK028
2026-06-14,7258890539,32001.9,S132,شركة القوة المتجددة للوقود,95,MK005
2026-06-14,7258890530,32996.5,S132,شركة القوة المتجددة للوقود,95,MK004
2026-06-14,7258890523,33003.5,S132,شركة النسيم الجديد المحدودة,95,MK020
2026-06-14,7258890514,33002.2,S132,شركة النسيم الجديد المحدودة,95,MK003
2026-06-14,7258890461,33003.5,S132,شركة تزويد السعودية المحدودة,95,MK004
2026-06-14,7258890457,32004.8,S132,شركة القوة المتجددة للوقود,95,MK099
2026-06-14,7258889651,31995.0,S032,شركة هال للنقليات,91,EP051
2026-06-14,7258890807,32002.1,S132A,شركة القوة المتجددة للوقود,ديزل,MK018
2026-06-14,7258890805,32001.5,S132A,شركة القوة المتجددة للوقود,ديزل,MK035
2026-06-14,7258890804,32001.6,S132A,شركة القوة المتجددة للوقود,ديزل,MK031
2026-06-14,7258890775,31992.3,S132A,شركة القوة المتجددة للوقود,91,MK064
2026-06-14,7258890774,31992.9,S132A,شركة القوة المتجددة للوقود,91,MK022
2026-06-14,7258890767,31993.8,S132A,شركة القوة المتجددة للوقود,91,MK046
2026-06-14,7258890766,32001.4,S132A,شركة القوة المتجددة للوقود,91,MK014
2026-06-14,7258890764,32008.0,S132A,شركة القوة المتجددة للوقود,91,MK063
2026-06-14,7258890763,31993.1,S132A,شركة القوة المتجددة للوقود,91,MK033
2026-06-14,7258890753,33002.0,S132A,شركة النسيم الجديد المحدودة,91,MK007
2026-06-14,7258890752,32991.5,S132A,شركة النسيم الجديد المحدودة,91,MK072
2026-06-14,7258890749,33022.7,S132A,شركة النسيم الجديد المحدودة,91,MK003
2026-06-14,7258890746,33025.1,S132A,شركة النسيم الجديد المحدودة,91,MK002
2026-06-14,7258890607,33001.8,S132A,شركة أسطول النادر للنقليات شركة شخص واحد,91,MK017
2026-06-14,7258890605,33008.2,S132A,شركة النسيم الجديد المحدودة,91,MK023
2026-06-14,7258890603,33002.2,S132A,شركة النسيم الجديد المحدودة,91,MK016
2026-06-14,7258890602,33018.7,S132A,شركة النسيم الجديد المحدودة,91,MK003
2026-06-14,7258883083,32003.4,S132A,شركة القوة المتجددة للوقود,95,MK028
2026-06-14,7258883082,32003.1,S132A,شركة القوة المتجددة للوقود,95,MK033
2026-06-14,7258883081,31996.7,S132A,شركة أسطول النادر للنقليات شركة شخص واحد,95,MK017
2026-06-14,7258883075,33004.1,S132A,شركة النسيم الجديد المحدودة,95,MK007
2026-06-14,7258883073,32993.1,S132A,شركة النسيم الجديد المحدودة,95,MK023
2026-06-14,7258883071,33004.3,S132A,شركة النسيم الجديد المحدودة,95,MK003
2026-06-14,7258883027,32992.4,S132A,شركة القوة المتجددة للوقود,95,MK063
2026-06-14,7258883026,32991.0,S132A,شركة القوة المتجددة للوقود,95,MK071
2026-06-14,7258883025,32991.4,S132A,شركة النسيم الجديد المحدودة,95,MK002
2026-06-15,7258898931,32006.0,S133,مؤسسة المصودع للنقليات,95,RY042
2026-06-15,7258890262,32014.0,S037,شركة هال للنقليات,95,EP051
2026-06-15,7258902134,33002.0,S132A,شركة النسيم الجديد المحدودة,91,MK003
2026-06-15,7258901992,32002.7,S132A,شركة القوة المتجددة للوقود,ديزل,MK047
2026-06-15,7258901989,31993.5,S132A,شركة القوة المتجددة للوقود,ديزل,MK054
2026-06-15,7258901985,32002.0,S132A,شركة القوة المتجددة للوقود,ديزل,MK054
2026-06-15,7258901577,33001.7,S132A,شركة النسيم الجديد المحدودة,91,MK072
2026-06-15,7258901526,32002.8,S132A,شركة القوة المتجددة للوقود,91,MK071
2026-06-15,7258901479,32008.2,S132A,شركة تزويد السعودية المحدودة,91,MK004
2026-06-15,7258901463,31990.9,S132A,شركة حسين زين العطاس وسعد عوض العصيمي وشركائهم,91,MK006
2026-06-15,7258901462,31992.4,S132A,شركة حسين زين العطاس وسعد عوض العصيمي وشركائهم,91,MK093
2026-06-15,7258901456,31993.1,S132A,شركة القوة المتجددة للوقود,91,MK001
2026-06-15,7258901455,32008.4,S132A,شركة القوة المتجددة للوقود,91,MK054
2026-06-15,7258901269,33001.0,S132A,شركة النسيم الجديد المحدودة,91,MK019
2026-06-15,7258901208,32989.3,S132A,مؤسسة سامي بن سلمان بن عامر الصاعدي للنقليات,91,MK015
2026-06-15,7258901199,33001.9,S132A,شركة النسيم الجديد المحدودة,91,MK084
2026-06-15,7258901196,32991.7,S132A,شركة النسيم الجديد المحدودة,91,MK018
2026-06-15,7258901186,33001.8,S132A,شركة النسيم الجديد المحدودة,91,MK008
2026-06-15,7258901177,33002.1,S132A,شركة النسيم الجديد المحدودة,91,MK016
2026-06-15,7258898288,32004.4,S132A,شركة القوة المتجددة للوقود,95,MK046
2026-06-15,7258890731,32998.1,S132A,شركة القوة المتجددة للوقود,95,MK006
2026-06-15,7258890730,32989.0,S132A,شركة النسيم الجديد المحدودة,95,MK008
2026-06-15,7258890729,33004.6,S132A,مؤسسة سامي بن سلمان بن عامر الصاعدي للنقليات,95,MK015
2026-06-15,7258890727,33005.2,S132A,شركة النسيم الجديد المحدودة,95,MK003
2026-06-15,7258890726,32994.3,S132A,شركة النسيم الجديد المحدودة,95,MK018
2026-06-15,7258890725,32992.5,S132A,شركة القوة المتجددة للوقود,95,MK064
2026-06-15,7258890723,32998.4,S132A,شركة النسيم الجديد المحدودة,95,MK007
2026-06-15,7258890722,33004.7,S132A,شركة النسيم الجديد المحدودة,95,MK016
2026-06-15,7258883600,32012.0,S184,شركة القوة المتجددة للوقود,91,RY075
2026-06-15,7258883638,32010.4,S184,مؤسسة المصودع للنقليات,91,RY024
2026-06-15,7258883629,32009.3,S184,مؤسسة المصودع للنقليات,91,RY025
2026-06-15,7258898875,32000.1,S133,مؤسسة المصودع للنقليات,95,RY025
2026-06-15,7258883734,32014.6,S133,شركة القوة المتجددة للوقود,ديزل,RY075
2026-06-15,7258900097,32008.8,S133,شركة القوة المتجددة للوقود,95,RY075
2026-06-15,7258900339,33003.3,S132,شركة القوة المتجددة للوقود,95,MK047
2026-06-15,7258900368,33004.4,S132,شركة النسيم الجديد المحدودة,95,MK019
2026-06-15,7258890827,32002.0,S132,شركة القوة المتجددة للوقود,ديزل,MK028
2026-06-15,7258902012,32002.5,S132,شركة القوة المتجددة للوقود,ديزل,MK054
2026-06-15,7258901941,33001.6,S132,شركة النسيم الجديد المحدودة,ديزل,MK008
2026-06-15,7258901922,33001.8,S132,شركة النسيم الجديد المحدودة,ديزل,MK007
2026-06-15,7258901860,31999.0,S091,Al-Nassar Transport Company,95,JA069
2026-06-16,7258913278,32001.7,S132A,شركة القوة المتجددة للوقود,ديزل,MK014
2026-06-16,7258912312,32984.4,S132A,شركة النسيم الجديد المحدودة,91,MK007
2026-06-16,7258912258,32992.9,S132A,شركة النسيم الجديد المحدودة,91,MK016
2026-06-16,7258912246,32991.9,S132A,شركة النسيم الجديد المحدودة,91,MK029
2026-06-16,7258912234,32989.6,S132A,شركة النسيم الجديد المحدودة,91,MK031
2026-06-16,7258912217,33024.0,S132A,شركة النسيم الجديد المحدودة,91,MK020
2026-06-16,7258912202,33001.9,S132A,شركة أسطول النادر للنقليات شركة شخص واحد,91,MK017
2026-06-16,7258911768,31992.9,S132A,شركة القوة المتجددة للوقود,91,MK046
2026-06-16,7258911753,32001.8,S132A,شركة القوة المتجددة للوقود,91,MK005
2026-06-16,7258911740,32001.6,S132A,شركة القوة المتجددة للوقود,91,MK033
2026-06-16,7258911731,32002.2,S132A,شركة القوة المتجددة للوقود,91,MK001
2026-06-16,7258899140,31997.5,S132A,شركة القوة المتجددة للوقود,95,MK035
2026-06-16,7258899121,32122.3,S132A,شركة القوة المتجددة للوقود,95,MK100
2026-06-16,7258899108,31990.6,S132A,شركة القوة المتجددة للوقود,95,MK001
2026-06-16,7258907150,32005.0,S142,مؤسسة مسار الطريق للنقليات,ديزل,QS055
2026-06-16,7258912756,31998.0,S091,Al-Nassar Transport Company,95,AS153
2026-06-16,7258912741,31997.0,S091,Al-Nassar Transport Company,91,AS153
2026-06-16,7258912716,31999.0,S091,Al-Nassar Transport Company,91,JA041
2026-06-16,7258912441,32987.3,S132,مؤسسة سامي بن سلمان بن عامر الصاعدي للنقليات,91,MK015
2026-06-16,7258913291,32001.7,S132A,شركة القوة المتجددة للوقود,ديزل,MK046
2026-06-16,7258913271,32002.4,S132A,شركة القوة المتجددة للوقود,ديزل,MK022
2026-06-16,7258911906,31985.0,S132A,شركة القوة المتجددة للوقود,91,MK064
2026-06-16,7258911899,31992.2,S132A,شركة القوة المتجددة للوقود,91,MK028
2026-06-16,7258911891,31992.3,S132A,شركة القوة المتجددة للوقود,91,MK099
2026-06-16,7258911883,32001.9,S132A,شركة القوة المتجددة للوقود,91,MK035
2026-06-16,7258899250,32990.3,S132A,شركة النسيم الجديد المحدودة,95,MK029
2026-06-16,7258899247,33003.9,S132A,شركة النسيم الجديد المحدودة,95,MK007
2026-06-16,7258899239,32993.1,S132A,شركة النسيم الجديد المحدودة,95,MK003
2026-06-16,7258899233,33004.9,S132A,شركة النسيم الجديد المحدودة,95,MK072
2026-06-16,7258899165,31990.8,S132A,شركة القوة المتجددة للوقود,95,MK047
2026-06-16,7258899129,31996.9,S132A,شركة القوة المتجددة للوقود,95,MK068
2026-06-16,7258898779,32013.4,S184,مؤسسة المصودع للنقليات,91,RY025
2026-06-16,7258883746,32013.3,S133,شركة القوة المتجددة للوقود,ديزل,RY075
2026-06-16,7258901823,31998.0,S142,مؤسسة مسار الطريق للنقليات,91,HA043
2026-06-16,7258915436,32013.0,S012,مؤسسة المصودع للنقليات,91,RY042
2026-06-16,7258913436,32001.8,S132,شركة القوة المتجددة للوقود,ديزل,MK004
2026-06-16,7258913446,32001.6,S132,شركة القوة المتجددة للوقود,ديزل,MK004
2026-06-16,7258913457,32002.1,S132,شركة القوة المتجددة للوقود,ديزل,MK035
2026-06-16,7258913469,32001.8,S132,شركة القوة المتجددة للوقود,ديزل,MK004
2026-06-16,7258913573,33001.5,S132,شركة النسيم الجديد المحدودة,ديزل,MK007
2026-06-16,7258913581,32993.8,S132,شركة النسيم الجديد المحدودة,ديزل,MK008
2026-06-16,7258912679,32994.8,S132,شركة النسيم الجديد المحدودة,91,MK072
2026-06-16,7258912475,32995.2,S132,شركة النسيم الجديد المحدودة,91,MK008
2026-06-16,7258910605,33004.6,S132,شركة القوة المتجددة للوقود,95,MK063
2026-06-16,7258910511,33003.9,S132,شركة القوة المتجددة للوقود,95,MK093
2026-06-17,7258919401,32004.0,S032,شركة هال للنقليات,91,EP051
2026-06-17,7258923435,32002.1,S132A,شركة القوة المتجددة للوقود,91,MK063
2026-06-17,7258910631,32996.4,S132A,شركة النسيم الجديد المحدودة,95,MK007
2026-06-17,7258910579,32004.1,S132A,شركة القوة المتجددة للوقود,95,MK022
2026-06-17,7258910571,31991.7,S132A,شركة القوة المتجددة للوقود,95,MK035
2026-06-17,7258910559,32004.1,S132A,شركة القوة المتجددة للوقود,95,MK014
2026-06-17,7258910554,32004.0,S132A,شركة القوة المتجددة للوقود,95,MK033
2026-06-17,7258883693,32008.9,S184,شركة القوة المتجددة للوقود,91,RY075
2026-06-17,7258915309,31989.5,S184,شركة القوة المتجددة للوقود,95,RY075
2026-06-17,7258923179,33003.9,S132,مؤسسة سامي بن سلمان بن عامر الصاعدي للنقليات,95,MK015
2026-06-17,7258923173,32988.7,S132,شركة النسيم الجديد المحدودة,95,MK084
2026-06-17,7258923164,33007.0,S132,شركة النسيم الجديد المحدودة,95,MK020
2026-06-17,7258923160,32999.0,S132,شركة أسطول النادر للنقليات شركة شخص واحد,95,MK017
2026-06-17,7258923185,32990.2,S132,شركة النسيم الجديد المحدودة,95,MK029
2026-06-17,7258910633,32004.1,S132,شركة القوة المتجددة للوقود,95,MK005
2026-06-17,7258924107,33002.1,S132,شركة النسيم الجديد المحدودة,ديزل,MK007
2026-06-17,7258924043,32001.8,S132A,شركة القوة المتجددة للوقود,ديزل,MK014
2026-06-17,7258924001,31934.0,S132A,شركة القوة المتجددة للوقود,ديزل,BH050
2026-06-17,7258923983,32001.6,S132A,شركة القوة المتجددة للوقود,ديزل,MK046
2026-06-17,7258923651,33001.6,S132A,شركة النسيم الجديد المحدودة,91,MK007
2026-06-17,7258923551,32991.3,S132A,شركة النسيم الجديد المحدودة,91,MK029
2026-06-17,7258923533,33001.8,S132A,شركة النسيم الجديد المحدودة,91,MK007
2026-06-17,7258923519,32990.5,S132A,شركة النسيم الجديد المحدودة,91,MK003
2026-06-17,7258923446,32001.6,S132A,شركة تزويد السعودية المحدودة,91,MK004
2026-06-17,7258923434,32001.9,S132A,شركة القوة المتجددة للوقود,91,MK068
2026-06-17,7258923431,31992.1,S132A,شركة القوة المتجددة للوقود,91,MK047
2026-06-17,7258922426,32990.8,S132A,شركة النسيم الجديد المحدودة,95,MK003
2026-06-17,7258910637,32990.0,S132A,شركة النسيم الجديد المحدودة,95,MK007
2026-06-17,7258910564,31989.9,S132A,شركة القوة المتجددة للوقود,95,MK054
2026-06-18,7258901805,31999.4,S142,مؤسسة مسار الطريق للنقليات,ديزل,QS055
2026-06-18,7258936760,32002.0,S012,مؤسسة المصودع للنقليات,91,RY024
2026-06-18,7258936600,32001.9,S132,شركة القوة المتجددة للوقود,ديزل,MK047
2026-06-18,7258936452,32036.9,S020,Al-Nassar Transport Company,ديزل,JA061
2026-06-18,7258936454,32030.9,S020,Al-Nassar Transport Company,ديزل,JA053
2026-06-18,7258936486,32035.2,S020,Al-Nassar Transport Company,ديزل,JA056
2026-06-18,7258936497,31999.0,S091,Al-Nassar Transport Company,91,JA069
2026-06-18,7258936518,32002.0,S091,Al-Nassar Transport Company,95,JA061
2026-06-18,7258930161,32003.2,S037,شركة هال للنقليات,95,EP051
2026-06-18,7258936404,32001.6,S132A,شركة القوة المتجددة للوقود,ديزل,MK004
2026-06-18,7258936403,32002.4,S132A,شركة القوة المتجددة للوقود,ديزل,MK004
2026-06-18,7258936399,31994.5,S132A,شركة القوة المتجددة للوقود,ديزل,MK022
2026-06-18,7258934343,32994.0,S132A,مؤسسة سامي بن سلمان بن عامر الصاعدي للنقليات,91,MK015
2026-06-18,7258934338,33007.5,S132A,شركة النسيم الجديد المحدودة,91,MK072
2026-06-18,7258934332,33008.2,S132A,شركة النسيم الجديد المحدودة,91,MK018
2026-06-18,7258934328,32976.8,S132A,شركة النسيم الجديد المحدودة,91,MK020
2026-06-18,7258934324,33002.2,S132A,شركة النسيم الجديد المحدودة,91,MK016
2026-06-18,7258934321,32991.9,S132A,شركة النسيم الجديد المحدودة,91,MK008
2026-06-18,7258934315,32984.3,S132A,شركة النسيم الجديد المحدودة,91,MK007
2026-06-18,7258934309,33002.1,S132A,شركة النسيم الجديد المحدودة,91,MK003
2026-06-18,7258934243,32001.8,S132A,شركة القوة المتجددة للوقود,91,MK028
2026-06-18,7258934240,31993.4,S132A,شركة القوة المتجددة للوقود,91,MK005
2026-06-18,7258934231,32009.6,S132A,شركة القوة المتجددة للوقود,91,MK006
2026-06-18,7258934220,32001.6,S132A,شركة القوة المتجددة للوقود,91,MK033
2026-06-18,7258934216,31994.6,S132A,شركة القوة المتجددة للوقود,91,MK022
2026-06-18,7258934213,31973.3,S132A,شركة القوة المتجددة للوقود,91,MK001
2026-06-18,7258922482,32990.6,S132A,شركة تزويد السعودية المحدودة,95,MK004
2026-06-18,7258936620,33002.0,S132,شركة النسيم الجديد المحدودة,ديزل,MK007
2026-06-18,7258936552,32001.8,S132,شركة القوة المتجددة للوقود,ديزل,MK033
2026-06-18,7258936550,31991.2,S132,شركة القوة المتجددة للوقود,ديزل,MK072
2026-06-18,7258936545,32001.6,S132,شركة القوة المتجددة للوقود,ديزل,MK064
2026-06-18,7258936543,32031.5,S132,شركة القوة المتجددة للوقود,ديزل,MK004
2026-06-18,7258936540,31995.8,S132,شركة القوة المتجددة للوقود,ديزل,MK046
2026-06-18,7258936351,32992.5,S132,مؤسسة سامي بن سلمان بن عامر الصاعدي للنقليات,91,MK071
2026-06-18,7258936347,33001.7,S132,شركة أسطول النادر للنقليات شركة شخص واحد,91,MK017
2026-06-18,7258936515,32026.6,S020,Al-Nassar Transport Company,91,JA061
2026-06-18,7258936521,31997.0,S091,Al-Nassar Transport Company,95,JA053
2026-06-18,7258936793,32039.9,S133,شركة القوة المتجددة للوقود,95,RY075
2026-06-18,7258936742,31998.9,S133,مؤسسة المصودع للنقليات,95,RY024
2026-06-18,7258922498,32001.8,S132A,شركة القوة المتجددة للوقود,95,MK064
2026-06-18,7258922497,32002.2,S132A,شركة القوة المتجددة للوقود,95,MK028
2026-06-18,7258922496,31990.5,S132A,شركة القوة المتجددة للوقود,95,MK005
2026-06-18,7258922495,32003.8,S132A,شركة القوة المتجددة للوقود,95,MK046
2026-06-18,7258922488,33003.9,S132A,شركة النسيم الجديد المحدودة,95,MK003
2026-06-18,7258922485,33003.0,S132A,شركة النسيم الجديد المحدودة,95,MK007
2026-06-18,7258922484,32989.8,S132A,شركة النسيم الجديد المحدودة,95,MK008
2026-06-18,7258922477,33004.2,S132A,مؤسسة سامي بن سلمان بن عامر الصاعدي للنقليات,95,MK071
2026-06-19,7258946829,31998.0,S091,Al-Nassar Transport Company,95,JA041
2026-06-19,7258946891,32030.9,S020,Al-Nassar Transport Company,91,AS153
2026-06-19,7258951893,32001.6,S132,شركة القوة المتجددة للوقود,ديزل,MK004
2026-06-19,7258951920,32002.1,S132,شركة القوة المتجددة للوقود,ديزل,MK014
2026-06-19,7258946727,31997.0,S091,Al-Nassar Transport Company,95,JA069
2026-06-19,7258936770,32021.0,S012,مؤسسة المصودع للنقليات,91,RY025
2026-06-19,7258936780,32007.9,S133,مؤسسة المصودع للنقليات,95,RY025
2026-06-19,7258936807,32072.5,S133,شركة القوة المتجددة للوقود,91,RY075
2026-06-19,7258930176,31991.0,S032,شركة هال للنقليات,91,EP051
2026-06-19,7258946614,32002.5,S132A,شركة القوة المتجددة للوقود,ديزل,MK033
2026-06-19,7258946603,32002.5,S132A,مؤسسة سامي بن سلمان بن عامر الصاعدي للنقليات,ديزل,MK071
2026-06-19,7258946582,33001.8,S132A,شركة النسيم الجديد المحدودة,ديزل,MK007
2026-06-19,7258946403,31991.9,S132A,شركة القوة المتجددة للوقود,91,MK001
2026-06-19,7258946411,31992.6,S132A,شركة القوة المتجددة للوقود,91,MK005
2026-06-19,7258946395,32001.9,S132A,شركة القوة المتجددة للوقود,91,MK046
2026-06-19,7258946336,32996.1,S132A,شركة النسيم الجديد المحدودة,91,MK015
2026-06-19,7258946331,32992.1,S132A,شركة تزويد السعودية المحدودة,91,MK004
2026-06-19,7258946320,32992.9,S132A,شركة النسيم الجديد المحدودة,91,MK003
2026-06-19,7258946309,32979.9,S132A,شركة النسيم الجديد المحدودة,91,MK029
2026-06-19,7258946301,32992.8,S132A,شركة النسيم الجديد المحدودة,91,MK007
2026-06-19,7258946295,32989.0,S132A,شركة النسيم الجديد المحدودة,91,MK023
2026-06-19,7258946291,33036.2,S132A,شركة النسيم الجديد المحدودة,91,MK003
2026-06-19,7258946218,33001.7,S132A,شركة النسيم الجديد المحدودة,91,MK008
2026-06-19,7258946200,32990.0,S132A,شركة النسيم الجديد المحدودة,91,MK072
2026-06-19,7258946189,32992.8,S132A,شركة النسيم الجديد المحدودة,91,MK003
2026-06-19,7258933560,31997.8,S132A,شركة القوة المتجددة للوقود,95,MK047
2026-06-19,7258933558,31992.6,S132A,شركة القوة المتجددة للوقود,95,MK063
2026-06-19,7258933354,33002.4,S132A,شركة النسيم الجديد المحدودة,95,MK003
2026-06-19,7258933353,32997.9,S132A,شركة النسيم الجديد المحدودة,95,MK016
2026-06-19,7258933349,33004.0,S132A,شركة القوة المتجددة للوقود,95,MK015
2026-06-19,7258933348,33004.9,S132A,مؤسسة سامي بن سلمان بن عامر الصاعدي للنقليات,95,MK015
2026-06-19,7258933347,33004.3,S132A,شركة القوة المتجددة للوقود,95,MK001
2026-06-20,7258953330,32993.7,S132,شركة حسين زين العطاس وسعد عوض العصيمي وشركائهم,95,MK007
2026-06-20,7258953240,32001.9,S132,شركة القوة المتجددة للوقود,91,MK047
2026-06-20,7258952922,32039.4,S020,Al-Nassar Transport Company,ديزل,AS153
2026-06-20,7258952893,32002.0,S091,Al-Nassar Transport Company,95,AS153
2026-06-20,7258953181,33001.8,S132A,شركة النسيم الجديد المحدودة,91,MK016
2026-06-20,7258953180,33001.8,S132A,شركة النسيم الجديد المحدودة,91,MK020
2026-06-20,7258953178,32984.5,S132A,شركة النسيم الجديد المحدودة,91,MK007
2026-06-20,7258953176,32987.0,S132A,شركة القوة المتجددة للوقود,91,MK001
2026-06-20,7258953175,33002.1,S132A,شركة النسيم الجديد المحدودة,91,MK003
2026-06-20,7258953174,32989.3,S132A,شركة تزويد السعودية المحدودة,91,MK004
2026-06-20,7258953157,31992.1,S132A,شركة القوة المتجددة للوقود,91,MK035
2026-06-20,7258953098,31995.0,S132A,شركة القوة المتجددة للوقود,91,MK046
2026-06-20,7258953097,31992.2,S132A,شركة القوة المتجددة للوقود,91,MK028
2026-06-20,7258953096,31993.5,S132A,شركة القوة المتجددة للوقود,91,MK005
2026-06-20,7258953093,32001.6,S132A,شركة القوة المتجددة للوقود,91,MK006
2026-06-20,7258953029,32981.6,S132A,مؤسسة سامي بن سلمان بن عامر الصاعدي للنقليات,91,MK015
2026-06-20,7258953277,33001.2,S132,شركة النسيم الجديد المحدودة,ديزل,MK007
2026-06-20,7258953285,32001.6,S132,شركة القوة المتجددة للوقود,ديزل,MK047
2026-06-20,7258953333,33001.9,S132,شركة النسيم الجديد المحدودة,91,MK003
2026-06-20,7258953250,32007.6,S132,شركة النسيم الجديد المحدودة,91,MK018
2026-06-20,7258953269,33001.9,S132,شركة النسيم الجديد المحدودة,ديزل,MK008
2026-06-20,7258952730,33003.4,S132,شركة تزويد السعودية المحدودة,95,MK004
2026-06-20,7258952708,31998.0,S132,شركة القوة المتجددة للوقود,95,MK028
2026-06-20,7258952376,32119.1,S133,شركة القوة المتجددة للوقود,95,RY075
2026-06-20,7258953218,32976.4,S132A,شركة النسيم الجديد المحدودة,91,MK072
2026-06-20,7258953217,33002.3,S132A,شركة النسيم الجديد المحدودة,91,MK029
2026-06-20,7258952972,32003.7,S132A,شركة القوة المتجددة للوقود,95,MK006
2026-06-20,7258952844,32003.3,S132A,شركة القوة المتجددة للوقود,95,MK046
2026-06-20,7258952843,31992.1,S132A,شركة القوة المتجددة للوقود,95,BH050
2026-06-20,7258952797,32990.8,S132A,شركة النسيم الجديد المحدودة,95,MK072
2026-06-20,7258952763,32999.0,S132A,شركة النسيم الجديد المحدودة,95,MK029
2026-06-20,7258952762,33003.6,S132A,شركة النسيم الجديد المحدودة,95,MK020
2026-06-20,7258952761,33004.2,S132A,شركة النسيم الجديد المحدودة,95,MK008
2026-06-20,7258952760,32998.1,S132A,شركة النسيم الجديد المحدودة,95,MK007
2026-06-20,7258952758,32997.4,S132A,شركة النسيم الجديد المحدودة,95,MK003
2026-06-21,7258959218,32001.8,S132,شركة القوة المتجددة للوقود,91,MK063
2026-06-21,7258958831,32001.4,S132A,شركة القوة المتجددة للوقود,ديزل,MK029
2026-06-21,7258958690,32001.5,S132A,شركة القوة المتجددة للوقود,91,BH050
2026-06-21,7258958669,32992.0,S132A,شركة تزويد السعودية المحدودة,91,MK004
2026-06-21,7258958651,33001.7,S132A,شركة النسيم الجديد المحدودة,91,MK003
2026-06-21,7258958397,33003.9,S132A,شركة النسيم الجديد المحدودة,95,MK018
2026-06-21,7258958393,33005.8,S132A,شركة النسيم الجديد المحدودة,95,MK016
2026-06-21,7258958386,32989.9,S132A,شركة النسيم الجديد المحدودة,95,MK003
2026-06-21,7258966065,32022.7,S132,شركة القوة المتجددة للوقود,ديزل,MK035
2026-06-21,7258959056,32001.8,S132,شركة القوة المتجددة للوقود,95,MK035
2026-06-21,7258958996,31802.1,S132,شركة القوة المتجددة للوقود,95,MK006
2026-06-21,7258958988,32004.0,S132,شركة القوة المتجددة للوقود,95,MK063
2026-06-21,7258958959,32001.5,S132,شركة القوة المتجددة للوقود,ديزل,MK014
2026-06-21,7258958323,32003.0,S091,Al-Nassar Transport Company,95,JA069
2026-06-21,7258952389,32021.0,S012,شركة القوة المتجددة للوقود,91,RY075
2026-06-21,7258958833,32002.0,S132A,شركة القوة المتجددة للوقود,ديزل,MK046
2026-06-21,7258958832,31994.2,S132A,شركة القوة المتجددة للوقود,ديزل,MK054
2026-06-21,7258958754,33009.1,S132A,شركة النسيم الجديد المحدودة,91,MK008
2026-06-21,7258958524,32993.5,S132A,شركة القوة المتجددة للوقود,95,MK017
2026-06-21,7258958522,33004.3,S132A,شركة القوة المتجددة للوقود,95,MK068
2026-06-21,7258958482,33002.3,S132A,شركة النسيم الجديد المحدودة,95,MK007
2026-06-21,7258958481,32992.9,S132A,شركة النسيم الجديد المحدودة,95,MK003
2026-06-21,7258958478,32989.5,S132A,شركة تزويد السعودية المحدودة,95,MK004
2026-06-21,7258958406,31992.3,S132A,شركة القوة المتجددة للوقود,95,MK054
2026-06-21,7258965041,31991.7,S132A,شركة القوة المتجددة للوقود,91,MK033
2026-06-21,7258965040,31986.4,S132A,شركة القوة المتجددة للوقود,91,MK064
2026-06-21,7258965039,31989.8,S132A,شركة القوة المتجددة للوقود,91,MK093
2026-06-22,7258968167,33001.8,S132,شركة القوة المتجددة للوقود,91,MK047
2026-06-22,7258968199,32030.0,S020,Al-Nassar Transport Company,91,JA069
2026-06-22,7258968206,32027.5,S020,Al-Nassar Transport Company,91,JA053
2026-06-22,7258968210,32013.0,S020,Al-Nassar Transport Company,91,AS153
2026-06-22,7258968247,32033.7,S020,Al-Nassar Transport Company,91,JA041
2026-06-22,7258969294,33002.9,S183,شركة النسيم الجديد المحدودة,91,MK020
2026-06-22,7258968411,32022.0,S012,مؤسسة المصودع للنقليات,91,RY025
2026-06-22,7258968946,33002.3,S132A,شركة تزويد السعودية المحدودة,95,MK004
2026-06-22,7258968117,32991.8,S132A,شركة القوة المتجددة للوقود,91,MK017
2026-06-22,7258968057,31979.7,S132A,شركة القوة المتجددة للوقود,91,MK006
2026-06-22,7258968055,31991.9,S132A,شركة القوة المتجددة للوقود,91,MK054
2026-06-22,7258968054,31993.4,S132A,شركة القوة المتجددة للوقود,91,MK007
2026-06-22,7258968050,31991.6,S132A,شركة القوة المتجددة للوقود,91,MK046
2026-06-22,7258968048,32002.0,S132A,شركة القوة المتجددة للوقود,91,MK028
2026-06-22,7258967957,33007.4,S132A,مؤسسة سامي بن سلمان بن عامر الصاعدي للنقليات,91,MK015
2026-06-22,7258967909,33001.4,S132A,مؤسسة سامي بن سلمان بن عامر الصاعدي للنقليات,91,MK071
2026-06-22,7258967908,32982.7,S132A,شركة النسيم الجديد المحدودة,91,MK016
2026-06-22,7258967907,33008.8,S132A,شركة النسيم الجديد المحدودة,91,MK002
2026-06-22,7258967906,32990.5,S132A,شركة النسيم الجديد المحدودة,91,MK072
2026-06-22,7258967882,33003.0,S132A,شركة النسيم الجديد المحدودة,91,MK007
2026-06-22,7258959440,32010.1,S184,شركة القوة المتجددة للوقود,91,RY075
2026-06-22,7258959402,32112.4,S184,شركة القوة المتجددة للوقود,95,RY075
2026-06-22,7258968359,32022.0,S012,مؤسسة المصودع للنقليات,91,RY042
2026-06-22,7258973532,31992.3,S132,شركة القوة المتجددة للوقود,95,MK001
2026-06-22,7258969358,33004.3,S132,شركة النسيم الجديد المحدودة,95,MK020
2026-06-22,7258969272,33003.4,S132,مؤسسة سامي بن سلمان بن عامر الصاعدي للنقليات,95,MK015
2026-06-22,7258969243,32001.6,S132,شركة القوة المتجددة للوقود,ديزل,MK046
2026-06-22,7258969155,31993.4,S132,شركة القوة المتجددة للوقود,ديزل,MK004
2026-06-22,7258969118,31994.7,S132,شركة القوة المتجددة للوقود,ديزل,MK004
2026-06-22,7258968183,32009.5,S132,شركة القوة المتجددة للوقود,91,MK063
2026-06-22,7258969032,33000.8,S132A,شركة النسيم الجديد المحدودة,ديزل,MK007
2026-06-22,7258969023,33013.2,S132A,شركة النسيم الجديد المحدودة,ديزل,MK007
2026-06-22,7258967970,33001.9,S132A,شركة النسيم الجديد المحدودة,91,MK031
2026-06-22,7258962190,33002.3,S132A,شركة النسيم الجديد المحدودة,95,MK007
2026-06-22,7258962189,33004.4,S132A,شركة النسيم الجديد المحدودة,95,MK023
2026-06-22,7258962185,33003.5,S132A,شركة النسيم الجديد المحدودة,95,MK029
2026-06-22,7258962041,32005.4,S132A,شركة القوة المتجددة للوقود,95,MK028
2026-06-22,7258962040,31990.8,S132A,شركة القوة المتجددة للوقود,95,MK005
2026-06-22,7258962039,32003.8,S132A,شركة القوة المتجددة للوقود,95,MK047
2026-06-23,7258976559,32003.7,S142,مؤسسة مسار الطريق للنقليات,91,QS055
2026-06-23,7258978203,32991.0,S132,شركة النسيم الجديد المحدودة,91,MK003
2026-06-23,7258978202,32993.1,S132,شركة النسيم الجديد المحدودة,91,MK018
2026-06-23,7258978201,33008.3,S132,شركة النسيم الجديد المحدودة,91,MK008
2026-06-23,7258978190,33024.3,S132,شركة النسيم الجديد المحدودة,91,MK007
2026-06-23,7258978181,32003.0,S132,شركة القوة المتجددة للوقود,91,MK022
2026-06-23,7258978131,32001.7,S132,شركة القوة المتجددة للوقود,91,MK006
2026-06-23,7258978125,31991.3,S132,شركة القوة المتجددة للوقود,91,MK005
2026-06-23,7258978117,31991.6,S132,شركة القوة المتجددة للوقود,91,MK033
2026-06-23,7258978108,32006.9,S132,شركة القوة المتجددة للوقود,91,MK017
2026-06-23,7258977565,32993.3,S132,شركة النسيم الجديد المحدودة,95,MK072
2026-06-23,7258978111,31992.2,S132,شركة القوة المتجددة للوقود,91,MK001
2026-06-23,7258978200,33008.4,S132,شركة النسيم الجديد المحدودة,91,MK016
2026-06-23,7258977494,32004.0,S091,Al-Nassar Transport Company,95,JA041
2026-06-23,7258978589,33002.8,S183,شركة تزويد السعودية المحدودة,91,MK004
2026-06-23,7258978330,32984.5,S183,مؤسسة سامي بن سلمان بن عامر الصاعدي للنقليات,91,MK015
2026-06-23,7258978312,32983.8,S183,شركة النسيم الجديد المحدودة,91,MK029
2026-06-23,7258978298,33002.3,S183,شركة النسيم الجديد المحدودة,91,MK072
2026-06-23,7258977505,32036.9,S020,Al-Nassar Transport Company,ديزل,JA053
2026-06-23,7258976920,32013.0,S037,شركة هال للنقليات,95,EP051
2026-06-23,7258977750,32002.1,S132A,شركة القوة المتجددة للوقود,ديزل,MK046
2026-06-23,7258977722,31993.9,S132A,شركة القوة المتجددة للوقود,ديزل,MK014
2026-06-23,7258977717,31994.7,S132A,شركة القوة المتجددة للوقود,ديزل,MK064
2026-06-23,7258977462,32990.6,S132A,شركة النسيم الجديد المحدودة,95,MK003
2026-06-23,7258977460,33001.8,S132A,شركة النسيم الجديد المحدودة,95,MK008
2026-06-23,7258977459,33004.1,S132A,شركة النسيم الجديد المحدودة,95,MK031
2026-06-23,7258977395,32003.4,S132A,شركة القوة المتجددة للوقود,95,MK099
2026-06-23,7258977391,31990.8,S132A,شركة القوة المتجددة للوقود,95,MK046
2026-06-23,7258977305,32001.6,S132A,شركة القوة المتجددة للوقود,95,MK093
2026-06-23,7258977304,32002.5,S132A,شركة القوة المتجددة للوقود,95,MK047
2026-06-23,7258977303,31991.5,S132A,شركة القوة المتجددة للوقود,95,MK017
2026-06-23,7258977299,32005.5,S132A,شركة القوة المتجددة للوقود,95,MK001
2026-06-23,7258976650,32077.5,S184,شركة القوة المتجددة للوقود,91,RY075
2026-06-23,7258978732,31992.8,S132,شركة القوة المتجددة للوقود,ديزل,MK018
2026-06-23,7258977595,33003.4,S132,شركة النسيم الجديد المحدودة,95,MK003
2026-06-23,7258977602,33003.4,S132,شركة النسيم الجديد المحدودة,95,MK007
2026-06-23,7258977611,32992.3,S132,شركة النسيم الجديد المحدودة,95,MK016
2026-06-23,7258978122,31990.2,S132,شركة القوة المتجددة للوقود,91,MK035
2026-06-23,7258978832,32983.2,S183,شركة النسيم الجديد المحدودة,91,MK084
2026-06-23,7258981722,33004.5,S183,شركة القوة المتجددة للوقود,91,MK068
2026-06-23,7258978994,32037.2,S020,Al-Nassar Transport Company,ديزل,JA061
2026-06-24,7258980591,31997.0,S032,شركة هال للنقليات,91,EP051
2026-06-24,7258984905,32990.3,S132A,شركة النسيم الجديد المحدودة,91,MK023
2026-06-24,7258984902,32991.5,S132A,شركة النسيم الجديد المحدودة,91,MK029
2026-06-24,7258984893,32991.7,S132A,شركة النسيم الجديد المحدودة,91,MK007
2026-06-24,7258984885,32993.1,S132A,شركة النسيم الجديد المحدودة,91,MK007
2026-06-24,7258984881,33007.8,S132A,شركة النسيم الجديد المحدودة,91,MK003
2026-06-24,7258984875,33007.2,S132A,شركة النسيم الجديد المحدودة,91,MK003
2026-06-24,7258984733,32990.7,S132A,شركة القوة المتجددة للوقود,91,MK001
2026-06-24,7258984721,33020.7,S132A,شركة القوة المتجددة للوقود,91,MK046
2026-06-24,7258985392,31993.0,S132,شركة القوة المتجددة للوقود,ديزل,MK047
2026-06-24,7258985402,32001.9,S132,شركة القوة المتجددة للوقود,ديزل,MK093
2026-06-24,7258985439,32993.5,S132,شركة النسيم الجديد المحدودة,91,MK072
2026-06-24,7258985537,33001.9,S132,شركة تزويد السعودية المحدودة,91,MK004
2026-06-24,7258985607,32993.6,S132,مؤسسة سامي بن سلمان بن عامر الصاعدي للنقليات,91,MK015
2026-06-24,7258985660,32001.8,S132,شركة القوة المتجددة للوقود,ديزل,MK004
2026-06-24,7258985688,32992.2,S132,شركة القوة المتجددة للوقود,91,MK093
2026-06-24,7258986426,31992.4,S132,شركة القوة المتجددة للوقود,91,MK054
2026-06-24,7258986427,32009.5,S132,شركة القوة المتجددة للوقود,91,MK005
2026-06-24,7258986441,32002.1,S132,شركة القوة المتجددة للوقود,91,MK047
2026-06-24,7258985162,31997.7,S008,شركة المسار للنقليات,ديزل,NJ219
2026-06-24,7258985755,32001.0,S091,Al-Nassar Transport Company,95,AS153
2026-06-24,7258986432,31992.9,S132,شركة القوة المتجددة للوقود,91,MK100
2026-06-24,7258987005,31992.1,S132A,شركة القوة المتجددة للوقود,95,MK033
2026-06-24,7258985103,32001.2,S132A,شركة القوة المتجددة للوقود,ديزل,MK035
2026-06-24,7258985017,33023.2,S132A,شركة النسيم الجديد المحدودة,ديزل,MK008
2026-06-24,7258984825,32995.2,S132A,شركة القوة المتجددة للوقود,91,MK063
2026-06-24,7258984668,32003.8,S132A,شركة القوة المتجددة للوقود,95,MK028
2026-06-24,7258984647,32002.0,S132A,شركة القوة المتجددة للوقود,95,MK005
2026-06-24,7258984545,32990.4,S132A,شركة النسيم الجديد المحدودة,95,MK007
2026-06-24,7258984543,32990.8,S132A,شركة النسيم الجديد المحدودة,95,MK029
2026-06-24,7258984533,33005.6,S132A,شركة القوة المتجددة للوقود,95,MK022
2026-06-24,7258984531,33001.8,S132A,شركة النسيم الجديد المحدودة,95,MK002
2026-06-24,7258984452,33003.6,S132A,شركة النسيم الجديد المحدودة,95,MK019
2026-06-24,7258984422,33003.7,S132A,شركة النسيم الجديد المحدودة,95,MK007
2026-06-24,7258982415,32006.1,S184,مؤسسة المصودع للنقليات,91,RY024
2026-06-24,7258977782,32010.0,S184,مؤسسة المصودع للنقليات,95,RY024
2026-06-24,7258977781,31989.9,S184,شركة القوة المتجددة للوقود,95,RY075
2026-06-24,7258977780,31990.4,S184,مؤسسة المصودع للنقليات,95,RY025
2026-06-24,7258976604,32001.8,S142,مؤسسة مسار الطريق للنقليات,95,QS055
2026-06-24,7258986705,31993.1,S132,شركة القوة المتجددة للوقود,95,MK006
2026-06-24,7258986414,32001.6,S132,شركة القوة المتجددة للوقود,91,MK064
2026-06-24,7258985667,31992.3,S132,شركة القوة المتجددة للوقود,ديزل,MK004
2026-06-24,7258985410,32001.4,S132,شركة القوة المتجددة للوقود,ديزل,MK014
2026-06-24,7258985311,32010.3,S132,شركة القوة المتجددة للوقود,ديزل,MK033
2026-06-24,7258985278,31992.4,S132,شركة القوة المتجددة للوقود,ديزل,MK054
2026-06-24,7258985151,32021.2,S008,شركة المسار للنقليات,95,NJ219
2026-06-24,7258994943,32013.0,S008,شركة ناقلين المحدودة,91,NJ219
2026-06-25,7258995940,32987.1,S132A,شركة النسيم الجديد المحدودة,91,MK072
2026-06-25,7258995893,32977.6,S132A,شركة النسيم الجديد المحدودة,91,MK007
2026-06-25,7258995863,33001.8,S132A,شركة النسيم الجديد المحدودة,91,MK008
2026-06-25,7258995821,33001.4,S132A,شركة النسيم الجديد المحدودة,91,MK016
2026-06-25,7258995554,32001.5,S132A,شركة القوة المتجددة للوقود,91,MK017
2026-06-25,7258995546,31990.4,S132A,شركة القوة المتجددة للوقود,91,MK028
2026-06-25,7258995536,32002.1,S132A,شركة القوة المتجددة للوقود,91,MK046
2026-06-25,7258993755,32135.1,S184,شركة القوة المتجددة للوقود,95,RY042
2026-06-25,7258993674,32010.7,S142,مؤسسة مسار الطريق للنقليات,91,HA043
2026-06-25,7258989688,31989.9,S184,شركة القوة المتجددة للوقود,95,RY025
2026-06-25,7258993531,32036.4,S133,شركة القوة المتجددة للوقود,91,RY075
2026-06-25,7258993620,32025.0,S012,شركة القوة المتجددة للوقود,91,RY025
2026-06-25,7258996140,32001.6,S132,شركة القوة المتجددة للوقود,ديزل,MK004
2026-06-25,7258996214,33001.0,S132,شركة النسيم الجديد المحدودة,ديزل,MK007
2026-06-25,7258991024,32002.0,S132,شركة القوة المتجددة للوقود,91,MK005
2026-06-25,7258996516,32028.3,S020,Al-Nassar Transport Company,91,JA041
2026-06-25,7259006077,32992.6,S132,شركة النسيم الجديد المحدودة,91,MK020
2026-06-25,7258996288,32003.7,S132,شركة القوة المتجددة للوقود,95,MK063
2026-06-25,7258996270,31990.8,S132,شركة القوة المتجددة للوقود,95,MK068
2026-06-25,7258996169,31993.1,S132,شركة القوة المتجددة للوقود,ديزل,MK004
2026-06-25,7258996187,33002.5,S132,شركة النسيم الجديد المحدودة,ديزل,MK007
2026-06-25,7259008456,32992.9,S132A,شركة النسيم الجديد المحدودة,91,MK029
2026-06-25,7258996095,31992.7,S132A,شركة القوة المتجددة للوقود,ديزل,MK033
2026-06-25,7258996094,32025.7,S132A,شركة القوة المتجددة للوقود,ديزل,MK068
2026-06-25,7258996081,31994.4,S132A,شركة القوة المتجددة للوقود,ديزل,MK022
2026-06-25,7258996021,32994.1,S132A,مؤسسة سامي بن سلمان بن عامر الصاعدي للنقليات,91,MK015
2026-06-25,7258996006,33001.8,S132A,شركة النسيم الجديد المحدودة,91,MK007
2026-06-25,7258993951,33004.3,S132A,شركة القوة المتجددة للوقود,95,MK001
2026-06-25,7258993943,33004.0,S132A,شركة النسيم الجديد المحدودة,95,MK003
2026-06-25,7258993934,33001.8,S132A,شركة النسيم الجديد المحدودة,95,MK003
2026-06-25,7258989626,33004.2,S132A,شركة النسيم الجديد المحدودة,95,MK015
2026-06-25,7258989625,33005.9,S132A,شركة تزويد السعودية المحدودة,95,MK004
2026-06-25,7258989623,33006.3,S132A,شركة النسيم الجديد المحدودة,95,MK003
2026-06-25,7258989621,33002.4,S132A,شركة القوة المتجددة للوقود,95,MK064
2026-06-25,7258989620,33002.3,S132A,شركة النسيم الجديد المحدودة,95,MK007
2026-06-25,7258989615,33003.5,S132A,شركة النسيم الجديد المحدودة,95,MK020
2026-06-26,7259006855,32022.0,S012,شركة القوة المتجددة للوقود,91,RY024
2026-06-26,7259006425,31989.8,S184,شركة القوة المتجددة للوقود,95,RY024
2026-06-26,7259006455,32011.7,S133,شركة القوة المتجددة للوقود,95,RY075
2026-06-26,7258994597,31997.2,S142,مؤسسة مسار الطريق للنقليات,ديزل,QS055
2026-06-26,7259008924,32001.5,S132,شركة القوة المتجددة للوقود,ديزل,MK004
2026-06-26,7259008923,32002.5,S132,شركة القوة المتجددة للوقود,ديزل,MK022
2026-06-26,7259008925,31992.9,S132,شركة القوة المتجددة للوقود,ديزل,MK047
2026-06-26,7259008926,31993.9,S132,شركة القوة المتجددة للوقود,ديزل,MK028
2026-06-26,7259009056,31983.4,S132,شركة القوة المتجددة للوقود,91,MK014
2026-06-26,7259008928,32001.5,S132,شركة القوة المتجددة للوقود,ديزل,MK054
2026-06-26,7259007980,32035.7,S020,Al-Nassar Transport Company,ديزل,JA061
2026-06-26,7259008927,32002.6,S132,شركة القوة المتجددة للوقود,ديزل,MK072
2026-06-26,7259009021,31994.2,S132,شركة القوة المتجددة للوقود,ديزل,MK046
2026-06-26,7259009024,32002.0,S132,شركة القوة المتجددة للوقود,ديزل,MK004
2026-06-26,7259009065,33008.0,S132,مؤسسة سامي بن سلمان بن عامر الصاعدي للنقليات,91,MK071
2026-06-26,7259009082,32991.7,S132,مؤسسة سامي بن سلمان بن عامر الصاعدي للنقليات,95,MK015
2026-06-26,7259009100,32990.7,S132,مؤسسة سامي بن سلمان بن عامر الصاعدي للنقليات,95,MK071
2026-06-26,7259009137,33004.8,S132,شركة تزويد السعودية المحدودة,95,MK004
2026-06-26,7259012450,32994.6,S132,شركة تزويد السعودية المحدودة,91,MK004
2026-06-26,7259013577,33010.9,S132,شركة النسيم الجديد المحدودة,91,MK018
2026-06-26,7259008410,32004.2,S132,شركة القوة المتجددة للوقود,95,MK047
2026-06-26,7259008400,31992.1,S132,شركة القوة المتجددة للوقود,95,MK017
2026-06-26,7259008390,32004.1,S132,شركة القوة المتجددة للوقود,95,MK046
2026-06-26,7259008385,32005.4,S132,شركة القوة المتجددة للوقود,95,MK028
2026-06-26,7259008372,31990.7,S132,شركة القوة المتجددة للوقود,95,MK005
2026-06-26,7259008362,31990.6,S132,شركة القوة المتجددة للوقود,95,MK006
2026-06-26,7259007895,31996.0,S091,Al-Nassar Transport Company,95,JA061
2026-06-26,7259013924,32035.0,S020,Al-Nassar Transport Company,ديزل,JA041
2026-06-26,7259007967,32026.0,S020,Al-Nassar Transport Company,91,JA061
2026-06-26,7259007970,32030.0,S020,Al-Nassar Transport Company,91,AS153
2026-06-26,7259007977,32035.0,S020,Al-Nassar Transport Company,ديزل,AS153
2026-06-26,7259008879,32001.8,S132A,شركة القوة المتجددة للوقود,ديزل,MK071
2026-06-26,7259008867,33006.9,S132A,شركة النسيم الجديد المحدودة,ديزل,MK008
2026-06-26,7259008857,32992.9,S132A,شركة النسيم الجديد المحدودة,ديزل,MK007
2026-06-26,7259008830,33001.6,S132A,شركة النسيم الجديد المحدودة,91,MK008
2026-06-26,7259008783,33007.5,S132A,شركة النسيم الجديد المحدودة,91,MK007
2026-06-26,7259008782,32991.5,S132A,شركة النسيم الجديد المحدودة,91,MK003
2026-06-26,7259008781,32993.5,S132A,شركة النسيم الجديد المحدودة,91,MK072
2026-06-26,7259008780,32992.4,S132A,شركة النسيم الجديد المحدودة,91,MK003
2026-06-26,7259008764,33001.9,S132A,شركة النسيم الجديد المحدودة,91,MK002
2026-06-26,7259008760,33001.8,S132A,مؤسسة سامي بن سلمان بن عامر الصاعدي للنقليات,91,MK015
2026-06-26,7259008714,32001.6,S132A,شركة القوة المتجددة للوقود,91,MK099
2026-06-26,7259008712,32002.2,S132A,شركة القوة المتجددة للوقود,91,MK028
2026-06-26,7259008711,31992.2,S132A,شركة القوة المتجددة للوقود,91,MK006
2026-06-26,7259008708,32002.7,S132A,شركة القوة المتجددة للوقود,91,MK033
2026-06-26,7259008662,33002.1,S132A,شركة القوة المتجددة للوقود,91,MK047
2026-06-26,7259008639,32993.7,S132A,شركة القوة المتجددة للوقود,91,MK001
2026-06-26,7259008336,32004.4,S132A,شركة القوة المتجددة للوقود,95,MK035
2026-06-26,7259008193,33005.5,S132A,شركة النسيم الجديد المحدودة,95,MK008
2026-06-26,7259008191,33005.4,S132A,شركة النسيم الجديد المحدودة,95,MK003
2026-06-26,7259008189,33004.2,S132A,شركة النسيم الجديد المحدودة,95,MK007
2026-06-26,7259008179,32991.7,S132A,شركة النسيم الجديد المحدودة,95,MK018
2026-06-26,7259008177,32991.5,S132A,شركة النسيم الجديد المحدودة,95,MK084
2026-06-26,7259008176,32991.3,S132A,شركة النسيم الجديد المحدودة,95,MK072
2026-06-26,7259008175,33004.6,S132A,شركة النسيم الجديد المحدودة,95,MK029
2026-06-26,7259008174,32990.6,S132A,شركة النسيم الجديد المحدودة,95,MK016
2026-06-26,7258984696,32004.4,S143,شركة هال للنقليات,ديزل,EP051
2026-06-26,7259008743,19974.0,S032,شركة هال للنقليات,91,EP051
2026-06-27,7259014767,32023.0,S012,شركة القوة المتجددة للوقود,91,RY025
2026-06-27,7259014578,32011.6,S184,شركة القوة المتجددة للوقود,91,RY075
2026-06-27,7259015621,32001.6,S132,شركة القوة المتجددة للوقود,ديزل,MK054
2026-06-27,7259015617,31994.9,S132,شركة القوة المتجددة للوقود,ديزل,MK033
2026-06-27,7259015609,32002.8,S132,شركة القوة المتجددة للوقود,ديزل,MK029
2026-06-27,7259015552,32002.1,S132,شركة القوة المتجددة للوقود,ديزل,MK054
2026-06-27,7259014236,32003.0,S091,Al-Nassar Transport Company,95,JA053
2026-06-27,7259014231,32001.0,S091,Al-Nassar Transport Company,95,JA041
2026-06-27,7259014223,32002.0,S091,Al-Nassar Transport Company,95,JA069
2026-06-27,7259014276,32029.2,S020,Al-Nassar Transport Company,91,JA069
2026-06-27,7259014269,32008.9,S020,Al-Nassar Transport Company,91,JA056
2026-06-27,7259013950,32035.7,S020,Al-Nassar Transport Company,91,JA060
2026-06-27,7259015520,33002.4,S132A,شركة تزويد السعودية المحدودة,91,MK004
2026-06-27,7259015511,32992.6,S132A,شركة النسيم الجديد المحدودة,91,MK072
2026-06-27,7259015487,32994.0,S132A,شركة النسيم الجديد المحدودة,91,MK003
2026-06-27,7259015433,32992.0,S132A,شركة النسيم الجديد المحدودة,91,MK007
2026-06-27,7259015432,33002.2,S132A,شركة النسيم الجديد المحدودة,91,MK084
2026-06-27,7259015431,33008.8,S132A,شركة النسيم الجديد المحدودة,91,MK020
2026-06-27,7259015422,32980.4,S132A,شركة النسيم الجديد المحدودة,91,MK016
2026-06-27,7259015420,33001.2,S132A,شركة النسيم الجديد المحدودة,91,MK003
2026-06-27,7259015101,32020.6,S132A,شركة القوة المتجددة للوقود,91,MK093
2026-06-27,7259015096,32001.0,S132A,شركة القوة المتجددة للوقود,91,MK006
2026-06-27,7259015094,32008.5,S132A,شركة القوة المتجددة للوقود,91,MK022
2026-06-27,7259015089,32008.4,S132A,شركة القوة المتجددة للوقود,91,MK005
2026-06-27,7259015086,31990.7,S132A,شركة القوة المتجددة للوقود,91,MK017
2026-06-27,7259015085,32007.7,S132A,شركة القوة المتجددة للوقود,91,MK028
2026-06-27,7259014939,32002.4,S132A,شركة القوة المتجددة للوقود,95,MK028
2026-06-27,7259014938,31993.1,S132A,شركة القوة المتجددة للوقود,95,MK005
2026-06-27,7259014936,32003.6,S132A,شركة القوة المتجددة للوقود,95,MK063
2026-06-27,7259014934,32004.3,S132A,شركة القوة المتجددة للوقود,95,MK001
2026-06-27,7259014914,33004.8,S132A,شركة النسيم الجديد المحدودة,95,MK002
2026-06-27,7259014911,33001.8,S132A,شركة النسيم الجديد المحدودة,95,MK007
2026-06-27,7259014909,33004.0,S132A,شركة النسيم الجديد المحدودة,95,MK023
2026-06-27,7259014907,33004.6,S132A,شركة النسيم الجديد المحدودة,95,MK019
2026-06-27,7259014904,33003.9,S132A,شركة النسيم الجديد المحدودة,95,MK003
2026-06-27,7259014888,32995.1,S132A,شركة النسيم الجديد المحدودة,ديزل,MK008
2026-06-27,7259014870,32995.0,S132A,شركة النسيم الجديد المحدودة,ديزل,MK084
2026-06-27,7259014848,32001.8,S132A,شركة القوة المتجددة للوقود,ديزل,MK100
2026-06-27,7259016020,31997.0,S032,شركة هال للنقليات,91,EP051
2026-06-27,7259014612,32067.1,S133,شركة القوة المتجددة للوقود,95,RY075
2026-06-27,7259015888,32023.0,S012,مؤسسة المصودع للنقليات,91,RY042
2026-06-27,7259015649,32993.6,S132,شركة القوة المتجددة للوقود,95,MK046
2026-06-27,7259017906,32992.7,S132,شركة النسيم الجديد المحدودة,ديزل,MK007
2026-06-27,7259018148,32001.9,S132,شركة القوة المتجددة للوقود,ديزل,MK014
2026-06-27,7259018292,32992.2,S132,شركة النسيم الجديد المحدودة,95,MK020
2026-06-27,7259018392,32978.2,S132,شركة النسيم الجديد المحدودة,91,MK003
2026-06-27,7259018512,32002.3,S132,شركة القوة المتجددة للوقود,ديزل,MK031
2026-06-27,7259015631,32001.7,S132,شركة القوة المتجددة للوقود,ديزل,MK046
2026-06-28,7259022583,32002.7,S132A,شركة القوة المتجددة للوقود,91,MK046
2026-06-28,7259022554,32994.6,S132A,شركة تزويد السعودية المحدودة,91,MK004
2026-06-28,7259022539,32990.5,S132A,شركة النسيم الجديد المحدودة,91,MK019
2026-06-28,7259022526,33001.7,S132A,شركة النسيم الجديد المحدودة,91,MK029
2026-06-28,7259022518,33001.7,S132A,شركة النسيم الجديد المحدودة,91,MK007
2026-06-28,7259022510,32991.4,S132A,شركة النسيم الجديد المحدودة,91,MK018
2026-06-28,7259022496,33001.9,S132A,شركة النسيم الجديد المحدودة,91,MK072
2026-06-28,7259022486,32981.5,S132A,شركة النسيم الجديد المحدودة,91,MK023
2026-06-28,7259022467,32993.2,S132A,شركة النسيم الجديد المحدودة,91,MK003
2026-06-28,7259022460,33006.4,S132A,مؤسسة سامي بن سلمان بن عامر الصاعدي للنقليات,91,MK015
2026-06-28,7259022451,32992.1,S132A,شركة القوة المتجددة للوقود,91,MK017
2026-06-28,7259022442,32991.5,S132A,شركة القوة المتجددة للوقود,91,MK001
2026-06-28,7259003580,31978.0,S133,شركة القوة المتجددة للوقود,ديزل,RY042
2026-06-28,7259022888,31987.7,S132,شركة القوة المتجددة للوقود,91,MK033
2026-06-28,7259022879,31993.2,S132,شركة القوة المتجددة للوقود,91,MK068
2026-06-28,7259022874,31990.6,S132,شركة القوة المتجددة للوقود,91,MK035
2026-06-28,7259022860,32012.4,S132,شركة القوة المتجددة للوقود,91,MK064
2026-06-28,7259022853,31996.5,S132,شركة القوة المتجددة للوقود,91,MK063
2026-06-28,7259021235,31997.0,S091,Al-Nassar Transport Company,95,JA069
2026-06-28,7259021273,32024.8,S020,Al-Nassar Transport Company,91,JA053
2026-06-28,7259023044,31993.9,S132A,شركة القوة المتجددة للوقود,ديزل,MK064
2026-06-28,7259022738,33004.2,S132A,شركة القوة المتجددة للوقود,95,MK064
2026-06-28,7259022730,32993.1,S132A,شركة القوة المتجددة للوقود,95,MK033
2026-06-28,7259022707,32002.0,S132A,شركة القوة المتجددة للوقود,95,MK006
2026-06-28,7259022697,32001.7,S132A,شركة القوة المتجددة للوقود,95,MK035
2026-06-28,7259022691,32004.1,S132A,شركة القوة المتجددة للوقود,95,MK063
2026-06-28,7259022688,31992.6,S132A,شركة القوة المتجددة للوقود,95,MK093
2026-06-28,7259022682,32003.4,S132A,شركة القوة المتجددة للوقود,95,MK022
2026-06-28,7259022674,32004.8,S132A,شركة القوة المتجددة للوقود,95,MK047
2026-06-28,7259022665,32002.1,S132A,شركة القوة المتجددة للوقود,95,MK017
2026-06-28,7259022643,32993.3,S132A,شركة النسيم الجديد المحدودة,ديزل,MK007
2026-06-28,7259022622,32020.0,S132A,شركة القوة المتجددة للوقود,ديزل,MK035
2026-06-28,7259022596,32001.8,S132A,شركة القوة المتجددة للوقود,91,MK006
2026-06-28,7259022566,32989.2,S132A,شركة النسيم الجديد المحدودة,91,MK008
2026-06-28,7259019924,32002.3,S037,شركة هال للنقليات,95,EP051
2026-06-28,7259021752,32013.7,S184,شركة القوة المتجددة للوقود,91,RY025
2026-06-28,7259021642,31990.4,S184,شركة القوة المتجددة للوقود,95,RY025
2026-06-28,7259021480,32009.2,S184,شركة القوة المتجددة للوقود,95,RY042
2026-06-28,7259021770,31671.2,S133,شركة القوة المتجددة للوقود,91,RY075
2026-06-28,7259023210,33002.1,S132,شركة تزويد السعودية المحدودة,95,MK004
2026-06-28,7259022987,33003.4,S132,شركة النسيم الجديد المحدودة,95,MK016
2026-06-28,7259022844,32001.8,S132,شركة القوة المتجددة للوقود,95,MK028
2026-06-28,7259022818,32003.9,S132,شركة القوة المتجددة للوقود,95,MK005
2026-06-28,7259022780,33004.6,S132,شركة النسيم الجديد المحدودة,95,MK007
2026-06-28,7259022773,32989.3,S132,شركة النسيم الجديد المحدودة,95,MK003
2026-06-28,7259021296,32028.7,S020,Al-Nassar Transport Company,91,AS153
2026-06-29,7259033443,32029.8,S132A,شركة القوة المتجددة للوقود,ديزل,MK014
2026-06-29,7259031851,32989.3,S132A,شركة النسيم الجديد المحدودة,95,MK072
2026-06-29,7259031838,32992.4,S132A,شركة القوة المتجددة للوقود,95,MK068
2026-06-29,7259031811,33004.1,S132A,شركة النسيم الجديد المحدودة,95,MK084
2026-06-29,7259031739,33003.7,S132A,شركة القوة المتجددة للوقود,95,MK001
2026-06-29,7259030805,33008.1,S132A,مؤسسة سامي بن سلمان بن عامر الصاعدي للنقليات,91,MK015
2026-06-29,7259030790,32993.1,S132A,شركة النسيم الجديد المحدودة,91,MK047
2026-06-29,7259030776,32981.3,S132A,شركة النسيم الجديد المحدودة,91,MK084
2026-06-29,7259030771,33001.6,S132A,شركة النسيم الجديد المحدودة,91,MK072
2026-06-29,7259030767,32994.9,S132A,شركة النسيم الجديد المحدودة,91,MK003
2026-06-29,7259030570,31983.3,S132A,شركة القوة المتجددة للوقود,91,MK005
2026-06-29,7259030566,32001.5,S132A,شركة القوة المتجددة للوقود,91,MK005
2026-06-29,7259030561,32002.7,S132A,شركة القوة المتجددة للوقود,91,MK028
2026-06-29,7259030511,33002.7,S132A,شركة حسين زين العطاس وسعد عوض العصيمي وشركائهم,91,MK016
2026-06-29,7259030489,32991.1,S132A,شركة النسيم الجديد المحدودة,91,MK007
2026-06-29,7259029504,31989.9,S132A,شركة القوة المتجددة للوقود,91,BH050
2026-06-29,7259034095,31993.4,S132,شركة القوة المتجددة للوقود,ديزل,MK072
2026-06-29,7259034043,32002.5,S132,شركة القوة المتجددة للوقود,ديزل,MK018
2026-06-29,7259033646,31991.5,S132,شركة القوة المتجددة للوقود,ديزل,MK047
2026-06-29,7259031226,32978.8,S132,شركة تزويد السعودية المحدودة,91,MK004
2026-06-29,7259031212,33004.1,S132,مؤسسة سامي بن سلمان بن عامر الصاعدي للنقليات,91,MK071
2026-06-29,7259033514,31998.0,S091,Al-Nassar Transport Company,95,JA060
2026-06-29,7259033582,32004.0,S091,Al-Nassar Transport Company,95,AS153
2026-06-29,7259033399,32992.6,S132A,شركة النسيم الجديد المحدودة,ديزل,MK007
2026-06-29,7259033185,32989.8,S132A,مؤسسة سامي بن سلمان بن عامر الصاعدي للنقليات,95,MK015
2026-06-29,7259033174,31992.9,S132A,شركة القوة المتجددة للوقود,95,MK054
2026-06-29,7259033164,32004.4,S132A,شركة القوة المتجددة للوقود,95,MK004
2026-06-29,7259031923,32990.6,S132A,شركة النسيم الجديد المحدودة,95,MK007
2026-06-29,7259031874,32992.0,S132A,شركة النسيم الجديد المحدودة,95,MK008
2026-06-29,7259030623,32001.8,S132A,شركة القوة المتجددة للوقود,91,MK006
2026-06-29,7259030614,31993.1,S132A,شركة القوة المتجددة للوقود,91,MK063
2026-06-29,7259043013,32988.8,S132,شركة النسيم الجديد المحدودة,95,MK003
2026-06-29,7259034747,32001.9,S132,شركة القوة المتجددة للوقود,ديزل,MK004
2026-06-29,7259034679,33001.4,S132,شركة النسيم الجديد المحدودة,ديزل,MK008
2026-06-29,7259034663,32002.6,S132,شركة القوة المتجددة للوقود,ديزل,MK046
2026-06-29,7259034566,31992.5,S132,شركة القوة المتجددة للوقود,ديزل,MK033
2026-06-29,7259031049,32989.2,S132,شركة النسيم الجديد المحدودة,95,MK007
2026-06-29,7259031052,32991.2,S132,شركة النسيم الجديد المحدودة,95,MK029
2026-06-29,7259031099,33007.0,S132,شركة النسيم الجديد المحدودة,91,MK029
2026-06-29,7259021785,32096.8,S133,شركة القوة المتجددة للوقود,95,RY075
2026-06-29,7259023387,32004.0,S142,مؤسسة مسار الطريق للنقليات,95,HA043
2026-06-29,7259035182,31997.2,S142,مؤسسة مسار الطريق للنقليات,ديزل,QS055
2026-06-30,7259046731,33001.9,S132A,شركة النسيم الجديد المحدودة,ديزل,MK007
2026-06-30,7259046667,32001.8,S132A,شركة القوة المتجددة للوقود,91,MK054
2026-06-30,7259046662,31988.8,S132A,شركة القوة المتجددة للوقود,91,MK028
2026-06-30,7259046666,31993.4,S132A,شركة القوة المتجددة للوقود,91,MK005
2026-06-30,7259046665,31992.6,S132A,شركة القوة المتجددة للوقود,91,MK035
2026-06-30,7259046651,32001.3,S132A,شركة القوة المتجددة للوقود,91,MK046
2026-06-30,7259046621,33002.2,S132A,شركة النسيم الجديد المحدودة,91,MK031
2026-06-30,7259046586,33001.7,S132A,شركة النسيم الجديد المحدودة,91,MK007
2026-06-30,7259046584,33007.1,S132A,شركة النسيم الجديد المحدودة,91,MK016
2026-06-30,7259046581,32979.1,S132A,شركة النسيم الجديد المحدودة,91,MK072
2026-06-30,7259046576,33001.9,S132A,شركة القوة المتجددة للوقود,91,MK001
2026-06-30,7259046574,32991.8,S132A,شركة القوة المتجددة للوقود,91,MK047
2026-06-30,7259046293,31992.9,S132,شركة القوة المتجددة للوقود,ديزل,MK004
2026-06-30,7259046830,31992.7,S132,شركة القوة المتجددة للوقود,ديزل,MK033
2026-06-30,7259046832,32001.8,S132,شركة القوة المتجددة للوقود,ديزل,MK047
2026-06-30,7259046833,32001.8,S132,شركة القوة المتجددة للوقود,ديزل,MK046
2026-06-30,7259046927,33044.1,S132,شركة النسيم الجديد المحدودة,ديزل,MK008
2026-06-30,7259048288,32989.4,S132,شركة النسيم الجديد المحدودة,91,MK003
2026-06-30,7259048297,32992.9,S132,شركة تزويد السعودية المحدودة,91,MK004
2026-06-30,7259048309,32001.6,S132,شركة القوة المتجددة للوقود,91,MK006
2026-06-30,7259048821,31999.4,S132,شركة حسين زين العطاس وسعد عوض العصيمي وشركائهم,95,MK006
2026-06-30,7259043276,31998.0,S091,Al-Nassar Transport Company,95,JA041
2026-06-30,7259043285,32005.0,S091,Al-Nassar Transport Company,95,JA053
2026-06-30,7259043315,32003.0,S091,Al-Nassar Transport Company,95,JA056
2026-06-30,7259043459,32031.1,S020,Al-Nassar Transport Company,91,JA041
2026-06-30,7259043445,32029.4,S020,Al-Nassar Transport Company,91,JA069
2026-06-30,7259043402,32031.8,S020,Al-Nassar Transport Company,91,JA061
2026-06-30,7259043388,32031.0,S020,Al-Nassar Transport Company,91,AS153
2026-06-30,7259043472,32032.2,S020,Al-Nassar Transport Company,ديزل,JA061
2026-06-30,7259043750,32020.0,S012,شركة القوة المتجددة للوقود,91,RY024
2026-06-30,7259043645,31999.1,S142,مؤسسة مسار الطريق للنقليات,91,QS055
2026-06-30,7259046761,32021.6,S132A,شركة القوة المتجددة للوقود,ديزل,MK014
2026-06-30,7259046742,32002.4,S132A,شركة القوة المتجددة للوقود,ديزل,MK028
2026-06-30,7259046630,32976.7,S132A,شركة النسيم الجديد المحدودة,91,MK020
2026-06-30,7259046571,32992.2,S132A,شركة النسيم الجديد المحدودة,91,MK003
2026-06-30,7259046521,33003.8,S132A,شركة النسيم الجديد المحدودة,95,MK003
2026-06-30,7259046520,33001.9,S132A,مؤسسة سامي بن سلمان بن عامر الصاعدي للنقليات,95,MK015
2026-06-30,7259046516,33002.0,S132A,شركة النسيم الجديد المحدودة,95,MK029
2026-06-30,7259046467,32990.6,S132A,شركة القوة المتجددة للوقود,95,MK047
2026-06-30,7259046473,32991.1,S132A,شركة النسيم الجديد المحدودة,95,MK003
2026-06-30,7259046464,33004.2,S132A,شركة القوة المتجددة للوقود,95,MK006
2026-06-30,7259046462,32993.2,S132A,شركة تزويد السعودية المحدودة,95,MK004
2026-06-30,7259046460,33003.7,S132A,شركة النسيم الجديد المحدودة,95,MK007
2026-06-30,7259046809,32002.0,S132,شركة القوة المتجددة للوقود,ديزل,MK054
2026-06-30,7259046942,31989.2,S132,شركة القوة المتجددة للوقود,95,MK014
2026-06-30,7259046952,32004.3,S132,شركة القوة المتجددة للوقود,95,MK046
2026-06-30,7259046954,31990.8,S132,شركة القوة المتجددة للوقود,95,MK063
2026-06-30,7259046957,32001.7,S132,شركة القوة المتجددة للوقود,95,MK099
2026-06-30,7259046958,31991.3,S132,شركة القوة المتجددة للوقود,95,MK035
2026-06-30,7259047044,32003.6,S132,شركة القوة المتجددة للوقود,95,MK017
2026-06-30,7259047073,32001.8,S132,شركة القوة المتجددة للوقود,95,MK001
2026-06-30,7259047131,31991.2,S132,شركة القوة المتجددة للوقود,95,MK005
2026-06-30,7259047147,32993.5,S132,شركة النسيم الجديد المحدودة,95,MK020
2026-06-30,7259048277,32993.8,S132,شركة النسيم الجديد المحدودة,91,MK018
2026-06-30,7259057329,33001.7,S132,شركة حسين زين العطاس وسعد عوض العصيمي وشركائهم,91,MK008
2026-06-30,7259043821,31908.3,S133,شركة القوة المتجددة للوقود,91,RY075
2026-06-30,7259043910,32009.9,S184,شركة القوة المتجددة للوقود,95,RY024
2026-06-30,7259046955,32004.0,S132,شركة القوة المتجددة للوقود,95,MK028
